board,mark,label,move_num
000000000000000000000000000000000000000000,1,L,1
000000000000000000000000000000000000001000,2,W,2
000000000000000000000000000000020000001000,1,L,3
000000000000000000000000100000020000001000,2,W,4
000000000000000002000000100000020000001000,1,L,5
000000000000000002000000100000020000001010,2,W,6
000000000020000002000000100000020000001010,1,L,7
000100000020000002000000100000020000001010,2,W,8
000100000020000002000000100000020000001210,1,L,9
000100000020000002000000100000020000001211,2,W,10
000100000020000002000000100000022000001211,1,L,11
000100000020000002000000100000022010001211,2,W,12
000100000020000002000000120000022010001211,1,L,13
000100000020000002000000120100022010001211,2,W,14
000000000000000000000000000000000000000000,1,W,15
000000000000000000000000000000000000001000,2,L,16
000000000000000000000000000000020000001000,1,W,17
000000000000000000000000100000020000001000,2,L,18
000000000000000002000000100000020000001000,1,W,19
000000000010000002000000100000020000001000,2,L,20
000200000010000002000000100000020000001000,1,W,21
000200000010000002000000100000020000001100,2,L,22
000200000010000002000000100000022000001100,1,W,23
000200000010000002000000110000022000001100,2,L,24
000200000010000002200000110000022000001100,1,W,25
000200000011000002200000110000022000001100,2,L,26
000220000011000002200000110000022000001100,1,W,27
000220000011000002200000110000022000011100,2,L,28
000220000011000002200000110000022000011120,1,W,29
000220000011000002200000110000122000011120,2,L,30
000220000011000002200000110000122000011122,1,W,31
000220000011000002200000110000122100011122,2,L,32
000220000011000002200000112000122100011122,1,W,33
000220000011000002200001112000122100011122,2,L,34
000220000011000002220001112000122100011122,1,W,35
000000000000000000000000000000000000000000,1,L,36
000000000000000000000000000000000000001000,2,W,37
000000000000000000000000000000020000001000,1,L,38
000000000000000000000000100000020000001000,2,W,39
000000000000000002000000100000020000001000,1,L,40
000000000010000002000000100000020000001000,2,W,41
000200000010000002000000100000020000001000,1,L,42
000200000010000002000000100000020001001000,2,W,43
000200000010000002000000100000020001001200,1,L,44
000200000010000002000000100000020001011200,2,W,45
000200000010000002000000100000020001011220,1,L,46
000200000010000002000000100000021001011220,2,W,47
000200000010000002000000100000021201011220,1,L,48
000200000010000002000000110000021201011220,2,W,49
000200000010000002000000112000021201011220,1,L,50
000200000010000002100000112000021201011220,2,W,51
000000000000000000000000000000000000000000,1,L,52
000000000000000000000000000000000000001000,2,W,53
000000000000000000000000000000020000001000,1,L,54
000000000000000000000000100000020000001000,2,W,55
000000000000000002000000100000020000001000,1,L,56
000000000010000002000000100000020000001000,2,W,57
000200000010000002000000100000020000001000,1,L,58
000200000010000002000000100000020000011000,2,W,59
000200000010000002000000100000020000211000,1,L,60
000200000010000002000000100000020000211100,2,W,61
000200000010000002000000100000022000211100,1,L,62
000200000010000002000000100000022001211100,2,W,63
000200000010000002000000120000022001211100,1,L,64
000200000010000002100000120000022001211100,2,W,65
000200000010000002100000120020022001211100,1,L,66
000200000011000002100000120020022001211100,2,W,67
000220000011000002100000120020022001211100,1,L,68
000220000011000002100000120020122001211100,2,W,69
000220000011000002100000120020122001211120,1,L,70
000220000011000002100000120020122101211120,2,W,71
000220000011000002100000122020122101211120,1,L,72
000220000011000002100000122021122101211120,2,W,73
000220000011000002120000122021122101211120,1,L,74
000220000011000002120001122021122101211120,2,W,75
000220000011200002120001122021122101211120,1,L,76
000220000011200002120011122021122101211120,2,W,77
000000000000000000000000000000000000000000,1,L,78
000000000000000000000000000000000000001000,2,W,79
000000000000000000000000000000020000001000,1,L,80
000000000000000000000000000000020000001010,2,W,81
000000000000000000000000200000020000001010,1,L,82
000000000000000001000000200000020000001010,2,W,83
000000000000000001000000200000020000001210,1,L,84
000000000000000001000000200000020000001211,2,W,85
000000000000000001000000200000020020001211,1,L,86
000000000000000001000000200100020020001211,2,W,87
000000000000000001002000200100020020001211,1,L,88
000000000000010001002000200100020020001211,2,W,89
000000200000010001002000200100020020001211,1,L,90
000000200010010001002000200100020020001211,2,W,91
000200200010010001002000200100020020001211,1,L,92
000200200010010001002000200100020020011211,2,W,93
000200200010010001002000200100220020011211,1,L,94
000200200010010001002000200100221020011211,2,W,95
000200200010010001002000200100221220011211,1,L,96
000200200010010001002000210100221220011211,2,W,97
000200200010010001002002210100221220011211,1,L,98
000200200010010001102002210100221220011211,2,W,99
000200200010010001102002212100221220011211,1,L,100
000200200010010001102002212100221221011211,2,W,101
000200200010010001122002212100221221011211,1,L,102
000200200010110001122002212100221221011211,2,W,103
000200200010110001122002212120221221011211,1,L,104
000201200010110001122002212120221221011211,2,W,105
000201200012110001122002212120221221011211,1,L,106
000211200012110001122002212120221221011211,2,W,107
000211200012110021122002212120221221011211,1,L,108
000211200112110021122002212120221221011211,2,W,109
000211200112110021122002212120221221211211,1,L,110
000211200112110021122002212121221221211211,2,W,111
002211200112110021122002212121221221211211,1,L,112
002211200112110021122012212121221221211211,2,W,113
000000000000000000000000000000000000000000,1,W,114
000000000000000000000000000000000000001000,2,L,115
000000000000000000000000000000020000001000,1,W,116
000000000000000000000000100000020000001000,2,L,117
000000000000000002000000100000020000001000,1,W,118
000000000010000002000000100000020000001000,2,L,119
000200000010000002000000100000020000001000,1,W,120
000200000010000002000000100000020000001100,2,L,121
000200000010000002000000100000022000001100,1,W,122
000200000010000002000000110000022000001100,2,L,123
000200000010000002200000110000022000001100,1,W,124
000200000011000002200000110000022000001100,2,L,125
000220000011000002200000110000022000001100,1,W,126
000220000011000002200000110000022000011100,2,L,127
000220000011000002200000110000022000011120,1,W,128
000220000011000002200000110000122000011120,2,L,129
000220000011000002200000110000122200011120,1,W,130
000220000011000002200001110000122200011120,2,L,131
000220000011000002200001112000122200011120,1,W,132
000000000000000000000000000000000000000000,1,W,133
000000000000000000000000000000000000001000,2,L,134
000000000000000000000000000000020000001000,1,W,135
000000000000000000000000100000020000001000,2,L,136
000000000000000002000000100000020000001000,1,W,137
000000000010000002000000100000020000001000,2,L,138
000200000010000002000000100000020000001000,1,W,139
000200000010000002000000100000020000001100,2,L,140
000200000010000002000000100000022000001100,1,W,141
000200000010000002000000110000022000001100,2,L,142
000200000010000002200000110000022000001100,1,W,143
000200000011000002200000110000022000001100,2,L,144
000220000011000002200000110000022000001100,1,W,145
000220000011000002200000110000022000011100,2,L,146
000220000011000002200000110000022000011120,1,W,147
000220000011000002200000110000122000011120,2,L,148
000220000011000002200000110000122200011120,1,W,149
000220000011000002200001110000122200011120,2,L,150
000220000011000002200001112000122200011120,1,W,151
000000000000000000000000000000000000000000,1,W,152
000000000000000000000000000000000000001000,2,L,153
000000000000000000000000000000020000001000,1,W,154
000000000000000000000000100000020000001000,2,L,155
000000000000000002000000100000020000001000,1,W,156
000000000010000002000000100000020000001000,2,L,157
000200000010000002000000100000020000001000,1,W,158
000200000010000002000000100000020000001100,2,L,159
000200000010000002000000100000020000021100,1,W,160
000200000010000002000000100000021000021100,2,L,161
000200000010000002000000100000021000021120,1,W,162
000200000010000002000000110000021000021120,2,L,163
000200000010000002000000110000021200021120,1,W,164
000000000000000000000000000000000000000000,1,L,165
000000000000000000000000000000000000001000,2,W,166
000000000000000000000000000000020000001000,1,L,167
000000000000000000000000000000020000001100,2,W,168
000000000000000000000000200000020000001100,1,L,169
000000000000000000000000200000020000011100,2,W,170
000000000000000000000000200000020000011120,1,L,171
000000000000000000000000200000020100011120,2,W,172
000000000000000000000000202000020100011120,1,L,173
000000000000000000010000202000020100011120,2,W,174
000000000000200000010000202000020100011120,1,L,175
000001000000200000010000202000020100011120,2,W,176
000001000000200002010000202000020100011120,1,L,177
000001000000200002010000202000020100011121,2,W,178
000000000000000000000000000000000000000000,1,L,179
000000000000000000000000000000000000001000,2,W,180
000000000000000000000000000000020000001000,1,L,181
000000000000000000000000100000020000001000,2,W,182
000000000000000002000000100000020000001000,1,L,183
000000000010000002000000100000020000001000,2,W,184
000200000010000002000000100000020000001000,1,L,185
000200000010000002000000100000020000001100,2,W,186
000200000010000002000000100000022000001100,1,L,187
000200000010000002000000110000022000001100,2,W,188
000200000010000002200000110000022000001100,1,L,189
000200000011000002200000110000022000001100,2,W,190
000200000011000002200000110000022000001102,1,L,191
000210000011000002200000110000022000001102,2,W,192
000210000011000002200000110000022000021102,1,L,193
000210000011000002200000110000022000121102,2,W,194
000210000011000002200000110000222000121102,1,L,195
000210000011000002200001110000222000121102,2,W,196
000210000011000022200001110000222000121102,1,L,197
000210000011000022200001110000222000121112,2,W,198
000000000000000000000000000000000000000000,1,W,199
000000000000000000000000000000000000001000,2,L,200
000000000000000000000000000000020000001000,1,W,201
000000000000000000000000100000020000001000,2,L,202
000000000000000002000000100000020000001000,1,W,203
000000000010000002000000100000020000001000,2,L,204
000200000010000002000000100000020000001000,1,W,205
000200000010000002000000100000020000001100,2,L,206
000200000010000002000000100000022000001100,1,W,207
000200000010000002000000110000022000001100,2,L,208
000200000010000002200000110000022000001100,1,W,209
000200000011000002200000110000022000001100,2,L,210
000220000011000002200000110000022000001100,1,W,211
000220000011000002200000110000022000001110,2,L,212
000220000011000002200000110000022000001112,1,W,213
000000000000000000000000000000000000000000,1,L,214
000000000000000000000000000000000000001000,2,W,215
000000000000000000000000000000020000001000,1,L,216
000000000000000000000000100000020000001000,2,W,217
000000000000000002000000100000020000001000,1,L,218
000000000010000002000000100000020000001000,2,W,219
000200000010000002000000100000020000001000,1,L,220
000200000010000002000000100000020000001100,2,W,221
000200000010000002000000100000022000001100,1,L,222
000200000010000002000000110000022000001100,2,W,223
000200000010000002200000110000022000001100,1,L,224
000200000010000002200000110000022001001100,2,W,225
000200000012000002200000110000022001001100,1,L,226
000210000012000002200000110000022001001100,2,W,227
000210000012000002200000110000022001021100,1,L,228
000210000012000002200000110000022001021101,2,W,229
000210000012000002200000110000222001021101,1,L,230
000210000012000002200001110000222001021101,2,W,231
000210000012000022200001110000222001021101,1,L,232
000210000112000022200001110000222001021101,2,W,233
002210000112000022200001110000222001021101,1,L,234
002210000112000022200001110000222001021111,2,W,235
000000000000000000000000000000000000000000,1,L,236
000000000000000000000000000000000000001000,2,W,237
000000000000000000000000000000020000001000,1,L,238
000000000000000000000000100000020000001000,2,W,239
000000000000000002000000100000020000001000,1,L,240
000000000000000002000000100000020000001001,2,W,241
000000000020000002000000100000020000001001,1,L,242
000100000020000002000000100000020000001001,2,W,243
000100000020000002000000100000020000001201,1,L,244
000100000020000002000000100000021000001201,2,W,245
000100000020000002000000120000021000001201,1,L,246
000100000020000002100000120000021000001201,2,W,247
000100000022000002100000120000021000001201,1,L,248
000110000022000002100000120000021000001201,2,W,249
000110000022000002100000120000021000021201,1,L,250
000110000022000002100000120000021000021211,2,W,251
000110000022000002100000120000221000021211,1,L,252
000110000022000002100000120000221100021211,2,W,253
000110000022000002100002120000221100021211,1,L,254
000110000022000002100002121000221100021211,2,W,255
000000000000000000000000000000000000000000,1,W,256
000000000000000000000000000000000000001000,2,L,257
000000000000000000000000000000020000001000,1,W,258
000000000000000000000000100000020000001000,2,L,259
000000000000000002000000100000020000001000,1,W,260
000000000000000002000000100000020000101000,2,L,261
000000000020000002000000100000020000101000,1,W,262
000000000020000002000000100000020000101100,2,L,263
000200000020000002000000100000020000101100,1,W,264
000200000020000002000000100000021000101100,2,L,265
000200000020000002000000120000021000101100,1,W,266
000200000020000002100000120000021000101100,2,L,267
000200000022000002100000120000021000101100,1,W,268
000210000022000002100000120000021000101100,2,L,269
000210000022000002100000120000021000121100,1,W,270
000210000022000002100000120000121000121100,2,L,271
000210000022000002100002120000121000121100,1,W,272
000210000022000002100002120000121000121110,2,L,273
000210000022000002100002120000121200121110,1,W,274
000000000000000000000000000000000000000000,1,L,275
000000000000000000000000000000000000000100,2,W,276
000000000000000000000000000000000000002100,1,L,277
000000000000000000000000000000010000002100,2,W,278
000000000000000000000000200000010000002100,1,L,279
000000000000000001000000200000010000002100,2,W,280
000000000020000001000000200000010000002100,1,L,281
000100000020000001000000200000010000002100,2,W,282
000100000020000001000000200000010000022100,1,L,283
000100000020000001000000200000110000022100,2,W,284
000100000020000001000000200000112000022100,1,L,285
000100000020000001000000200000112000022110,2,W,286
000100000020000001000000220000112000022110,1,L,287
000100000020000001000000220000112100022110,2,W,288
000100000020000001200000220000112100022110,1,L,289
000100000020000001200000221000112100022110,2,W,290
000000000000000000000000000000000000000000,1,W,291
000000000000000000000000000000000000001000,2,L,292
000000000000000000000000000000020000001000,1,W,293
000000000000000000000000100000020000001000,2,L,294
000000000000000002000000100000020000001000,1,W,295
000000000010000002000000100000020000001000,2,L,296
000200000010000002000000100000020000001000,1,W,297
000200000010000002000000100000020000001100,2,L,298
000200000010000002000000100000022000001100,1,W,299
000200000010000002000000110000022000001100,2,L,300
000200000010000002200000110000022000001100,1,W,301
000200000011000002200000110000022000001100,2,L,302
000220000011000002200000110000022000001100,1,W,303
000220000011000002200000110000022000001101,2,L,304
000220000011000002200000110000022000201101,1,W,305
000220000011000002200000110000022000211101,2,L,306
000220000011000002200000110000022000211121,1,W,307
000220000011000002200000110000122000211121,2,L,308
000220000011000002200000110000122200211121,1,W,309
000220000011000002200001110000122200211121,2,L,310
000220000011000002200001112000122200211121,1,W,311
000000000000000000000000000000000000000000,1,L,312
000000000000000000000000000000000000001000,2,W,313
000000000000000000000000000000020000001000,1,L,314
000000000000000000000000000000020001001000,2,W,315
000000000000000000000000200000020001001000,1,L,316
000000000000000001000000200000020001001000,2,W,317
000000000020000001000000200000020001001000,1,L,318
000100000020000001000000200000020001001000,2,W,319
000100000020000001000000200000020001001200,1,L,320
000100000020000001000000200000021001001200,2,W,321
000100000020000001000000220000021001001200,1,L,322
000100000020000001100000220000021001001200,2,W,323
000100000022000001100000220000021001001200,1,L,324
000110000022000001100000220000021001001200,2,W,325
000110000022000001100000220000021001001220,1,L,326
000110000022000001100000220000021001001221,2,W,327
000110000022000001100000220000021001021221,1,L,328
000110000022000001100000220000021101021221,2,W,329
000110000022000001100000220000221101021221,1,L,330
000110000022000001100000220000221101121221,2,W,331
000110000022000001100002220000221101121221,1,L,332
000110000022000001100002220001221101121221,2,W,333
000000000000000000000000000000000000000000,1,W,334
000000000000000000000000000000000000001000,2,L,335
000000000000000000000000000000000000001002,1,W,336
000000000000000000000000000000010000001002,2,L,337
000000000000000000000000200000010000001002,1,W,338
000000000000000001000000200000010000001002,2,L,339
000000000020000001000000200000010000001002,1,W,340
000100000020000001000000200000010000001002,2,L,341
000100000020000001000000200000010000001202,1,W,342
000100000020000001000000200000011000001202,2,L,343
000100000020000001000000220000011000001202,1,W,344
000100000020000001100000220000011000001202,2,L,345
000100000022000001100000220000011000001202,1,W,346
000110000022000001100000220000011000001202,2,L,347
000110000022000001100000220000011000021202,1,W,348
000110000022000001100000220000011000021212,2,L,349
000110000022000001100000220000211000021212,1,W,350
000110000022000001100001220000211000021212,2,L,351
000110000022000021100001220000211000021212,1,W,352
000110000022000021100001220000211100021212,2,L,353
000110000222000021100001220000211100021212,1,W,354
000110000222000021100001221000211100021212,2,L,355
002110000222000021100001221000211100021212,1,W,356
002110000222000021100001221000211101021212,2,L,357
002110000222000021120001221000211101021212,1,W,358
000000000000000000000000000000000000000000,1,W,359
000000000000000000000000000000000000001000,2,L,360
000000000000000000000000000000020000001000,1,W,361
000000000000000000000000100000020000001000,2,L,362
000000000000000000000000100000020000201000,1,W,363
000000000000000000000000100001020000201000,2,L,364
000000000000000002000000100001020000201000,1,W,365
000000000010000002000000100001020000201000,2,L,366
000200000010000002000000100001020000201000,1,W,367
000200000010000002000000100001020000201100,2,L,368
000200000010000002000000100001020000201102,1,W,369
000200000010000002000000100001021000201102,2,L,370
000200000010000002000000100001021002201102,1,W,371
000200000010000002000000110001021002201102,2,L,372
000200000010000002200000110001021002201102,1,W,373
000200000011000002200000110001021002201102,2,L,374
000220000011000002200000110001021002201102,1,W,375
000220000011000002200000110001021002211102,2,L,376
000220000011000002200000110001021002211122,1,W,377
000220000011000002200000110001121002211122,2,L,378
000220000011000002200000110001121202211122,1,W,379
000220000011000002200001110001121202211122,2,L,380
000220000011000002200001112001121202211122,1,W,381
000000000000000000000000000000000000000000,1,L,382
000000000000000000000000000000000000001000,2,W,383
000000000000000000000000000000020000001000,1,L,384
000000000000000000000000100000020000001000,2,W,385
000000000000000002000000100000020000001000,1,L,386
000000000010000002000000100000020000001000,2,W,387
000200000010000002000000100000020000001000,1,L,388
000200000010000002000000100000020000001100,2,W,389
000200000010000002000000100000020000001102,1,L,390
000200000010000002000000100000020000001112,2,W,391
000200000010000002000000100000020020001112,1,L,392
000200000010000002000000100000021020001112,2,W,393
000200000010000002000000100200021020001112,1,L,394
000200000010000002000000110200021020001112,2,W,395
000000000000000000000000000000000000000000,1,W,396
000000000000000000000000000000000000001000,2,L,397
000000000000000000000000000000020000001000,1,W,398
000000000000000000000000100000020000001000,2,L,399
000000000000000002000000100000020000001000,1,W,400
000000000010000002000000100000020000001000,2,L,401
000200000010000002000000100000020000001000,1,W,402
000200000010000002000000100000020000101000,2,L,403
000200000010000002000000100000020000101200,1,W,404
000200000010000002000000100000021000101200,2,L,405
000200000010000002000000120000021000101200,1,W,406
000200000010000002000000120001021000101200,2,L,407
000200000010000002200000120001021000101200,1,W,408
000200000011000002200000120001021000101200,2,L,409
000220000011000002200000120001021000101200,1,W,410
000220000011000002200000120001021000111200,2,L,411
000220000011000002200000120001021000111220,1,W,412
000220000011000002200000120001121000111220,2,L,413
000220000011000002200000120001121200111220,1,W,414
000220000011000002200001120001121200111220,2,L,415
000220000011000002200001122001121200111220,1,W,416
000220000011000002210001122001121200111220,2,L,417
000220000011200002210001122001121200111220,1,W,418
000000000000000000000000000000000000000000,1,W,419
000000000000000000000000000000000000001000,2,L,420
000000000000000000000000000000020000001000,1,W,421
000000000000000000000000000000020000001010,2,L,422
000000000000000000000000200000020000001010,1,W,423
000000000000000001000000200000020000001010,2,L,424
000000000020000001000000200000020000001010,1,W,425
000100000020000001000000200000020000001010,2,L,426
000100000020000001000000200000020000001210,1,W,427
000100000020000001000000200000020000001211,2,L,428
000100000020000001000000200000022000001211,1,W,429
000100000020000001000000200000022010001211,2,L,430
000100000020000001000000220000022010001211,1,W,431
000100000020000001000000220100022010001211,2,L,432
000100000020000001000000220100022210001211,1,W,433
000000000000000000000000000000000000000000,1,W,434
000000000000000000000000000000000000001000,2,L,435
000000000000000000000000000000020000001000,1,W,436
000000000000000000000000100000020000001000,2,L,437
000000000000000002000000100000020000001000,1,W,438
000000000010000002000000100000020000001000,2,L,439
000200000010000002000000100000020000001000,1,W,440
000200000010000002000000100000020000001100,2,L,441
000200000010000002000000100000022000001100,1,W,442
000200000010000002000000110000022000001100,2,L,443
000200000010000002200000110000022000001100,1,W,444
000200000011000002200000110000022000001100,2,L,445
000220000011000002200000110000022000001100,1,W,446
000220000011000002200000110000022000011100,2,L,447
000220000011000002200000110000022000011120,1,W,448
000220000011000002200000110000122000011120,2,L,449
000220000011000002200000110000122200011120,1,W,450
000220000011000002200001110000122200011120,2,L,451
000220000011000002200001112000122200011120,1,W,452
000000000000000000000000000000000000000000,1,W,453
000000000000000000000000000000000000001000,2,L,454
000000000000000000000000000000020000001000,1,W,455
000000000000000000000000100000020000001000,2,L,456
000000000000000002000000100000020000001000,1,W,457
000000000010000002000000100000020000001000,2,L,458
000200000010000002000000100000020000001000,1,W,459
000200000010000002000000100000020000001100,2,L,460
000200000010000002000000100000022000001100,1,W,461
000200000010000002000000110000022000001100,2,L,462
000200000010000002200000110000022000001100,1,W,463
000200000010000002200000110000022001001100,2,L,464
000200000010000002200000110000022001001102,1,W,465
000200000011000002200000110000022001001102,2,L,466
000220000011000002200000110000022001001102,1,W,467
000220000011000002200000110010022001001102,2,L,468
000220000011000002200000110010022001021102,1,W,469
000220000011000002200000110010122001021102,2,L,470
000220000011000002200000110010122001021122,1,W,471
000220000011000002200001110010122001021122,2,L,472
000220000011000002200001110010122201021122,1,W,473
000220000011000012200001110010122201021122,2,L,474
000220000011000012200001112010122201021122,1,W,475
000000000000000000000000000000000000000000,1,L,476
000000000000000000000000000000000001000000,2,W,477
000000000000000000000000000000000001002000,1,L,478
000000000000000000000000000000010001002000,2,W,479
000000000000000000000000200000010001002000,1,L,480
000000000000000001000000200000010001002000,2,W,481
000000000020000001000000200000010001002000,1,L,482
000100000020000001000000200000010001002000,2,W,483
000100000020000001000000200000010001002200,1,L,484
000100000020000001000000200000011001002200,2,W,485
000100000020000001000000220000011001002200,1,L,486
000100000020000001100000220000011001002200,2,W,487
000100000022000001100000220000011001002200,1,L,488
000110000022000001100000220000011001002200,2,W,489
000110000022000001100000220000011001022200,1,L,490
000110000022000001100000220000011001022210,2,W,491
000110000022000001100000220000211001022210,1,L,492
000110000022000001100001220000211001022210,2,W,493
000110000022000021100001220000211001022210,1,L,494
000110000022000021100001220000211101022210,2,W,495
000110000222000021100001220000211101022210,1,L,496
000110000222000021100001221000211101022210,2,W,497
002110000222000021100001221000211101022210,1,L,498
002110000222000021100001221000211101022211,2,W,499
002110000222000021120001221000211101022211,1,L,500
002110000222100021120001221000211101022211,2,W,501
002112000222100021120001221000211101022211,1,L,502
002112000222100021120001221000211101122211,2,W,503
002112000222100021120001221002211101122211,1,L,504
002112000222100021120001221012211101122211,2,W,505
002112000222100021120021221012211101122211,1,L,506
002112000222100121120021221012211101122211,2,W,507
002112000222100121120221221012211101122211,1,L,508
002112001222100121120221221012211101122211,2,W,509
000000000000000000000000000000000000000000,1,L,510
000000000000000000000000000000000000000001,2,W,511
000000000000000000000000000000000000002001,1,L,512
000000000000000000000000000000010000002001,2,W,513
000000000000000000000000200000010000002001,1,L,514
000000000000000001000000200000010000002001,2,W,515
000000000020000001000000200000010000002001,1,L,516
000100000020000001000000200000010000002001,2,W,517
000100000020000001000000200000010000002201,1,L,518
000100000020000001000000200000010000012201,2,W,519
000100000020000001000000200000012000012201,1,L,520
000100000020000001000000200000012000012211,2,W,521
000100000020000001000000220000012000012211,1,L,522
000100000020000001000000220000012100012211,2,W,523
000000000000000000000000000000000000000000,1,L,524
000000000000000000000000000000000000001000,2,W,525
000000000000000000000000000000020000001000,1,L,526
000000000000000000000000100000020000001000,2,W,527
000000000000000002000000100000020000001000,1,L,528
000000000010000002000000100000020000001000,2,W,529
000200000010000002000000100000020000001000,1,L,530
000200000010000002000000100000020000001100,2,W,531
000200000010000002000000100000022000001100,1,L,532
000200000010000002000000110000022000001100,2,W,533
000200000010000002200000110000022000001100,1,L,534
000200000010000002200000110000022000001101,2,W,535
000200000012000002200000110000022000001101,1,L,536
000210000012000002200000110000022000001101,2,W,537
000210000012000002200000110000022000021101,1,L,538
000210000012000002200000110000022000121101,2,W,539
000210000012000002200000110000222000121101,1,L,540
000210000012000002200001110000222000121101,2,W,541
000210000012000022200001110000222000121101,1,L,542
000210000112000022200001110000222000121101,2,W,543
002210000112000022200001110000222000121101,1,L,544
002210000112000022200001110000222000121111,2,W,545
000000000000000000000000000000000000000000,1,W,546
000000000000000000000000000000000000001000,2,L,547
000000000000000000000000000000020000001000,1,W,548
000000000000000000000000100000020000001000,2,L,549
000000000000000000000000100000020000201000,1,W,550
000000000000000001000000100000020000201000,2,L,551
000000000020000001000000100000020000201000,1,W,552
000000000020000001000000100000020000201010,2,L,553
000200000020000001000000100000020000201010,1,W,554
000200000020000001000000100000020000201110,2,L,555
000200000020000001000000100000020000201112,1,W,556
000200000020000001000000100000021000201112,2,L,557
000200000020000001000000100000021020201112,1,W,558
000200000020000001000000110000021020201112,2,L,559
000200000020000001000000110200021020201112,1,W,560
000000000000000000000000000000000000000000,1,W,561
000000000000000000000000000000000000001000,2,L,562
000000000000000000000000000000020000001000,1,W,563
000000000000000000000000100000020000001000,2,L,564
000000000000000002000000100000020000001000,1,W,565
000000000010000002000000100000020000001000,2,L,566
000200000010000002000000100000020000001000,1,W,567
000200000010000002000000100000020000001100,2,L,568
000200000010000002000000100000022000001100,1,W,569
000200000010000002000000110000022000001100,2,L,570
000200000010000002200000110000022000001100,1,W,571
000200000011000002200000110000022000001100,2,L,572
000220000011000002200000110000022000001100,1,W,573
000220000011000002200000110000022000001101,2,L,574
000220000011000002200000110000022000021101,1,W,575
000220000011000002200000110000122000021101,2,L,576
000220000011000002200000110000122000021121,1,W,577
000220000011000002200001110000122000021121,2,L,578
000220000011000002200001110000122200021121,1,W,579
000220000011000012200001110000122200021121,2,L,580
000220000011000012200001112000122200021121,1,W,581
000000000000000000000000000000000000000000,1,W,582
000000000000000000000000000000000000001000,2,L,583
000000000000000000000000000000020000001000,1,W,584
000000000000000000000000100000020000001000,2,L,585
000000000000000002000000100000020000001000,1,W,586
000000000010000002000000100000020000001000,2,L,587
000200000010000002000000100000020000001000,1,W,588
000200000010000002000000100000020000001100,2,L,589
000200000010000002000000100000022000001100,1,W,590
000200000010000002000000110000022000001100,2,L,591
000200000010000002200000110000022000001100,1,W,592
000200000011000002200000110000022000001100,2,L,593
000220000011000002200000110000022000001100,1,W,594
000220000011000002200000110000022000011100,2,L,595
000220000011000002200000110000022000011120,1,W,596
000220000011000002200000110000122000011120,2,L,597
000220000011000002200000110000122200011120,1,W,598
000220000011000002200001110000122200011120,2,L,599
000220000011000002200001112000122200011120,1,W,600
000000000000000000000000000000000000000000,1,W,601
000000000000000000000000000000000000001000,2,L,602
000000000000000000000000000000020000001000,1,W,603
000000000000000000000000100000020000001000,2,L,604
000000000000000002000000100000020000001000,1,W,605
000000000010000002000000100000020000001000,2,L,606
000200000010000002000000100000020000001000,1,W,607
000200000010000002000000100000020000001100,2,L,608
000200000010000002000000100000022000001100,1,W,609
000200000010000002000000110000022000001100,2,L,610
000200000010000002200000110000022000001100,1,W,611
000200000011000002200000110000022000001100,2,L,612
000220000011000002200000110000022000001100,1,W,613
000220000011000002200000110000022000011100,2,L,614
000220000011000002200000110000022000011120,1,W,615
000220000011000002200000110000122000011120,2,L,616
000220000011000002200000110000122000211120,1,W,617
000220000011000002200001110000122000211120,2,L,618
000220000011000002200001110000122200211120,1,W,619
000000000000000000000000000000000000000000,1,W,620
000000000000000000000000000000000000001000,2,L,621
000000000000000000000000000000020000001000,1,W,622
000000000000000000000000100000020000001000,2,L,623
000000000000000002000000100000020000001000,1,W,624
000000000010000002000000100000020000001000,2,L,625
000200000010000002000000100000020000001000,1,W,626
000200000010000002000000100000020000001100,2,L,627
000200000010000002000000100000020002001100,1,W,628
000200000010000002000000100000021002001100,2,L,629
000200000010000002000000120000021002001100,1,W,630
000200000010000002100000120000021002001100,2,L,631
000200000012000002100000120000021002001100,1,W,632
000210000012000002100000120000021002001100,2,L,633
000210000012000002100000120000021002021100,1,W,634
000210000012000002100000120000121002021100,2,L,635
000210000012000002100002120000121002021100,1,W,636
000210000012000002100002120000121002021110,2,L,637
000210000012000002100002120000121202021110,1,W,638
000000000000000000000000000000000000000000,1,L,639
000000000000000000000000000000000000001000,2,W,640
000000000000000000000000000000020000001000,1,L,641
000000000000000000000000000000020000001010,2,W,642
000000000000000000000000000000020000001012,1,L,643
000000000000000000000000100000020000001012,2,W,644
000000000000000002000000100000020000001012,1,L,645
000000000010000002000000100000020000001012,2,W,646
000200000010000002000000100000020000001012,1,L,647
000200000010000002000000100000020000001112,2,W,648
000200000010000002000000100000020020001112,1,L,649
000200000010000002000000100000021020001112,2,W,650
000200000010000002000000100200021020001112,1,L,651
000200000010000002000000110200021020001112,2,W,652
000000000000000000000000000000000000000000,1,L,653
000000000000000000000000000000000000001000,2,W,654
000000000000000000000000000000020000001000,1,L,655
000000000000000000000000100000020000001000,2,W,656
000000000000000002000000100000020000001000,1,L,657
000000000000000002000000100000020001001000,2,W,658
000000000020000002000000100000020001001000,1,L,659
000100000020000002000000100000020001001000,2,W,660
000100000020000002000000100000020001001200,1,L,661
000100000020000002000000100000021001001200,2,W,662
000100000020000002000000120000021001001200,1,L,663
000100000020000002100000120000021001001200,2,W,664
000100000022000002100000120000021001001200,1,L,665
000110000022000002100000120000021001001200,2,W,666
000110000022000002100000120000021001001220,1,L,667
000110000022000002100000120000021001001221,2,W,668
000110000022000002100000120000021001021221,1,L,669
000110000022000002100000120000021101021221,2,W,670
000110000022000002100000120000221101021221,1,L,671
000110000022000002100000121000221101021221,2,W,672
000110000022000002100002121000221101021221,1,L,673
000110000022000002110002121000221101021221,2,W,674
000110000022200002110002121000221101021221,1,L,675
000111000022200002110002121000221101021221,2,W,676
000000000000000000000000000000000000000000,1,L,677
000000000000000000000000000000000000001000,2,W,678
000000000000000000000000000000020000001000,1,L,679
000000000000000000000000100000020000001000,2,W,680
000000000000000002000000100000020000001000,1,L,681
000000000000000002000000100000020000001001,2,W,682
000000000020000002000000100000020000001001,1,L,683
000000000020000002000000100000020000101001,2,W,684
000200000020000002000000100000020000101001,1,L,685
000200000020000002000000100000020010101001,2,W,686
000200000020000002000000100000020010101021,1,L,687
000200000020000002000000100000020010101121,2,W,688
000200000020000002000000100200020010101121,1,L,689
000200000020000002000000100200020110101121,2,W,690
000200000020000002002000100200020110101121,1,L,691
000200000020000002002000100200021110101121,2,W,692
000200000020020002002000100200021110101121,1,L,693
000200100020020002002000100200021110101121,2,W,694
000200100020020002002000120200021110101121,1,L,695
000200100020020002102000120200021110101121,2,W,696
000200100022020002102000120200021110101121,1,L,697
000210100022020002102000120200021110101121,2,W,698
000210100022020002102000120200021110121121,1,L,699
000210100022020002102000120200121110121121,2,W,700
000210100022020002102002120200121110121121,1,L,701
000210100022020002102002121200121110121121,2,W,702
000000000000000000000000000000000000000000,1,L,703
000000000000000000000000000000000000001000,2,W,704
000000000000000000000000000000020000001000,1,L,705
000000000000000000000000100000020000001000,2,W,706
000000000000000000000000100000020000001020,1,L,707
000000000000000001000000100000020000001020,2,W,708
000000000020000001000000100000020000001020,1,L,709
000100000020000001000000100000020000001020,2,W,710
000100000020000001000000100000020000001220,1,L,711
000100000020000001000000100000020000001221,2,W,712
000100000020000001000000100000022000001221,1,L,713
000100000020000001000000100000022010001221,2,W,714
000100000020000001000000120000022010001221,1,L,715
000100000020000001000000120100022010001221,2,W,716
000000000000000000000000000000000000000000,1,W,717
000000000000000000000000000000000000001000,2,L,718
000000000000000000000000000000020000001000,1,W,719
000000000000000000000000000000020000001100,2,L,720
000000000000000000000000200000020000001100,1,W,721
000000000000000001000000200000020000001100,2,L,722
000000000000000001000000200000020000201100,1,W,723
000000000010000001000000200000020000201100,2,L,724
000200000010000001000000200000020000201100,1,W,725
000200000010000001000000200000021000201100,2,L,726
000200000010000001000000220000021000201100,1,W,727
000200000010000001100000220000021000201100,2,L,728
000200000012000001100000220000021000201100,1,W,729
000200000012000001100000220000021000201110,2,L,730
000200000012000001100000220000021000201112,1,W,731
000210000012000001100000220000021000201112,2,L,732
000210000012000001100000220000021000221112,1,W,733
000210000012000001100000220000121000221112,2,L,734
000210000012000001100002220000121000221112,1,W,735
000210000012000011100002220000121000221112,2,L,736
000210000212000011100002220000121000221112,1,W,737
001210000212000011100002220000121000221112,2,L,738
001210000212000011100002220000121200221112,1,W,739
000000000000000000000000000000000000000000,1,W,740
000000000000000000000000000000000000001000,2,L,741
000000000000000000000000000000000000201000,1,W,742
000000000000000000000000000000010000201000,2,L,743
000000000000000000000000200000010000201000,1,W,744
000000000000000001000000200000010000201000,2,L,745
000000000020000001000000200000010000201000,1,W,746
000000000020000001000000200000010000211000,2,L,747
000000000020000001000000200000010000211200,1,W,748
000000000020000001000000200000011000211200,2,L,749
000000000020000001000000220000011000211200,1,W,750
000000000020000001100000220000011000211200,2,L,751
000000000022000001100000220000011000211200,1,W,752
000010000022000001100000220000011000211200,2,L,753
000210000022000001100000220000011000211200,1,W,754
000210000022000001100000220000111000211200,2,L,755
000210000022000001100000220000111000211220,1,W,756
000000000000000000000000000000000000000000,1,L,757
000000000000000000000000000000000000000100,2,W,758
000000000000000000000000000000000000020100,1,L,759
000000000000000000000000000000000000021100,2,W,760
000000000000000000000000000000000000021120,1,L,761
000000000000000000000000000000000100021120,2,W,762
000000000000000000000000002000000100021120,1,L,763
000000000000000000010000002000000100021120,2,W,764
000000000000200000010000002000000100021120,1,L,765
000001000000200000010000002000000100021120,2,W,766
000001000000200000010000002000000100021122,1,L,767
000001000000200000010000002000000110021122,2,W,768
000001000000200000010000002000020110021122,1,L,769
000001000000200000010000002100020110021122,2,W,770
000001000000200000010000002100220110021122,1,L,771
000001000000200000010000002100220110121122,2,W,772
000001000000200000010000002100222110121122,1,L,773
000001000000200000010000012100222110121122,2,W,774
000001000000200000210000012100222110121122,1,L,775
000001000001200000210000012100222110121122,2,W,776
000021000001200000210000012100222110121122,1,L,777
000021000001200000210000112100222110121122,2,W,778
000021000001200000212000112100222110121122,1,L,779
000021000001200001212000112100222110121122,2,W,780
000021000001200001212002112100222110121122,1,L,781
000021000011200001212002112100222110121122,2,W,782
000000000000000000000000000000000000000000,1,W,783
000000000000000000000000000000000000000100,2,L,784
000000000000000000000000000000000000002100,1,W,785
000000000000000000000000000000010000002100,2,L,786
000000000000000000000000200000010000002100,1,W,787
000000000000000001000000200000010000002100,2,L,788
000000000020000001000000200000010000002100,1,W,789
000100000020000001000000200000010000002100,2,L,790
000100000020000001000000200000012000002100,1,W,791
000100000020000001000000210000012000002100,2,L,792
000100000020000001200000210000012000002100,1,W,793
000100000021000001200000210000012000002100,2,L,794
000120000021000001200000210000012000002100,1,W,795
000120000021000001200000210000012000012100,2,L,796
000120000021000001200000210000212000012100,1,W,797
000120000021000001200001210000212000012100,2,L,798
000120000021000021200001210000212000012100,1,W,799
000120000021000021200001210000212000012110,2,L,800
000120000021000021200001210000212200012110,1,W,801
000120000021000021200001211000212200012110,2,L,802
000120000221000021200001211000212200012110,1,W,803
000000000000000000000000000000000000000000,1,W,804
000000000000000000000000000000000000001000,2,L,805
000000000000000000000000000000020000001000,1,W,806
000000000000000000000000100000020000001000,2,L,807
000000000000000000000000100000020000021000,1,W,808
000000000000000000000000100000020001021000,2,L,809
000000000000000000000000100000020001021200,1,W,810
000000000000000000000000100000020001021201,2,L,811
000000000000000000000000100000020001021221,1,W,812
000000000000000000000000100000020101021221,2,L,813
000000000000000000000000102000020101021221,1,W,814
000000000000000000010000102000020101021221,2,L,815
000000000000000002010000102000020101021221,1,W,816
000000000000100002010000102000020101021221,2,L,817
000002000000100002010000102000020101021221,1,W,818
000002000010100002010000102000020101021221,2,L,819
000002000010100002010000102000020121021221,1,W,820
000002000010100002010000102000021121021221,2,L,821
000002000010100002010000102200021121021221,1,W,822
000102000010100002010000102200021121021221,2,L,823
000102000010100002010000102220021121021221,1,W,824
000102000010100002010000112220021121021221,2,L,825
000102000010100002012000112220021121021221,1,W,826
000102000010110002012000112220021121021221,2,L,827
000102200010110002012000112220021121021221,1,W,828
000102200010110002012000112220021121121221,2,L,829
000102200010110002212000112220021121121221,1,W,830
000102200011110002212000112220021121121221,2,L,831
000102200011110002212000112220221121121221,1,W,832
000112200011110002212000112220221121121221,2,L,833
000112200011110002212002112220221121121221,1,W,834
000112200011110012212002112220221121121221,2,L,835
000112200011110012212002112222221121121221,1,W,836
000112200011110012212102112222221121121221,2,L,837
000112200011110012212122112222221121121221,1,W,838
000000000000000000000000000000000000000000,1,W,839
000000000000000000000000000000000001000000,2,L,840
000000000000000000000000000000000001002000,1,W,841
000000000000000000000000000000010001002000,2,L,842
000000000000000000000000000020010001002000,1,W,843
000000000000000000000000100020010001002000,2,L,844
000000000000000002000000100020010001002000,1,W,845
000000000010000002000000100020010001002000,2,L,846
000200000010000002000000100020010001002000,1,W,847
000200000010000002000000100020010001002100,2,L,848
000200000010000002000000100020012001002100,1,W,849
000200000010000002000000110020012001002100,2,L,850
000200000010000002200000110020012001002100,1,W,851
000200000011000002200000110020012001002100,2,L,852
000220000011000002200000110020012001002100,1,W,853
000220000011000002200000110020012001012100,2,L,854
000220000011000002200000110020012001012120,1,W,855
000220000011000002200000110020112001012120,2,L,856
000220000011000002200000110020112201012120,1,W,857
000220000011000002200001110020112201012120,2,L,858
000220000011000002200001112020112201012120,1,W,859
000000000000000000000000000000000000000000,1,L,860
000000000000000000000000000000000000001000,2,W,861
000000000000000000000000000000020000001000,1,L,862
000000000000000000000000100000020000001000,2,W,863
000000000000000002000000100000020000001000,1,L,864
000000000010000002000000100000020000001000,2,W,865
000200000010000002000000100000020000001000,1,L,866
000200000010000002000000100000020000001100,2,W,867
000200000010000002000000100000022000001100,1,L,868
000200000010000002000000100000022000001110,2,W,869
000200000010000002000000100000022000001112,1,L,870
000200000010000002000000110000022000001112,2,W,871
000200000010000002000000110000022020001112,1,L,872
000200000010000002100000110000022020001112,2,W,873
000200000010000002100000110200022020001112,1,L,874
000200000011000002100000110200022020001112,2,W,875
000000000000000000000000000000000000000000,1,L,876
000000000000000000000000000000000000001000,2,W,877
000000000000000000000000000000020000001000,1,L,878
000000000000000000000000100000020000001000,2,W,879
000000000000000002000000100000020000001000,1,L,880
000000000010000002000000100000020000001000,2,W,881
000200000010000002000000100000020000001000,1,L,882
000200000010000002000000100000020000001100,2,W,883
000200000010000002000000100000022000001100,1,L,884
000200000010000002000000110000022000001100,2,W,885
000200000010000002200000110000022000001100,1,L,886
000200000010000002200000110000022001001100,2,W,887
000200000012000002200000110000022001001100,1,L,888
000210000012000002200000110000022001001100,2,W,889
000210000012000002200000110000022001021100,1,L,890
000210000012000002200000110000122001021100,2,W,891
000210000012000002200002110000122001021100,1,L,892
000210000012000002200002110000122001021110,2,W,893
000210000012000002200002110000122201021110,1,L,894
000210000012000012200002110000122201021110,2,W,895
000210000012000012200002112000122201021110,1,L,896
000210000112000012200002112000122201021110,2,W,897
000210000112000012220002112000122201021110,1,L,898
000210000112100012220002112000122201021110,2,W,899
000000000000000000000000000000000000000000,1,W,900
000000000000000000000000000000000000001000,2,L,901
000000000000000000000000000000020000001000,1,W,902
000000000000000000000000100000020000001000,2,L,903
000000000000000002000000100000020000001000,1,W,904
000000000000000002000000100000020000101000,2,L,905
000000000020000002000000100000020000101000,1,W,906
000100000020000002000000100000020000101000,2,L,907
000100000020000002000000100000020000101200,1,W,908
000100000020000002000000100000021000101200,2,L,909
000100000020000002000000120000021000101200,1,W,910
000100000020000002100000120000021000101200,2,L,911
000100000020000002100000120002021000101200,1,W,912
000100000020000002100000120002021000111200,2,L,913
000100000020000002100000120002021000111220,1,W,914
000000000000000000000000000000000000000000,1,W,915
000000000000000000000000000000000000001000,2,L,916
000000000000000000000000000000020000001000,1,W,917
000000000000000000000000100000020000001000,2,L,918
000000000000000002000000100000020000001000,1,W,919
000000000010000002000000100000020000001000,2,L,920
000200000010000002000000100000020000001000,1,W,921
000200000010000002000000100000020000001100,2,L,922
000200000010000002000000100000022000001100,1,W,923
000200000010000002000000110000022000001100,2,L,924
000200000010000002200000110000022000001100,1,W,925
000200000010000002200000110000022000001110,2,L,926
000200000010000002200000110000022000001112,1,W,927
000200000011000002200000110000022000001112,2,L,928
000220000011000002200000110000022000001112,1,W,929
000000000000000000000000000000000000000000,1,L,930
000000000000000000000000000000000001000000,2,W,931
000000000000000000000000000000000001002000,1,L,932
000000000000000000000000000000010001002000,2,W,933
000000000000000000000000200000010001002000,1,L,934
000000000000000001000000200000010001002000,2,W,935
000000000020000001000000200000010001002000,1,L,936
000100000020000001000000200000010001002000,2,W,937
000100000020000001000000200000010001002200,1,L,938
000100000020000001000000200000011001002200,2,W,939
000100000020000001000000220000011001002200,1,L,940
000100000020000001100000220000011001002200,2,W,941
000100000022000001100000220000011001002200,1,L,942
000110000022000001100000220000011001002200,2,W,943
000110000022000001100000220000011001022200,1,L,944
000110000022000001100000220000011001022210,2,W,945
000110000022000001100000220000211001022210,1,L,946
000110000022000001100000220000211101022210,2,W,947
000110000022000001100002220000211101022210,1,L,948
000110000022000001100002221000211101022210,2,W,949
000000000000000000000000000000000000000000,1,W,950
000000000000000000000000000000000000001000,2,L,951
000000000000000000000000000000020000001000,1,W,952
000000000000000000000000100000020000001000,2,L,953
000000000000000002000000100000020000001000,1,W,954
000000000010000002000000100000020000001000,2,L,955
000200000010000002000000100000020000001000,1,W,956
000200000010000002000000100000020000001100,2,L,957
000200000010000002000000100000020000001102,1,W,958
000200000010000002000000100000021000001102,2,L,959
000200000010000002000000120000021000001102,1,W,960
000200000010000002100000120000021000001102,2,L,961
000200000012000002100000120000021000001102,1,W,962
000210000012000002100000120000021000001102,2,L,963
000210000012000002100000120000021002001102,1,W,964
000210000012000002100000120000021002011102,2,L,965
000210000012000002100000120000221002011102,1,W,966
000210000012000002100001120000221002011102,2,L,967
000210000012000022100001120000221002011102,1,W,968
000210000112000022100001120000221002011102,2,L,969
002210000112000022100001120000221002011102,1,W,970
000000000000000000000000000000000000000000,1,W,971
000000000000000000000000000000000000001000,2,L,972
000000000000000000000000000000020000001000,1,W,973
000000000000000000000000100000020000001000,2,L,974
000000000000000002000000100000020000001000,1,W,975
000000000010000002000000100000020000001000,2,L,976
000200000010000002000000100000020000001000,1,W,977
000200000010000002000000100000020000001100,2,L,978
000200000010000002000000100000022000001100,1,W,979
000200000010000002000000110000022000001100,2,L,980
000200000010000002000000110000022000001120,1,W,981
000200000010000002100000110000022000001120,2,L,982
000200000010000002100000110000022000001122,1,W,983
000200000011000002100000110000022000001122,2,L,984
000200000011000002100000110000022020001122,1,W,985
000200000011000002100000110000022120001122,2,L,986
000200000011000002100000110200022120001122,1,W,987
000000000000000000000000000000000000000000,1,L,988
000000000000000000000000000000000000001000,2,W,989
000000000000000000000000000000020000001000,1,L,990
000000000000000000000000100000020000001000,2,W,991
000000000000000002000000100000020000001000,1,L,992
000000000010000002000000100000020000001000,2,W,993
000200000010000002000000100000020000001000,1,L,994
000200000010000002000000100000020000001100,2,W,995
000200000010000002000000100000022000001100,1,L,996
000200000010000002000000110000022000001100,2,W,997
000200000010000002200000110000022000001100,1,L,998
000200000010000002200000110000022000011100,2,W,999
000200000010000002200000110000022000011120,1,L,1000
000200000011000002200000110000022000011120,2,W,1001
000200000011000002200000110000022200011120,1,L,1002
000210000011000002200000110000022200011120,2,W,1003
000000000000000000000000000000000000000000,1,L,1004
000000000000000000000000000000000000001000,2,W,1005
000000000000000000000000000000020000001000,1,L,1006
000000000000000000000000100000020000001000,2,W,1007
000000000000000002000000100000020000001000,1,L,1008
000000000010000002000000100000020000001000,2,W,1009
000000000010000002000000100000020000001200,1,L,1010
000100000010000002000000100000020000001200,2,W,1011
000100000010000002000000100000022000001200,1,L,1012
000100000010000002000000110000022000001200,2,W,1013
000100000010000002200000110000022000001200,1,L,1014
000100000011000002200000110000022000001200,2,W,1015
000100000011000002200000110000022000201200,1,L,1016
000110000011000002200000110000022000201200,2,W,1017
000110000011000002200000110000022000221200,1,L,1018
000110000011000002200000110000022000221201,2,W,1019
000110000011000002200000110000222000221201,1,L,1020
000110000011000002200000110000222000221211,2,W,1021
000000000000000000000000000000000000000000,1,W,1022
000000000000000000000000000000000000001000,2,L,1023
000000000000000000000000000000020000001000,1,W,1024
000000000000000000000000000000020001001000,2,L,1025
000000000000000000000000200000020001001000,1,W,1026
000000000000000001000000200000020001001000,2,L,1027
000000000000000001000000200020020001001000,1,W,1028
000000000010000001000000200020020001001000,2,L,1029
000200000010000001000000200020020001001000,1,W,1030
000200000010000001000000200020020001011000,2,L,1031
000200000010000001000000200020020001011200,1,W,1032
000200000010000001000000200020021001011200,2,L,1033
000200000010000001000000200020021001211200,1,W,1034
000200000010000001000000210020021001211200,2,L,1035
000200000010000001200000210020021001211200,1,W,1036
000200000011000001200000210020021001211200,2,L,1037
000220000011000001200000210020021001211200,1,W,1038
000220000011000001200000210020121001211200,2,L,1039
000220000011000001200000210020121001211220,1,W,1040
000220000011000001200000210020121101211220,2,L,1041
000220000011000001200000212020121101211220,1,W,1042
000000000000000000000000000000000000000000,1,W,1043
000000000000000000000000000000000000100000,2,L,1044
000000000000000000000000000000000002100000,1,W,1045
000000000000000000000000000000000002101000,2,L,1046
000000000000000000000000000000020002101000,1,W,1047
000000000000000000000000100000020002101000,2,L,1048
000000000000000002000000100000020002101000,1,W,1049
000000000010000002000000100000020002101000,2,L,1050
000200000010000002000000100000020002101000,1,W,1051
000200000010000002000000100000020002101100,2,L,1052
000200000010000002000000100000022002101100,1,W,1053
000200000010000002000000110000022002101100,2,L,1054
000200000010000002200000110000022002101100,1,W,1055
000200000011000002200000110000022002101100,2,L,1056
000220000011000002200000110000022002101100,1,W,1057
000220000011000002200000110000022002111100,2,L,1058
000220000011000002200000110000022002111120,1,W,1059
000220000011000002200000110000122002111120,2,L,1060
000220000011000002200000110000122202111120,1,W,1061
000220000011000002200001110000122202111120,2,L,1062
000220000011000002200001112000122202111120,1,W,1063
000000000000000000000000000000000000000000,1,W,1064
000000000000000000000000000000000000001000,2,L,1065
000000000000000000000000000000020000001000,1,W,1066
000000000000000000000000100000020000001000,2,L,1067
000000000000000000000000100000020000001200,1,W,1068
000000000000000001000000100000020000001200,2,L,1069
000000000020000001000000100000020000001200,1,W,1070
000100000020000001000000100000020000001200,2,L,1071
000100000020000001000000100000022000001200,1,W,1072
000100000020000001000000110000022000001200,2,L,1073
000100000020000001200000110000022000001200,1,W,1074
000100000021000001200000110000022000001200,2,L,1075
000120000021000001200000110000022000001200,1,W,1076
000120000021000001200000110000022000011200,2,L,1077
000120000021000001200000110000222000011200,1,W,1078
000120000021000001200001110000222000011200,2,L,1079
000120000021000001200001110000222002011200,1,W,1080
000120000021000001200001110000222002011210,2,L,1081
000120000021000001200001110000222002211210,1,W,1082
000120000021000001200001110000222102211210,2,L,1083
000120000021000021200001110000222102211210,1,W,1084
000000000000000000000000000000000000000000,1,W,1085
000000000000000000000000000000000000000010,2,L,1086
000000000000000000000000000000000000002010,1,W,1087
000000000000000000000000000000010000002010,2,L,1088
000000000000000000000000200000010000002010,1,W,1089
000000000000000001000000200000010000002010,2,L,1090
000000000020000001000000200000010000002010,1,W,1091
000100000020000001000000200000010000002010,2,L,1092
000100000020000001000000200000010000002210,1,W,1093
000100000020000001000000200000010000002211,2,L,1094
000100000020000001000000200000012000002211,1,W,1095
000100000020000001000000200000012010002211,2,L,1096
000100000020000001000000220000012010002211,1,W,1097
000100000020000001000000220100012010002211,2,L,1098
000100000020000001000000220100012010022211,1,W,1099
000100000020000001100000220100012010022211,2,L,1100
000100000022000001100000220100012010022211,1,W,1101
000100000022000001100000220100012110022211,2,L,1102
000120000022000001100000220100012110022211,1,W,1103
000000000000000000000000000000000000000000,1,L,1104
000000000000000000000000000000000000001000,2,W,1105
000000000000000000000000000000020000001000,1,L,1106
000000000000000000000000100000020000001000,2,W,1107
000000000000000000000000100000020000021000,1,L,1108
000000000000000001000000100000020000021000,2,W,1109
000000000000000001000000100000020000021020,1,L,1110
000000000010000001000000100000020000021020,2,W,1111
000200000010000001000000100000020000021020,1,L,1112
000200000010000001000000100000020000021120,2,W,1113
000200000010000001000000100000020200021120,1,L,1114
000200000010000001000000100000021200021120,2,W,1115
000200000010000001000000120000021200021120,1,L,1116
000200000010000001100000120000021200021120,2,W,1117
000200000010000001100000122000021200021120,1,L,1118
000200000011000001100000122000021200021120,2,W,1119
000000000000000000000000000000000000000000,1,L,1120
000000000000000000000000000000000000001000,2,W,1121
000000000000000000000000000000000000001200,1,L,1122
000000000000000000000000000000010000001200,2,W,1123
000000000000000000000000200000010000001200,1,L,1124
000000000000000000000000200000010000101200,2,W,1125
000000000000000002000000200000010000101200,1,L,1126
000000000000000002000000200000011000101200,2,W,1127
000000000020000002000000200000011000101200,1,L,1128
000100000020000002000000200000011000101200,2,W,1129
000100000020000002000000220000011000101200,1,L,1130
000100000020000002100000220000011000101200,2,W,1131
000100000022000002100000220000011000101200,1,L,1132
000110000022000002100000220000011000101200,2,W,1133
000110000022000002100000220000011000121200,1,L,1134
000110000022000002100000220000011000121210,2,W,1135
000110000022000002100000220000211000121210,1,L,1136
000110000022000002100000220000211000121211,2,W,1137
000110000022000002100002220000211000121211,1,L,1138
000110000022000002100002220000211100121211,2,W,1139
000000000000000000000000000000000000000000,1,W,1140
000000000000000000000000000000000000001000,2,L,1141
000000000000000000000000000000020000001000,1,W,1142
000000000000000000000000100000020000001000,2,L,1143
000000000000000002000000100000020000001000,1,W,1144
000000000010000002000000100000020000001000,2,L,1145
000200000010000002000000100000020000001000,1,W,1146
000200000010000002000000100000020000001100,2,L,1147
000200000010000002000000100000022000001100,1,W,1148
000200000010000002000000110000022000001100,2,L,1149
000200000010000002200000110000022000001100,1,W,1150
000200000011000002200000110000022000001100,2,L,1151
000220000011000002200000110000022000001100,1,W,1152
000220000011000002200000110000022000011100,2,L,1153
000220000011000002200000110000022000011120,1,W,1154
000220000011000002200000110000122000011120,2,L,1155
000220000011000002200000110000122200011120,1,W,1156
000220000011000002200001110000122200011120,2,L,1157
000220000011000002200001112000122200011120,1,W,1158
000000000000000000000000000000000000000000,1,L,1159
000000000000000000000000000000000000001000,2,W,1160
000000000000000000000000000000020000001000,1,L,1161
000000000000000000000000100000020000001000,2,W,1162
000000000000000000000000100000020002001000,1,L,1163
000000000000000001000000100000020002001000,2,W,1164
000000000020000001000000100000020002001000,1,L,1165
000100000020000001000000100000020002001000,2,W,1166
000100000020000001000000100000020002001200,1,L,1167
000100000020000001000000100000021002001200,2,W,1168
000100000020000001000000100000021002021200,1,L,1169
000100000020000001000000100000021002121200,2,W,1170
000100000020000001000000120000021002121200,1,L,1171
000100000020000001100000120000021002121200,2,W,1172
000100000022000001100000120000021002121200,1,L,1173
000100000022000001100000120000121002121200,2,W,1174
000120000022000001100000120000121002121200,1,L,1175
000120000022000001100001120000121002121200,2,W,1176
000120000022000021100001120000121002121200,1,L,1177
000120000122000021100001120000121002121200,2,W,1178
002120000122000021100001120000121002121200,1,L,1179
002120000122000021100001120000121002121210,2,W,1180
002120000122000021100001120000121202121210,1,L,1181
002120000122000021100001121000121202121210,2,W,1182
000000000000000000000000000000000000000000,1,L,1183
000000000000000000000000000000000000000010,2,W,1184
000000000000000000000000000000000000002010,1,L,1185
000000000000000000000000000000010000002010,2,W,1186
000000000000000000000000200000010000002010,1,L,1187
000000000000000001000000200000010000002010,2,W,1188
000000000000000001000000200000010000202010,1,L,1189
000000000010000001000000200000010000202010,2,W,1190
000200000010000001000000200000010000202010,1,L,1191
000200000010000001000000200000010000202110,2,W,1192
000200000010000001000000200000010000202112,1,L,1193
000200000010000001000000200000011000202112,2,W,1194
000200000010000001000000200000011020202112,1,L,1195
000200000010000001000000200000011021202112,2,W,1196
000200000010000001000000200200011021202112,1,L,1197
000200000010000001000000210200011021202112,2,W,1198
000000000000000000000000000000000000000000,1,W,1199
000000000000000000000000000000000000001000,2,L,1200
000000000000000000000000000000020000001000,1,W,1201
000000000000000000000000100000020000001000,2,L,1202
000000000000000002000000100000020000001000,1,W,1203
000000000010000002000000100000020000001000,2,L,1204
000200000010000002000000100000020000001000,1,W,1205
000200000010000002000000100000020000001100,2,L,1206
000200000010000002000000100000022000001100,1,W,1207
000200000010000002000000110000022000001100,2,L,1208
000200000010000002200000110000022000001100,1,W,1209
000200000011000002200000110000022000001100,2,L,1210
000220000011000002200000110000022000001100,1,W,1211
000220000011000002200000110000022000011100,2,L,1212
000220000011000002200000110000022000011120,1,W,1213
000220000011000002200000110000122000011120,2,L,1214
000220000011000002200000110000122200011120,1,W,1215
000220000011000002200001110000122200011120,2,L,1216
000220000011000002200001112000122200011120,1,W,1217
000000000000000000000000000000000000000000,1,W,1218
000000000000000000000000000000000000001000,2,L,1219
000000000000000000000000000000020000001000,1,W,1220
000000000000000000000000100000020000001000,2,L,1221
000000000000000002000000100000020000001000,1,W,1222
000000000010000002000000100000020000001000,2,L,1223
000200000010000002000000100000020000001000,1,W,1224
000200000010000002000000100000020000001100,2,L,1225
000200000010000002000000100000022000001100,1,W,1226
000200000010000002000000110000022000001100,2,L,1227
000200000010000002200000110000022000001100,1,W,1228
000200000011000002200000110000022000001100,2,L,1229
000220000011000002200000110000022000001100,1,W,1230
000220000011000002200000110000022000011100,2,L,1231
000220000011000002200000110000022000011120,1,W,1232
000220000011000002200000110000122000011120,2,L,1233
000220000011000002200000110000122000011122,1,W,1234
000220000011000002200001110000122000011122,2,L,1235
000220000011000002200001110000122200011122,1,W,1236
000000000000000000000000000000000000000000,1,W,1237
000000000000000000000000000000000000001000,2,L,1238
000000000000000000000000000000020000001000,1,W,1239
000000000000000000000000100000020000001000,2,L,1240
000000000000000002000000100000020000001000,1,W,1241
000000000000000002000000100000020001001000,2,L,1242
000000000020000002000000100000020001001000,1,W,1243
000100000020000002000000100000020001001000,2,L,1244
000100000020000002000000100000020001001200,1,W,1245
000100000020000002000000100000021001001200,2,L,1246
000100000020000002000000120000021001001200,1,W,1247
000100000020000002100000120000021001001200,2,L,1248
000100000022000002100000120000021001001200,1,W,1249
000110000022000002100000120000021001001200,2,L,1250
000110000022000002100000120000021001021200,1,W,1251
000110000022000002100000120000021001021210,2,L,1252
000110000022000002100000120000221001021210,1,W,1253
000110000022000002100000120000221101021210,2,L,1254
000110000022000002100000120000221101021212,1,W,1255
000110000022000002100000121000221101021212,2,L,1256
000110000022000002100002121000221101021212,1,W,1257
000000000000000000000000000000000000000000,1,L,1258
000000000000000000000000000000000000001000,2,W,1259
000000000000000000000000000000020000001000,1,L,1260
000000000000000000000000100000020000001000,2,W,1261
000000000000000002000000100000020000001000,1,L,1262
000000000010000002000000100000020000001000,2,W,1263
000200000010000002000000100000020000001000,1,L,1264
000200000010000002000000100000020000001100,2,W,1265
000200000010000002000000100000022000001100,1,L,1266
000200000010000002000000110000022000001100,2,W,1267
000200000010000002200000110000022000001100,1,L,1268
000200000010000002200000110000022000001110,2,W,1269
000200000010000002200000110000022000021110,1,L,1270
000200000011000002200000110000022000021110,2,W,1271
000200000011000002200000110000022200021110,1,L,1272
000210000011000002200000110000022200021110,2,W,1273
000000000000000000000000000000000000000000,1,W,1274
000000000000000000000000000000000000001000,2,L,1275
000000000000000000000000000000020000001000,1,W,1276
000000000000000000000000100000020000001000,2,L,1277
000000000000000002000000100000020000001000,1,W,1278
000000000010000002000000100000020000001000,2,L,1279
000200000010000002000000100000020000001000,1,W,1280
000200000010000002000000100000020000001100,2,L,1281
000200000010000002000000100000022000001100,1,W,1282
000200000010000002000000110000022000001100,2,L,1283
000200000010000002200000110000022000001100,1,W,1284
000200000011000002200000110000022000001100,2,L,1285
000220000011000002200000110000022000001100,1,W,1286
000220000011000002200000110000022000001110,2,L,1287
000220000011000002200000110000022002001110,1,W,1288
000000000000000000000000000000000000000000,1,L,1289
000000000000000000000000000000000000001000,2,W,1290
000000000000000000000000000000020000001000,1,L,1291
000000000000000000000000100000020000001000,2,W,1292
000000000000000002000000100000020000001000,1,L,1293
000000000010000002000000100000020000001000,2,W,1294
000200000010000002000000100000020000001000,1,L,1295
000200000010000002000000100000020000001100,2,W,1296
000200000010000002000000100000022000001100,1,L,1297
000200000010000002000000110000022000001100,2,W,1298
000200000010000002200000110000022000001100,1,L,1299
000200000010000002200000110000022000011100,2,W,1300
000200000010000002200000110000022002011100,1,L,1301
000200000011000002200000110000022002011100,2,W,1302
000200000011000002200000110000022002011120,1,L,1303
000210000011000002200000110000022002011120,2,W,1304
000210000011000002200000110000222002011120,1,L,1305
000210000011000002200001110000222002011120,2,W,1306
000000000000000000000000000000000000000000,1,L,1307
000000000000000000000000000000000000001000,2,W,1308
000000000000000000000000000000020000001000,1,L,1309
000000000000000000000000100000020000001000,2,W,1310
000000000000000002000000100000020000001000,1,L,1311
000000000010000002000000100000020000001000,2,W,1312
000200000010000002000000100000020000001000,1,L,1313
000200000010000002000000100000020000001100,2,W,1314
000200000010000002000000100000022000001100,1,L,1315
000200000010000002000000110000022000001100,2,W,1316
000200000010000002200000110000022000001100,1,L,1317
000200000011000002200000110000022000001100,2,W,1318
000220000011000002200000110000022000001100,1,L,1319
000220000011000002200000110000022000011100,2,W,1320
000220000011000002200000110000022000011120,1,L,1321
000220000011000002200000110000122000011120,2,W,1322
000220000011000002200000110000122200011120,1,L,1323
000220000011000002200001110000122200011120,2,W,1324
000220000011000002200001112000122200011120,1,L,1325
000220000011000002200001112000122200011121,2,W,1326
000000000000000000000000000000000000000000,1,L,1327
000000000000000000000000000000000000000010,2,W,1328
000000000000000000000000000000000000002010,1,L,1329
000000000000000000000000000000000000002110,2,W,1330
000000000000000000000000000000000000002112,1,L,1331
000000000000000000000000000000000010002112,2,W,1332
000000000000000000000000000000000210002112,1,L,1333
000000000000000000000000000100000210002112,2,W,1334
000000000000000000002000000100000210002112,1,L,1335
000000000000010000002000000100000210002112,2,W,1336
000000200000010000002000000100000210002112,1,L,1337
000000200000010000002000000100010210002112,2,W,1338
000000200000010000002000200100010210002112,1,L,1339
000000200000010001002000200100010210002112,2,W,1340
000000200020010001002000200100010210002112,1,L,1341
000000200020010001002000200100010210102112,2,W,1342
000200200020010001002000200100010210102112,1,L,1343
000200200020010001002000200100011210102112,2,W,1344
000200200020010001002000220100011210102112,1,L,1345
000200200020010001002000220101011210102112,2,W,1346
000200200020010001202000220101011210102112,1,L,1347
000200200021010001202000220101011210102112,2,W,1348
000220200021010001202000220101011210102112,1,L,1349
000220200021010001202000220101011210112112,2,W,1350
000220200021010001202000222101011210112112,1,L,1351
000220200021010001202000222101111210112112,2,W,1352
000000000000000000000000000000000000000000,1,W,1353
000000000000000000000000000000000000001000,2,L,1354
000000000000000000000000000000020000001000,1,W,1355
000000000000000000000000100000020000001000,2,L,1356
000000000000000002000000100000020000001000,1,W,1357
000000000010000002000000100000020000001000,2,L,1358
000200000010000002000000100000020000001000,1,W,1359
000200000010000002000000100000020000001100,2,L,1360
000200000010000002000000100000022000001100,1,W,1361
000200000010000002000000110000022000001100,2,L,1362
000200000010000002200000110000022000001100,1,W,1363
000200000010000002200000110000022000001110,2,L,1364
000200000010000002200000110000022000001112,1,W,1365
000200000011000002200000110000022000001112,2,L,1366
000200000011000002200000110000022020001112,1,W,1367
000210000011000002200000110000022020001112,2,L,1368
000210000011000002200000110000022020201112,1,W,1369
000000000000000000000000000000000000000000,1,W,1370
000000000000000000000000000000000000001000,2,L,1371
000000000000000000000000000000020000001000,1,W,1372
000000000000000000000000000000020001001000,2,L,1373
000000000000000000000000200000020001001000,1,W,1374
000000000000000001000000200000020001001000,2,L,1375
000000000020000001000000200000020001001000,1,W,1376
000100000020000001000000200000020001001000,2,L,1377
000100000020000001000000200000020001001200,1,W,1378
000100000020000001000000200000021001001200,2,L,1379
000100000020000001000000220000021001001200,1,W,1380
000100000020000001100000220000021001001200,2,L,1381
000100000022000001100000220000021001001200,1,W,1382
000100000022000001100000220010021001001200,2,L,1383
000120000022000001100000220010021001001200,1,W,1384
000120000022000001100000220010021001101200,2,L,1385
000120000022000001100200220010021001101200,1,W,1386
000120000022000001100200220010021001111200,2,L,1387
000120000022000001100200220010221001111200,1,W,1388
000120000022000001100201220010221001111200,2,L,1389
000120000022000001100201220010221001111220,1,W,1390
000120000022000001100201220010221101111220,2,L,1391
000120000022000021100201220010221101111220,1,W,1392
000120000022000021100201221010221101111220,2,L,1393
000120000222000021100201221010221101111220,1,W,1394
000120000222000021100201221011221101111220,2,L,1395
002120000222000021100201221011221101111220,1,W,1396
002120000222000021100211221011221101111220,2,L,1397
002120000222000021120211221011221101111220,1,W,1398
000000000000000000000000000000000000000000,1,W,1399
000000000000000000000000000000000000001000,2,L,1400
000000000000000000000000000000020000001000,1,W,1401
000000000000000000000000100000020000001000,2,L,1402
000000000000000002000000100000020000001000,1,W,1403
000000000010000002000000100000020000001000,2,L,1404
000200000010000002000000100000020000001000,1,W,1405
000200000010000002000000100000020000001100,2,L,1406
000200000010000002000000100000022000001100,1,W,1407
000200000010000002000000110000022000001100,2,L,1408
000200000010000002200000110000022000001100,1,W,1409
000200000011000002200000110000022000001100,2,L,1410
000220000011000002200000110000022000001100,1,W,1411
000220000011000002200000110000022000101100,2,L,1412
000220000011000002200000110000022000121100,1,W,1413
000220000011000002200000110000122000121100,2,L,1414
000220000011000002200000110000122000121120,1,W,1415
000220000011000002200001110000122000121120,2,L,1416
000220000011000002200001110000122200121120,1,W,1417
000220000011000012200001110000122200121120,2,L,1418
000220000011000012200001112000122200121120,1,W,1419
000000000000000000000000000000000000000000,1,L,1420
000000000000000000000000000000000000000100,2,W,1421
000000000000000000000000000000000000002100,1,L,1422
000000000000000000000000000000010000002100,2,W,1423
000000000000000000000000200000010000002100,1,L,1424
000000000000000000000000200000010001002100,2,W,1425
000000000000000002000000200000010001002100,1,L,1426
000000000010000002000000200000010001002100,2,W,1427
000200000010000002000000200000010001002100,1,L,1428
000200000010000002000000200000011001002100,2,W,1429
000200000010000002000000220000011001002100,1,L,1430
000200000010000002100000220000011001002100,2,W,1431
000200000012000002100000220000011001002100,1,L,1432
000210000012000002100000220000011001002100,2,W,1433
000210000012000002100000220000011001022100,1,L,1434
000210000012000002100000220000111001022100,2,W,1435
000210000012000002100002220000111001022100,1,L,1436
000210000012000002100002220000111001022110,2,W,1437
000210000012000002100002220000111201022110,1,L,1438
000210000012000012100002220000111201022110,2,W,1439
000000000000000000000000000000000000000000,1,W,1440
000000000000000000000000000000000000000001,2,L,1441
000000000000000000000000000000000000002001,1,W,1442
000000000000000000000000000000010000002001,2,L,1443
000000000000000000000000200000010000002001,1,W,1444
000000000000000001000000200000010000002001,2,L,1445
000000000020000001000000200000010000002001,1,W,1446
000100000020000001000000200000010000002001,2,L,1447
000100000020000001000000200000010000002201,1,W,1448
000100000020000001000000200000011000002201,2,L,1449
000100000020000001000000220000011000002201,1,W,1450
000100000020000001100000220000011000002201,2,L,1451
000100000022000001100000220000011000002201,1,W,1452
000100000022000001100000220000011000102201,2,L,1453
000120000022000001100000220000011000102201,1,W,1454
000120000022000001100000220000011000112201,2,L,1455
000120000022000001100000220000211000112201,1,W,1456
000120000022000001100000220000211000112211,2,L,1457
000120000022000001100002220000211000112211,1,W,1458
000120000022000001100002220000211100112211,2,L,1459
000120000022000021100002220000211100112211,1,W,1460
000120000122000021100002220000211100112211,2,L,1461
002120000122000021100002220000211100112211,1,W,1462
000000000000000000000000000000000000000000,1,W,1463
000000000000000000000000000000000000001000,2,L,1464
000000000000000000000000000000020000001000,1,W,1465
000000000000000000000000100000020000001000,2,L,1466
000000000000000002000000100000020000001000,1,W,1467
000000000010000002000000100000020000001000,2,L,1468
000200000010000002000000100000020000001000,1,W,1469
000200000010000002000000100000020000001100,2,L,1470
000200000010000002000000100000020002001100,1,W,1471
000200000010000002000000100000020002001110,2,L,1472
000200000010000002000000100000020002001112,1,W,1473
000200000010000002000000100000021002001112,2,L,1474
000200000010000002000000100000021022001112,1,W,1475
000200000010000002000000110000021022001112,2,L,1476
000200000010000002000000110200021022001112,1,W,1477
000000000000000000000000000000000000000000,1,L,1478
000000000000000000000000000000000000001000,2,W,1479
000000000000000000000000000000000000001020,1,L,1480
000000000000000000000000000000010000001020,2,W,1481
000000000000000000000000200000010000001020,1,L,1482
000000000000000001000000200000010000001020,2,W,1483
000000000000000001000000200000010002001020,1,L,1484
000000000010000001000000200000010002001020,2,W,1485
000200000010000001000000200000010002001020,1,L,1486
000200000010000001000000200000010002001120,2,W,1487
000200000010000001000000200000010002001122,1,L,1488
000200000010000001000000200000010002101122,2,W,1489
000200000010000001000000200000010022101122,1,L,1490
000200000010000001000000200000011022101122,2,W,1491
000200000010000001000000200200011022101122,1,L,1492
000200000010000001000000210200011022101122,2,W,1493
000000000000000000000000000000000000000000,1,L,1494
000000000000000000000000000000000000001000,2,W,1495
000000000000000000000000000000020000001000,1,L,1496
000000000000000000000000100000020000001000,2,W,1497
000000000000000002000000100000020000001000,1,L,1498
000000000000000002000000100000020001001000,2,W,1499
000000000020000002000000100000020001001000,1,L,1500
000100000020000002000000100000020001001000,2,W,1501
000100000020000002000000100000020001001200,1,L,1502
000100000020000002000000100000021001001200,2,W,1503
000100000020000002000000120000021001001200,1,L,1504
000100000020000002100000120000021001001200,2,W,1505
000100000022000002100000120000021001001200,1,L,1506
000100000022000002100000120000021001101200,2,W,1507
000120000022000002100000120000021001101200,1,L,1508
000120000022000002100000120000021001111200,2,W,1509
000120000022000002100000120000221001111200,1,L,1510
000120000022000002100000120000221001111210,2,W,1511
000120000022000002100002120000221001111210,1,L,1512
000120000022000002100002120000221101111210,2,W,1513
000120000022000002100002122000221101111210,1,L,1514
000120000022000002110002122000221101111210,2,W,1515
000120000022200002110002122000221101111210,1,L,1516
000120000022200002110002122000221101111211,2,W,1517
000000000000000000000000000000000000000000,1,W,1518
000000000000000000000000000000000000001000,2,L,1519
000000000000000000000000000000020000001000,1,W,1520
000000000000000000000000100000020000001000,2,L,1521
000000000000000002000000100000020000001000,1,W,1522
000000000010000002000000100000020000001000,2,L,1523
000000000010000002000000100000020000001002,1,W,1524
000100000010000002000000100000020000001002,2,L,1525
000100000010000002000000100000020000001202,1,W,1526
000100000010000002000000100000021000001202,2,L,1527
000100000010000002000000120000021000001202,1,W,1528
000100000010000002100000120000021000001202,2,L,1529
000100000012000002100000120000021000001202,1,W,1530
000110000012000002100000120000021000001202,2,L,1531
000110000012000002100000120000021002001202,1,W,1532
000110000012000002100000120000021002011202,2,L,1533
000110000012000002100000120000021022011202,1,W,1534
000110000012000002100000120000021022011212,2,L,1535
000110000012000002100000120000221022011212,1,W,1536
000110000012000002100000120000221122011212,2,L,1537
000110000012000002100002120000221122011212,1,W,1538
000110000012000002100002121000221122011212,2,L,1539
000110000012000002120002121000221122011212,1,W,1540
000000000000000000000000000000000000000000,1,W,1541
000000000000000000000000000000000000001000,2,L,1542
000000000000000000000000000000020000001000,1,W,1543
000000000000000000000000100000020000001000,2,L,1544
000000000000000002000000100000020000001000,1,W,1545
000000000010000002000000100000020000001000,2,L,1546
000000000010000002000000100000020000001200,1,W,1547
000100000010000002000000100000020000001200,2,L,1548
000100000010000002000000100000022000001200,1,W,1549
000100000010000002000000110000022000001200,2,L,1550
000100000010000002200000110000022000001200,1,W,1551
000100000011000002200000110000022000001200,2,L,1552
000120000011000002200000110000022000001200,1,W,1553
000120000011000002200000110000022000011200,2,L,1554
000120000011000002200000110000022000011202,1,W,1555
000120000011000002200000110000122000011202,2,L,1556
000120000011000002200002110000122000011202,1,W,1557
000120000011000012200002110000122000011202,2,L,1558
000120000211000012200002110000122000011202,1,W,1559
000120000211000012200002110000122010011202,2,L,1560
002120000211000012200002110000122010011202,1,W,1561
002120000211000012200002110000122010011212,2,L,1562
002120000211000012200002110000122210011212,1,W,1563
002120000211000012200002111000122210011212,2,L,1564
002120000211000012200002111200122210011212,1,W,1565
002120000211000012210002111200122210011212,2,L,1566
002120000211000012212002111200122210011212,1,W,1567
002120000211100012212002111200122210011212,2,L,1568
002120000211120012212002111200122210011212,1,W,1569
000000000000000000000000000000000000000000,1,W,1570
000000000000000000000000000000000000001000,2,L,1571
000000000000000000000000000000020000001000,1,W,1572
000000000000000000000000100000020000001000,2,L,1573
000000000000000002000000100000020000001000,1,W,1574
000000000010000002000000100000020000001000,2,L,1575
000200000010000002000000100000020000001000,1,W,1576
000200000010000002000000100000020000001001,2,L,1577
000200000010000002000000100000020000001201,1,W,1578
000200000010000002000000100000020000101201,2,L,1579
000200000010000002000000100000022000101201,1,W,1580
000200000010000002000000110000022000101201,2,L,1581
000200000010000002200000110000022000101201,1,W,1582
000200000011000002200000110000022000101201,2,L,1583
000220000011000002200000110000022000101201,1,W,1584
000220000011000002200000110000022000111201,2,L,1585
000220000011000002200000110000022000111221,1,W,1586
000220000011000002200000110000122000111221,2,L,1587
000220000011000002200000110000122200111221,1,W,1588
000220000011000002200001110000122200111221,2,L,1589
000220000011000002200001112000122200111221,1,W,1590
000000000000000000000000000000000000000000,1,L,1591
000000000000000000000000000000000000001000,2,W,1592
000000000000000000000000000000020000001000,1,L,1593
000000000000000000000000000000020001001000,2,W,1594
000000000000000000000000200000020001001000,1,L,1595
000000000000000001000000200000020001001000,2,W,1596
000000000020000001000000200000020001001000,1,L,1597
000100000020000001000000200000020001001000,2,W,1598
000100000020000001000000200000020001001002,1,L,1599
000100000020000001000000200000020001001102,2,W,1600
000100000020000001000000200000022001001102,1,L,1601
000100000020000001000000210000022001001102,2,W,1602
000100000020000001000000210000022001001122,1,L,1603
000100000020000001000000210000022011001122,2,W,1604
000100000020000001200000210000022011001122,1,L,1605
000100000020000001200000210100022011001122,2,W,1606
000100000022000001200000210100022011001122,1,L,1607
000100000022000001201000210100022011001122,2,W,1608
000100000022020001201000210100022011001122,1,L,1609
000100100022020001201000210100022011001122,2,W,1610
000120100022020001201000210100022011001122,1,L,1611
000120100022020001201000210100022011011122,2,W,1612
000120100022020001201000210100222011011122,1,L,1613
000120100022020001201000210100222111011122,2,W,1614
000120100022020001201002210100222111011122,1,L,1615
000120100022020001201002211100222111011122,2,W,1616
000000000000000000000000000000000000000000,1,W,1617
000000000000000000000000000000000000001000,2,L,1618
000000000000000000000000000000000000001200,1,W,1619
000000000000000000000000000000010000001200,2,L,1620
000000000000000000000000200000010000001200,1,W,1621
000000000000000001000000200000010000001200,2,L,1622
000000000020000001000000200000010000001200,1,W,1623
000100000020000001000000200000010000001200,2,L,1624
000100000020000001000000200000012000001200,1,W,1625
000100000020000001000000210000012000001200,2,L,1626
000100000020000001200000210000012000001200,1,W,1627
000100000021000001200000210000012000001200,2,L,1628
000120000021000001200000210000012000001200,1,W,1629
000120000021000001200000210000012000011200,2,L,1630
000120000021000001200000210000212000011200,1,W,1631
000120000021000001200001210000212000011200,2,L,1632
000120000021000001200001210000212000011220,1,W,1633
000120000021000001200001210000212100011220,2,L,1634
000120000021000001200001212000212100011220,1,W,1635
000000000000000000000000000000000000000000,1,L,1636
000000000000000000000000000000000000000010,2,W,1637
000000000000000000000000000000000000002010,1,L,1638
000000000000000000000000000000010000002010,2,W,1639
000000000000000000000000200000010000002010,1,L,1640
000000000000000001000000200000010000002010,2,W,1641
000000000000000001000000200000010000002210,1,L,1642
000000000000000001000000200000010000002211,2,W,1643
000000000000000001000000200000010020002211,1,L,1644
000000000000000001000000200100010020002211,2,W,1645
000000000000000001002000200100010020002211,1,L,1646
000000000000010001002000200100010020002211,2,W,1647
000000200000010001002000200100010020002211,1,L,1648
000000200010010001002000200100010020002211,2,W,1649
000200200010010001002000200100010020002211,1,L,1650
000200200010010001002000200100011020002211,2,W,1651
000200200010010001002000220100011020002211,1,L,1652
000200200010010001102000220100011020002211,2,W,1653
000200200010010001102000220100011022002211,1,L,1654
000200200011010001102000220100011022002211,2,W,1655
000220200011010001102000220100011022002211,1,L,1656
000220200011010001102000220100011022012211,2,W,1657
000220200011010001102000220100011222012211,1,L,1658
000220200011010001102000221100011222012211,2,W,1659
000220200011010001122000221100011222012211,1,L,1660
000220200011010001122000221100111222012211,2,W,1661
000220200011210001122000221100111222012211,1,L,1662
000220200011210001122001221100111222012211,2,W,1663
000222200011210001122001221100111222012211,1,L,1664
000222200011210001122001221100111222112211,2,W,1665
000222200011210021122001221100111222112211,1,L,1666
000222200111210021122001221100111222112211,2,W,1667
000000000000000000000000000000000000000000,1,L,1668
000000000000000000000000000000000000001000,2,W,1669
000000000000000000000000000000020000001000,1,L,1670
000000000000000000000000000000020001001000,2,W,1671
000000000000000000000000000020020001001000,1,L,1672
000000000000000000000000000020020001011000,2,W,1673
000000000000000000000200000020020001011000,1,L,1674
000000000000000000000200000020020001111000,2,W,1675
000000000000000000000200200020020001111000,1,L,1676
000000000000000001000200200020020001111000,2,W,1677
000000000020000001000200200020020001111000,1,L,1678
000100000020000001000200200020020001111000,2,W,1679
000100000020000001000200200020020001111200,1,L,1680
000100000020000001000200200020021001111200,2,W,1681
000100000020000001000200220020021001111200,1,L,1682
000100000020000001100200220020021001111200,2,W,1683
000100000020000001100200220020221001111200,1,L,1684
000100000021000001100200220020221001111200,2,W,1685
000100000021000001100200220020221001111202,1,L,1686
000110000021000001100200220020221001111202,2,W,1687
000110000021000001100202220020221001111202,1,L,1688
000110000021000001100202220020221001111212,2,W,1689
000110000021000021100202220020221001111212,1,L,1690
000110000021000021100202220020221101111212,2,W,1691
000000000000000000000000000000000000000000,1,L,1692
000000000000000000000000000000000000001000,2,W,1693
000000000000000000000000000000020000001000,1,L,1694
000000000000000000000000100000020000001000,2,W,1695
000000000000000002000000100000020000001000,1,L,1696
000000000000000002000000100000020000001100,2,W,1697
000000000020000002000000100000020000001100,1,L,1698
000000000020000002000000100000021000001100,2,W,1699
000000000020000002000000100000021002001100,1,L,1700
000100000020000002000000100000021002001100,2,W,1701
000100000020000002000000120000021002001100,1,L,1702
000100000020000002100000120000021002001100,2,W,1703
000100000022000002100000120000021002001100,1,L,1704
000110000022000002100000120000021002001100,2,W,1705
000110000022000002100000120000021002021100,1,L,1706
000110000022000002100000120000021002021110,2,W,1707
000110000022000002100000120000221002021110,1,L,1708
000110000022000002100000120000221102021110,2,W,1709
000110000022000002100000120000221102021112,1,L,1710
000110000022000002100000121000221102021112,2,W,1711
000110000022000002100002121000221102021112,1,L,1712
000110000022000002100002121010221102021112,2,W,1713
000000000000000000000000000000000000000000,1,W,1714
000000000000000000000000000000000000001000,2,L,1715
000000000000000000000000000000020000001000,1,W,1716
000000000000000000000000100000020000001000,2,L,1717
000000000000000000000000100000020002001000,1,W,1718
000000000000000001000000100000020002001000,2,L,1719
000000000020000001000000100000020002001000,1,W,1720
000100000020000001000000100000020002001000,2,L,1721
000100000020000001000000100000020002001200,1,W,1722
000100000020000001000000100000021002001200,2,L,1723
000100000020000001000000120000021002001200,1,W,1724
000100000020000001100000120000021002001200,2,L,1725
000100000022000001100000120000021002001200,1,W,1726
000110000022000001100000120000021002001200,2,L,1727
000110000022000001100000120000021002021200,1,W,1728
000110000022000001100000120000021002021210,2,L,1729
000110000022000001100000120000221002021210,1,W,1730
000110000022000001100000120000221102021210,2,L,1731
000110000022000001100000120000221102021212,1,W,1732
000110000022000001100000121000221102021212,2,L,1733
000110000022000001100002121000221102021212,1,W,1734
000000000000000000000000000000000000000000,1,L,1735
000000000000000000000000000000000000100000,2,W,1736
000000000000000000000000000000000000100002,1,L,1737
000000000000000000000000000000000000101002,2,W,1738
000000000000000000000000000000000002101002,1,L,1739
000000000000000000000000000010000002101002,2,W,1740
000000000000000000000000000010020002101002,1,L,1741
000000000000000000000000100010020002101002,2,W,1742
000000000000000002000000100010020002101002,1,L,1743
000000000010000002000000100010020002101002,2,W,1744
000200000010000002000000100010020002101002,1,L,1745
000200000010000002000000100010020002101102,2,W,1746
000200000010000002000000100010022002101102,1,L,1747
000200000010000002000000110010022002101102,2,W,1748
000200000010000002200000110010022002101102,1,L,1749
000200000011000002200000110010022002101102,2,W,1750
000220000011000002200000110010022002101102,1,L,1751
000220000011000002200000110010022002111102,2,W,1752
000220000011000002200000110010022002111122,1,L,1753
000220000011000002200100110010022002111122,2,W,1754
000220000011000002200100110010022202111122,1,L,1755
000220000011000002200100110010122202111122,2,W,1756
000220000011000002200100112010122202111122,1,L,1757
000220000011000002200101112010122202111122,2,W,1758
000000000000000000000000000000000000000000,1,L,1759
000000000000000000000000000000000000001000,2,W,1760
000000000000000000000000000000000000001200,1,L,1761
000000000000000000000000000000010000001200,2,W,1762
000000000000000000000000200000010000001200,1,L,1763
000000000000000001000000200000010000001200,2,W,1764
000000000020000001000000200000010000001200,1,L,1765
000100000020000001000000200000010000001200,2,W,1766
000100000020000001000000200000012000001200,1,L,1767
000100000020000001000000200000012000001210,2,W,1768
000100000020000001000000220000012000001210,1,L,1769
000100000020000001000000220000012000001211,2,W,1770
000000000000000000000000000000000000000000,1,L,1771
000000000000000000000000000000000000001000,2,W,1772
000000000000000000000000000000000000001002,1,L,1773
000000000000000000000000000000010000001002,2,W,1774
000000000000000000000000200000010000001002,1,L,1775
000000000000000001000000200000010000001002,2,W,1776
000000000000000001000000200000010000201002,1,L,1777
000000000000000001000000200000010000201012,2,W,1778
000000000020000001000000200000010000201012,1,L,1779
000100000020000001000000200000010000201012,2,W,1780
000100000020000001000000200000010002201012,1,L,1781
000100000020000001000000200000010002201112,2,W,1782
000100000020000001000000200000012002201112,1,L,1783
000100000020000001000000200000012012201112,2,W,1784
000100000020000001000000220000012012201112,1,L,1785
000100000020000001000000220100012012201112,2,W,1786
000100000020000001200000220100012012201112,1,L,1787
000100000020000001201000220100012012201112,2,W,1788
000100000020020001201000220100012012201112,1,L,1789
000100100020020001201000220100012012201112,2,W,1790
000000000000000000000000000000000000000000,1,L,1791
000000000000000000000000000000000000001000,2,W,1792
000000000000000000000000000000020000001000,1,L,1793
000000000000000000000000100000020000001000,2,W,1794
000000000000000002000000100000020000001000,1,L,1795
000000000010000002000000100000020000001000,2,W,1796
000200000010000002000000100000020000001000,1,L,1797
000200000010000002000000100000020000001100,2,W,1798
000200000010000002000000100000022000001100,1,L,1799
000200000010000002000000110000022000001100,2,W,1800
000200000010000002000000110000022000001120,1,L,1801
000200000010000002000000110000022000101120,2,W,1802
000200000010000002000000110000022000101122,1,L,1803
000200000010000002100000110000022000101122,2,W,1804
000200000010000002100000110000022020101122,1,L,1805
000200000010000002100000110000022120101122,2,W,1806
000200000010000002100000110200022120101122,1,L,1807
000200000011000002100000110200022120101122,2,W,1808
000000000000000000000000000000000000000000,1,L,1809
000000000000000000000000000000000000001000,2,W,1810
000000000000000000000000000000020000001000,1,L,1811
000000000000000000000000000000020000101000,2,W,1812
000000000000000000000000200000020000101000,1,L,1813
000000000000000001000000200000020000101000,2,W,1814
000000000020000001000000200000020000101000,1,L,1815
000100000020000001000000200000020000101000,2,W,1816
000100000020000001000000200000020000101200,1,L,1817
000100000020000001000000200000021000101200,2,W,1818
000100000020000001000000220000021000101200,1,L,1819
000100000020000001100000220000021000101200,2,W,1820
000100000022000001100000220000021000101200,1,L,1821
000110000022000001100000220000021000101200,2,W,1822
000110000022000001100000220002021000101200,1,L,1823
000110000022000001100000220002021000111200,2,W,1824
000110000022000001100000220002221000111200,1,L,1825
000110000022000001100001220002221000111200,2,W,1826
000110000022000021100001220002221000111200,1,L,1827
000110000022000021100001220002221000111210,2,W,1828
000110000222000021100001220002221000111210,1,L,1829
000110000222000021100001220002221100111210,2,W,1830
002110000222000021100001220002221100111210,1,L,1831
002110000222000021100001221002221100111210,2,W,1832
002110000222000021120001221002221100111210,1,L,1833
002110000222000021120001221002221100111211,2,W,1834
000000000000000000000000000000000000000000,1,W,1835
000000000000000000000000000000000000001000,2,L,1836
000000000000000000000000000000020000001000,1,W,1837
000000000000000000000000100000020000001000,2,L,1838
000000000000000002000000100000020000001000,1,W,1839
000000000000000002000000100000020000001010,2,L,1840
000000000000000002000000100000020000201010,1,W,1841
000000000010000002000000100000020000201010,2,L,1842
000000000010000002000000100002020000201010,1,W,1843
000100000010000002000000100002020000201010,2,L,1844
000100000010000002000000100002020000201210,1,W,1845
000100000010000002000000100002020001201210,2,L,1846
000100000010000002000000100002022001201210,1,W,1847
000100000010000002000000100002022001211210,2,L,1848
000100000010000002000000120002022001211210,1,W,1849
000100000010000002100000120002022001211210,2,L,1850
000100000012000002100000120002022001211210,1,W,1851
000110000012000002100000120002022001211210,2,L,1852
000110000012000002100000120002222001211210,1,W,1853
000110000012000002100000120002222101211210,2,L,1854
000110000012000002100000120002222101211212,1,W,1855
000110000012000002100000121002222101211212,2,L,1856
000110000012000002100002121002222101211212,1,W,1857
000110000012000012100002121002222101211212,2,L,1858
000110000012000012120002121002222101211212,1,W,1859
000110000112000012120002121002222101211212,2,L,1860
000110000112200012120002121002222101211212,1,W,1861
000000000000000000000000000000000000000000,1,W,1862
000000000000000000000000000000000000000001,2,L,1863
000000000000000000000000000000000000002001,1,W,1864
000000000000000000000000000000010000002001,2,L,1865
000000000000000000000000200000010000002001,1,W,1866
000000000000000001000000200000010000002001,2,L,1867
000000000020000001000000200000010000002001,1,W,1868
000100000020000001000000200000010000002001,2,L,1869
000100000020000001000000200000010000002201,1,W,1870
000100000020000001000000200000011000002201,2,L,1871
000100000020000001000000220000011000002201,1,W,1872
000100000020000001100000220000011000002201,2,L,1873
000100000022000001100000220000011000002201,1,W,1874
000110000022000001100000220000011000002201,2,L,1875
000110000022000001100000220000011000022201,1,W,1876
000110000022000001100000220000011000022211,2,L,1877
000110000022000001100000220000211000022211,1,W,1878
000110000022000001100000220000211100022211,2,L,1879
000110000022000001100000220000211120022211,1,W,1880
000110000022000001100000221000211120022211,2,L,1881
000110000022000001100002221000211120022211,1,W,1882
000000000000000000000000000000000000000000,1,L,1883
000000000000000000000000000000000000100000,2,W,1884
000000000000000000000000000000000000102000,1,L,1885
000000000000000000000000000000010000102000,2,W,1886
000000000000000000000000200000010000102000,1,L,1887
000000000000000000000000200000010001102000,2,W,1888
000000000000000002000000200000010001102000,1,L,1889
000000000010000002000000200000010001102000,2,W,1890
000200000010000002000000200000010001102000,1,L,1891
000200000010000002000000200000010001102100,2,W,1892
000200000010000002000000200000012001102100,1,L,1893
000200000010000002000000210000012001102100,2,W,1894
000200000010000002200000210000012001102100,1,L,1895
000200000011000002200000210000012001102100,2,W,1896
000220000011000002200000210000012001102100,1,L,1897
000220000011000002200000210000012001112100,2,W,1898
000220000011000002200000210000012001112120,1,L,1899
000220000011000002200000210000112001112120,2,W,1900
000220000011000002200000210000112201112120,1,L,1901
000220000011000002200000210000112201112121,2,W,1902
000220000011000002200000210000112221112121,1,L,1903
000220000011000002200001210000112221112121,2,W,1904
000220000011000002200001212000112221112121,1,L,1905
000220000011000002200001212001112221112121,2,W,1906
000000000000000000000000000000000000000000,1,L,1907
000000000000000000000000000000000000001000,2,W,1908
000000000000000000000000000000020000001000,1,L,1909
000000000000000000000000100000020000001000,2,W,1910
000000000000000002000000100000020000001000,1,L,1911
000000000010000002000000100000020000001000,2,W,1912
000200000010000002000000100000020000001000,1,L,1913
000200000010000002000000100000020000001100,2,W,1914
000200000010000002000000100000022000001100,1,L,1915
000200000010000002000000110000022000001100,2,W,1916
000200000010000002200000110000022000001100,1,L,1917
000200000011000002200000110000022000001100,2,W,1918
000220000011000002200000110000022000001100,1,L,1919
000220000011000002200000110000022000011100,2,W,1920
000220000011000002200000110000022000011120,1,L,1921
000220000011000002200000110000122000011120,2,W,1922
000220000011000002200000110000122200011120,1,L,1923
000220000011000002200000110000122201011120,2,W,1924
000220000011000002200002110000122201011120,1,L,1925
000220000011000012200002110000122201011120,2,W,1926
000220000011000012200002112000122201011120,1,L,1927
000220000111000012200002112000122201011120,2,W,1928
000000000000000000000000000000000000000000,1,L,1929
000000000000000000000000000000000000001000,2,W,1930
000000000000000000000000000000020000001000,1,L,1931
000000000000000000000000100000020000001000,2,W,1932
000000000000000002000000100000020000001000,1,L,1933
000000000000000002000000100000020000001100,2,W,1934
000000000020000002000000100000020000001100,1,L,1935
000100000020000002000000100000020000001100,2,W,1936
000100000020000002000000100000022000001100,1,L,1937
000100000020000002000000110000022000001100,2,W,1938
000100000020000002200000110000022000001100,1,L,1939
000100000020000002200000110000022001001100,2,W,1940
000100000022000002200000110000022001001100,1,L,1941
000110000022000002200000110000022001001100,2,W,1942
000110000022000002200000110000022001021100,1,L,1943
000110000022000002200000110000022001021110,2,W,1944
000110000022000002200000110000222001021110,1,L,1945
000110000022000002200000110000222101021110,2,W,1946
000110000022000002200002110000222101021110,1,L,1947
000110000022000002200002111000222101021110,2,W,1948
000110000022000002220002111000222101021110,1,L,1949
000110000022100002220002111000222101021110,2,W,1950
000000000000000000000000000000000000000000,1,W,1951
000000000000000000000000000000000000001000,2,L,1952
000000000000000000000000000000020000001000,1,W,1953
000000000000000000000000100000020000001000,2,L,1954
000000000000000002000000100000020000001000,1,W,1955
000000000000000002000000100000020000001010,2,L,1956
000000000020000002000000100000020000001010,1,W,1957
000100000020000002000000100000020000001010,2,L,1958
000100000020000002000000100000020000001210,1,W,1959
000100000020000002000000100000020000001211,2,L,1960
000100000020000002000000100000020000201211,1,W,1961
000100000020000002000000100000020010201211,2,L,1962
000100000020000002000000100000022010201211,1,W,1963
000100000020000002000000100100022010201211,2,L,1964
000100000020000002000000120100022010201211,1,W,1965
000000000000000000000000000000000000000000,1,W,1966
000000000000000000000000000000000000001000,2,L,1967
000000000000000000000000000000020000001000,1,W,1968
000000000000000000000000100000020000001000,2,L,1969
000000000000000002000000100000020000001000,1,W,1970
000000000010000002000000100000020000001000,2,L,1971
000200000010000002000000100000020000001000,1,W,1972
000200000010000002000000100000020000001100,2,L,1973
000200000010000002000000100000022000001100,1,W,1974
000200000010000002000000110000022000001100,2,L,1975
000200000010000002200000110000022000001100,1,W,1976
000200000011000002200000110000022000001100,2,L,1977
000220000011000002200000110000022000001100,1,W,1978
000220000011000002200000110000022000011100,2,L,1979
000220000011000002200000110000022000011120,1,W,1980
000220000011000002200000110000122000011120,2,L,1981
000220000011000002200000110000122200011120,1,W,1982
000220000011000002200001110000122200011120,2,L,1983
000220000011000002200001112000122200011120,1,W,1984
000000000000000000000000000000000000000000,1,L,1985
000000000000000000000000000000000000001000,2,W,1986
000000000000000000000000000000020000001000,1,L,1987
000000000000000000000000100000020000001000,2,W,1988
000000000000000002000000100000020000001000,1,L,1989
000000000010000002000000100000020000001000,2,W,1990
000200000010000002000000100000020000001000,1,L,1991
000200000010000002000000100000020000001100,2,W,1992
000200000010000002000000100000022000001100,1,L,1993
000200000010000002000000110000022000001100,2,W,1994
000200000010000002200000110000022000001100,1,L,1995
000200000011000002200000110000022000001100,2,W,1996
000200000011000002200000110000022000021100,1,L,1997
000210000011000002200000110000022000021100,2,W,1998
000210000011000002200000110000222000021100,1,L,1999
000210000011000002200001110000222000021100,2,W,2000
000210000011000022200001110000222000021100,1,L,2001
000210000111000022200001110000222000021100,2,W,2002
002210000111000022200001110000222000021100,1,L,2003
002210000111000022200001110000222000021110,2,W,2004
000000000000000000000000000000000000000000,1,L,2005
000000000000000000000000000000000000001000,2,W,2006
000000000000000000000000000000020000001000,1,L,2007
000000000000000000000000100000020000001000,2,W,2008
000000000000000002000000100000020000001000,1,L,2009
000000000010000002000000100000020000001000,2,W,2010
000000000010000002000000100000020000021000,1,L,2011
000100000010000002000000100000020000021000,2,W,2012
000100000010000002000000100000020000021200,1,L,2013
000100000010000002000000100000120000021200,2,W,2014
000100000010000002000000100000122000021200,1,L,2015
000100000010000002000000100000122000021210,2,W,2016
000100000010000002000000100000122200021210,1,L,2017
000100000010000002000000100000122201021210,2,W,2018
000100000010000002000000102000122201021210,1,L,2019
000100000010000002000001102000122201021210,2,W,2020
000100000010000002020001102000122201021210,1,L,2021
000100000010100002020001102000122201021210,2,W,2022
000102000010100002020001102000122201021210,1,L,2023
000102000010100002020001112000122201021210,2,W,2024
000102000010100002220001112000122201021210,1,L,2025
000102000011100002220001112000122201021210,2,W,2026
000000000000000000000000000000000000000000,1,W,2027
000000000000000000000000000000000000001000,2,L,2028
000000000000000000000000000000020000001000,1,W,2029
000000000000000000000000100000020000001000,2,L,2030
000000000000000002000000100000020000001000,1,W,2031
000000000000000002000000100000020000001001,2,L,2032
000000000000000002000000100000020020001001,1,W,2033
000000000010000002000000100000020020001001,2,L,2034
000200000010000002000000100000020020001001,1,W,2035
000200000010000002000000100000020020001101,2,L,2036
000200000010000002000000100000020020001121,1,W,2037
000200000010000002000000100000021020001121,2,L,2038
000200000010000002000000100200021020001121,1,W,2039
000200000010000002000000110200021020001121,2,L,2040
000200000010000002002000110200021020001121,1,W,2041
000200000010010002002000110200021020001121,2,L,2042
000200200010010002002000110200021020001121,1,W,2043
000000000000000000000000000000000000000000,1,W,2044
000000000000000000000000000000000000001000,2,L,2045
000000000000000000000000000000020000001000,1,W,2046
000000000000000000000000100000020000001000,2,L,2047
000000000000000002000000100000020000001000,1,W,2048
000000000010000002000000100000020000001000,2,L,2049
000200000010000002000000100000020000001000,1,W,2050
000200000010000002000000100000020000001100,2,L,2051
000200000010000002000000100000020000001120,1,W,2052
000200000010000002000000100000021000001120,2,L,2053
000200000010000002000000100000021000001122,1,W,2054
000200000010000002000000110000021000001122,2,L,2055
000200000010000002000000110000021020001122,1,W,2056
000000000000000000000000000000000000000000,1,L,2057
000000000000000000000000000000000000001000,2,W,2058
000000000000000000000000000000020000001000,1,L,2059
000000000000000000000000100000020000001000,2,W,2060
000000000000000002000000100000020000001000,1,L,2061
000000000010000002000000100000020000001000,2,W,2062
000200000010000002000000100000020000001000,1,L,2063
000200000010000002000000100000020000001100,2,W,2064
000200000010000002000000100000022000001100,1,L,2065
000200000010000002000000110000022000001100,2,W,2066
000200000010000002200000110000022000001100,1,L,2067
000200000011000002200000110000022000001100,2,W,2068
000220000011000002200000110000022000001100,1,L,2069
000220000011000002200000110000022000011100,2,W,2070
000220000011000002200000110000222000011100,1,L,2071
000220000011000002200001110000222000011100,2,W,2072
000220000011000002200001110000222000011120,1,L,2073
000220000011000012200001110000222000011120,2,W,2074
000000000000000000000000000000000000000000,1,W,2075
000000000000000000000000000000000000001000,2,L,2076
000000000000000000000000000000020000001000,1,W,2077
000000000000000000000000100000020000001000,2,L,2078
000000000000000002000000100000020000001000,1,W,2079
000000000010000002000000100000020000001000,2,L,2080
000200000010000002000000100000020000001000,1,W,2081
000200000010000002000000100000020000001100,2,L,2082
000200000010000002000000100000022000001100,1,W,2083
000200000010000002000000110000022000001100,2,L,2084
000200000010000002200000110000022000001100,1,W,2085
000200000011000002200000110000022000001100,2,L,2086
000220000011000002200000110000022000001100,1,W,2087
000220000011000002200000110000022000011100,2,L,2088
000220000011000002200000110000022000011120,1,W,2089
000220000011000002200000110000122000011120,2,L,2090
000220000011000002200000110000122200011120,1,W,2091
000220000011000002200001110000122200011120,2,L,2092
000220000011000002200001112000122200011120,1,W,2093
000000000000000000000000000000000000000000,1,L,2094
000000000000000000000000000000000000001000,2,W,2095
000000000000000000000000000000020000001000,1,L,2096
000000000000000000000000100000020000001000,2,W,2097
000000000000000000000000100000020000001200,1,L,2098
000000000000000001000000100000020000001200,2,W,2099
000000000020000001000000100000020000001200,1,L,2100
000100000020000001000000100000020000001200,2,W,2101
000100000020000001000000100000022000001200,1,L,2102
000100000020000001000000110000022000001200,2,W,2103
000100000020000001200000110000022000001200,1,L,2104
000100000021000001200000110000022000001200,2,W,2105
000100000021000001200000110000022000001202,1,L,2106
000110000021000001200000110000022000001202,2,W,2107
000110000021000001200000110000022000021202,1,L,2108
000110000021000001200000110000022000021212,2,W,2109
000110000021000001200000110000222000021212,1,L,2110
000110000021000001200000110000222100021212,2,W,2111
000110000021000001200002110000222100021212,1,L,2112
000110000021000001200002111000222100021212,2,W,2113
000000000000000000000000000000000000000000,1,L,2114
000000000000000000000000000000000000001000,2,W,2115
000000000000000000000000000000020000001000,1,L,2116
000000000000000000000000100000020000001000,2,W,2117
000000000000000002000000100000020000001000,1,L,2118
000000000010000002000000100000020000001000,2,W,2119
000200000010000002000000100000020000001000,1,L,2120
000200000010000002000000100000020000001100,2,W,2121
000200000010000002000000100000022000001100,1,L,2122
000200000010000002000000110000022000001100,2,W,2123
000200000010000002200000110000022000001100,1,L,2124
000200000011000002200000110000022000001100,2,W,2125
000200000011000002200000110000022000001102,1,L,2126
000210000011000002200000110000022000001102,2,W,2127
000210000011000002200000110000022000021102,1,L,2128
000210000011000002200000110000122000021102,2,W,2129
000210000011000002200002110000122000021102,1,L,2130
000210000011000002200002110000122001021102,2,W,2131
000210000011000002200002110020122001021102,1,L,2132
000210000011000012200002110020122001021102,2,W,2133
000210000211000012200002110020122001021102,1,L,2134
001210000211000012200002110020122001021102,2,W,2135
001210000211000012200002110020122021021102,1,L,2136
001210000211000012200002110020122021021112,2,W,2137
001210000211000012200002110020122221021112,1,L,2138
001210000211000012200002110020122221121112,2,W,2139
001210000211000012200002112020122221121112,1,L,2140
001210000211000012210002112020122221121112,2,W,2141
001210000211000012210002112220122221121112,1,L,2142
001210000211100012210002112220122221121112,2,W,2143
000000000000000000000000000000000000000000,1,W,2144
000000000000000000000000000000000000001000,2,L,2145
000000000000000000000000000000020000001000,1,W,2146
000000000000000000000000100000020000001000,2,L,2147
000000000000000000000000100000020002001000,1,W,2148
000000000000000001000000100000020002001000,2,L,2149
000000000020000001000000100000020002001000,1,W,2150
000100000020000001000000100000020002001000,2,L,2151
000100000020000001000000100000020002001200,1,W,2152
000100000020000001000000100000021002001200,2,L,2153
000100000020000001000000120000021002001200,1,W,2154
000100000020000001100000120000021002001200,2,L,2155
000100000022000001100000120000021002001200,1,W,2156
000110000022000001100000120000021002001200,2,L,2157
000110000022000001100000120000021002021200,1,W,2158
000110000022000001100000120000021002021210,2,L,2159
000110000022000001100000120000221002021210,1,W,2160
000110000022000001100000120000221102021210,2,L,2161
000110000022000001100000120000221102021212,1,W,2162
000110000022000001100000121000221102021212,2,L,2163
000110000022000001100002121000221102021212,1,W,2164
000000000000000000000000000000000000000000,1,L,2165
000000000000000000000000000000000000001000,2,W,2166
000000000000000000000000000000020000001000,1,L,2167
000000000000000000000000100000020000001000,2,W,2168
000000000000000002000000100000020000001000,1,L,2169
000000000000000002000000100000020000101000,2,W,2170
000000000000000002000000100000020000121000,1,L,2171
000000000000000002000000100000020000121100,2,W,2172
000000000000000002000000100000022000121100,1,L,2173
000000000000000002000000100000022001121100,2,W,2174
000000000020000002000000100000022001121100,1,L,2175
000100000020000002000000100000022001121100,2,W,2176
000100000020000002000000120000022001121100,1,L,2177
000100000020000002100000120000022001121100,2,W,2178
000100000022000002100000120000022001121100,1,L,2179
000110000022000002100000120000022001121100,2,W,2180
000110000022000002100000120000222001121100,1,L,2181
000110000022000002100000120000222001121110,2,W,2182
000110000022000002100002120000222001121110,1,L,2183
000110000022000002100002120000222101121110,2,W,2184
000110000022000002100002122000222101121110,1,L,2185
000110000022000002110002122000222101121110,2,W,2186
000110000022200002110002122000222101121110,1,L,2187
000111000022200002110002122000222101121110,2,W,2188
000111000022200002110002122000222101121112,1,L,2189
000111000022200012110002122000222101121112,2,W,2190
000000000000000000000000000000000000000000,1,L,2191
000000000000000000000000000000000000001000,2,W,2192
000000000000000000000000000000020000001000,1,L,2193
000000000000000000000000100000020000001000,2,W,2194
000000000000000002000000100000020000001000,1,L,2195
000000000010000002000000100000020000001000,2,W,2196
000200000010000002000000100000020000001000,1,L,2197
000200000010000002000000100000020000001100,2,W,2198
000200000010000002000000100000022000001100,1,L,2199
000200000010000002000000110000022000001100,2,W,2200
000200000010000002200000110000022000001100,1,L,2201
000200000010000002200000110000022001001100,2,W,2202
000200000012000002200000110000022001001100,1,L,2203
000210000012000002200000110000022001001100,2,W,2204
000210000012000002200000110000022001021100,1,L,2205
000210000012000002200000110000122001021100,2,W,2206
000210000012000002200002110000122001021100,1,L,2207
000210000012000002200002110000122001021110,2,W,2208
000210000012000002200002110000122001021112,1,L,2209
000210000012000002200002110000122001121112,2,W,2210
000210000012000002200002110000122201121112,1,L,2211
000210000012000012200002110000122201121112,2,W,2212
000000000000000000000000000000000000000000,1,L,2213
000000000000000000000000000000000000001000,2,W,2214
000000000000000000000000000000020000001000,1,L,2215
000000000000000000000000100000020000001000,2,W,2216
000000000000000002000000100000020000001000,1,L,2217
000000000010000002000000100000020000001000,2,W,2218
000200000010000002000000100000020000001000,1,L,2219
000200000010000002000000100000020000001100,2,W,2220
000200000010000002000000100000022000001100,1,L,2221
000200000010000002000000100000022000001101,2,W,2222
000200000010000002000000120000022000001101,1,L,2223
000200000010000002100000120000022000001101,2,W,2224
000200000012000002100000120000022000001101,1,L,2225
000210000012000002100000120000022000001101,2,W,2226
000210000012000002100000120000022000021101,1,L,2227
000210000012000002100000120000122000021101,2,W,2228
000210000012000002100002120000122000021101,1,L,2229
000210000012000002100002120000122000021111,2,W,2230
000210000012000002100002120000122200021111,1,L,2231
000210000012000012100002120000122200021111,2,W,2232
000210000012000012100002122000122200021111,1,L,2233
000210000112000012100002122000122200021111,2,W,2234
000000000000000000000000000000000000000000,1,W,2235
000000000000000000000000000000000000001000,2,L,2236
000000000000000000000000000000020000001000,1,W,2237
000000000000000000000000100000020000001000,2,L,2238
000000000000000002000000100000020000001000,1,W,2239
000000000010000002000000100000020000001000,2,L,2240
000200000010000002000000100000020000001000,1,W,2241
000200000010000002000000100000020000001100,2,L,2242
000200000010000002000000100000022000001100,1,W,2243
000200000010000002000000100000022000001101,2,L,2244
000200000010000002000000120000022000001101,1,W,2245
000200000010000002100000120000022000001101,2,L,2246
000200000012000002100000120000022000001101,1,W,2247
000200000012000002100000120000022000101101,2,L,2248
000220000012000002100000120000022000101101,1,W,2249
000220000012000002100000120000022000111101,2,L,2250
000220000012000002100000120000022020111101,1,W,2251
000220000012000002100000120000122020111101,2,L,2252
000220000012000002100000120000122020111121,1,W,2253
000220000012000002100001120000122020111121,2,L,2254
000220000012000002100001120000122220111121,1,W,2255
000000000000000000000000000000000000000000,1,W,2256
000000000000000000000000000000000000001000,2,L,2257
000000000000000000000000000000000000201000,1,W,2258
000000000000000000000000000000010000201000,2,L,2259
000000000000000000000000200000010000201000,1,W,2260
000000000000000001000000200000010000201000,2,L,2261
000000000020000001000000200000010000201000,1,W,2262
000100000020000001000000200000010000201000,2,L,2263
000100000020000001000000200000010000201200,1,W,2264
000100000020000001000000200001010000201200,2,L,2265
000100000020000001000000200001012000201200,1,W,2266
000100000020000001000000210001012000201200,2,L,2267
000100000020000001200000210001012000201200,1,W,2268
000100000021000001200000210001012000201200,2,L,2269
000120000021000001200000210001012000201200,1,W,2270
000120000021000001200010210001012000201200,2,L,2271
000120000021000001200010210001012000221200,1,W,2272
000120000021000001200010210001112000221200,2,L,2273
000120000021000001200012210001112000221200,1,W,2274
000120000021000011200012210001112000221200,2,L,2275
000120000221000011200012210001112000221200,1,W,2276
001120000221000011200012210001112000221200,2,L,2277
001120000221000011200012210001112000221220,1,W,2278
001120000221000011200012210001112100221220,2,L,2279
001120000221000011200012212001112100221220,1,W,2280
000000000000000000000000000000000000000000,1,D,2281
000000000000000000000000000000000000001000,2,D,2282
000000000000000000000000000000000002001000,1,D,2283
000000000000000000000000000000010002001000,2,D,2284
000000000000000000000000200000010002001000,1,D,2285
000000000000000001000000200000010002001000,2,D,2286
000000000020000001000000200000010002001000,1,D,2287
000100000020000001000000200000010002001000,2,D,2288
000100000020000001000000200000010002201000,1,D,2289
000100000020000001000000200000010002201100,2,D,2290
000100000020000001000000200000012002201100,1,D,2291
000100000020000001000000210000012002201100,2,D,2292
000100000020000001200000210000012002201100,1,D,2293
000100000021000001200000210000012002201100,2,D,2294
000100000021000001200000210000012002201120,1,D,2295
000100000021000001200000210000012002201121,2,D,2296
000120000021000001200000210000012002201121,1,D,2297
000120000021000001200000210000012002211121,2,D,2298
000120000021000001200000210000012022211121,1,D,2299
000120000021000001200000210000112022211121,2,D,2300
000120000021000001200002210000112022211121,1,D,2301
000120000021000011200002210000112022211121,2,D,2302
000120000221000011200002210000112022211121,1,D,2303
001120000221000011200002210000112022211121,2,D,2304
001120000221000011200002210000112222211121,1,D,2305
001120000221000011200002211000112222211121,2,D,2306
001120000221000011220002211000112222211121,1,D,2307
001120000221100011220002211000112222211121,2,D,2308
001122000221100011220002211000112222211121,1,D,2309
001122000221100011220002211001112222211121,2,D,2310
001122000221100011220022211001112222211121,1,D,2311
001122000221100111220022211001112222211121,2,D,2312
001122000221100111220022211201112222211121,1,D,2313
001122001221100111220022211201112222211121,2,D,2314
021122001221100111220022211201112222211121,1,D,2315
021122001221100111221022211201112222211121,2,D,2316
021122001221120111221022211201112222211121,1,D,2317
021122101221120111221022211201112222211121,2,D,2318
021122101221120111221022211221112222211121,1,D,2319
021122101221120111221122211221112222211121,2,D,2320
021122101221122111221122211221112222211121,1,D,2321
021122111221122111221122211221112222211121,2,D,2322
000000000000000000000000000000000000000000,1,L,2323
000000000000000000000000000000000000001000,2,W,2324
000000000000000000000000000000020000001000,1,L,2325
000000000000000000000000100000020000001000,2,W,2326
000000000000000002000000100000020000001000,1,L,2327
000000000010000002000000100000020000001000,2,W,2328
000000000010000002000000100000020000001200,1,L,2329
000100000010000002000000100000020000001200,2,W,2330
000100000010000002000000100000022000001200,1,L,2331
000100000010000002000000100000022000011200,2,W,2332
000100000010000002000000120000022000011200,1,L,2333
000100000010000002000000120000022000011210,2,W,2334
000000000000000000000000000000000000000000,1,W,2335
000000000000000000000000000000000000010000,2,L,2336
000000000000000000000000000000000000012000,1,W,2337
000000000000000000000000000000010000012000,2,L,2338
000000000000000000000000200000010000012000,1,W,2339
000000000000000001000000200000010000012000,2,L,2340
000000000020000001000000200000010000012000,1,W,2341
000100000020000001000000200000010000012000,2,L,2342
000100000020000001000000200000010002012000,1,W,2343
000100000020000001000000200000010002012100,2,L,2344
000100000020000001000000200000012002012100,1,W,2345
000100000020000001000000200000012002012110,2,L,2346
000100000020000001000000220000012002012110,1,W,2347
000100000020000001000000220000012102012110,2,L,2348
000100000020000001200000220000012102012110,1,W,2349
000100000020000001200000221000012102012110,2,L,2350
000100000020000001200000221000212102012110,1,W,2351
000000000000000000000000000000000000000000,1,W,2352
000000000000000000000000000000000000001000,2,L,2353
000000000000000000000000000000020000001000,1,W,2354
000000000000000000000000100000020000001000,2,L,2355
000000000000000002000000100000020000001000,1,W,2356
000000000010000002000000100000020000001000,2,L,2357
000200000010000002000000100000020000001000,1,W,2358
000200000010000002000000100000020000001100,2,L,2359
000200000010000002000000100000022000001100,1,W,2360
000200000010000002000000110000022000001100,2,L,2361
000200000010000002200000110000022000001100,1,W,2362
000200000011000002200000110000022000001100,2,L,2363
000220000011000002200000110000022000001100,1,W,2364
000220000011000002200000110000022000011100,2,L,2365
000220000011000002200000110000022000011120,1,W,2366
000220000011000002200000110000122000011120,2,L,2367
000220000011000002200000110000122200011120,1,W,2368
000220000011000002200001110000122200011120,2,L,2369
000220000011000002200001112000122200011120,1,W,2370
000000000000000000000000000000000000000000,1,W,2371
000000000000000000000000000000000000001000,2,L,2372
000000000000000000000000000000020000001000,1,W,2373
000000000000000000000000100000020000001000,2,L,2374
000000000000000000000000100000020000001200,1,W,2375
000000000000000001000000100000020000001200,2,L,2376
000000000020000001000000100000020000001200,1,W,2377
000100000020000001000000100000020000001200,2,L,2378
000100000020000001000000100000022000001200,1,W,2379
000100000020000001000000110000022000001200,2,L,2380
000100000020000001200000110000022000001200,1,W,2381
000100000021000001200000110000022000001200,2,L,2382
000120000021000001200000110000022000001200,1,W,2383
000120000021000001200000110000022000011200,2,L,2384
000120000021000001200000110000222000011200,1,W,2385
000120000021000001200001110000222000011200,2,L,2386
000120000021000001200001110000222000011220,1,W,2387
000120000021000001200001110000222100011220,2,L,2388
000120000021000001200001110000222102011220,1,W,2389
000000000000000000000000000000000000000000,1,L,2390
000000000000000000000000000000000000001000,2,W,2391
000000000000000000000000000000020000001000,1,L,2392
000000000000000000000000100000020000001000,2,W,2393
000000000000000002000000100000020000001000,1,L,2394
000000000010000002000000100000020000001000,2,W,2395
000200000010000002000000100000020000001000,1,L,2396
000200000010000002000000100000020000001100,2,W,2397
000200000010000002000000100000022000001100,1,L,2398
000200000010000002000000110000022000001100,2,W,2399
000200000010000002200000110000022000001100,1,L,2400
000200000011000002200000110000022000001100,2,W,2401
000200000011000002200000110000022000001120,1,L,2402
000210000011000002200000110000022000001120,2,W,2403
000210000011000002200000110000022000021120,1,L,2404
000210000011000002200000110000122000021120,2,W,2405
000210000011000002200000110000122200021120,1,L,2406
000210000011000002200001110000122200021120,2,W,2407
000210000011000002200001112000122200021120,1,L,2408
000210000011000012200001112000122200021120,2,W,2409
000210000211000012200001112000122200021120,1,L,2410
001210000211000012200001112000122200021120,2,W,2411
000000000000000000000000000000000000000000,1,L,2412
000000000000000000000000000000000000001000,2,W,2413
000000000000000000000000000000020000001000,1,L,2414
000000000000000000000000100000020000001000,2,W,2415
000000000000000002000000100000020000001000,1,L,2416
000000000010000002000000100000020000001000,2,W,2417
000000000010000002000000100000020000021000,1,L,2418
000100000010000002000000100000020000021000,2,W,2419
000100000010000002000000100000020000021200,1,L,2420
000100000010000002000000100000020000021210,2,W,2421
000100000010000002000000100000022000021210,1,L,2422
000100000010000002000000100000022100021210,2,W,2423
000100000010000002000000120000022100021210,1,L,2424
000100000010000002000000121000022100021210,2,W,2425
000000000000000000000000000000000000000000,1,W,2426
000000000000000000000000000000000000001000,2,L,2427
000000000000000000000000000000020000001000,1,W,2428
000000000000000000000000100000020000001000,2,L,2429
000000000000000000000000100000020000001002,1,W,2430
000000000000000000000000100000020000011002,2,L,2431
000000000000000002000000100000020000011002,1,W,2432
000000000010000002000000100000020000011002,2,L,2433
000200000010000002000000100000020000011002,1,W,2434
000200000010000002000000100000020000011102,2,L,2435
000200000010000002000000100000022000011102,1,W,2436
000200000010000002000000110000022000011102,2,L,2437
000200000010000002000000110000022000011122,1,W,2438
000200000010000002100000110000022000011122,2,L,2439
000200000010000002100000110000022200011122,1,W,2440
000200000011000002100000110000022200011122,2,L,2441
000200000011000002100000112000022200011122,1,W,2442
000000000000000000000000000000000000000000,1,W,2443
000000000000000000000000000000000000001000,2,L,2444
000000000000000000000000000000000000021000,1,W,2445
000000000000000000000000000000010000021000,2,L,2446
000000000000000000000000000000010000021002,1,W,2447
000000000000000000000000100000010000021002,2,L,2448
000000000000000002000000100000010000021002,1,W,2449
000000000010000002000000100000010000021002,2,L,2450
000200000010000002000000100000010000021002,1,W,2451
000200000010000002000000100000010000021102,2,L,2452
000200000010000002000000100000010000021122,1,W,2453
000200000010000002000000100000011000021122,2,L,2454
000200000010000002000000100000011200021122,1,W,2455
000200000010000002000000110000011200021122,2,L,2456
000200000010000002000000110000211200021122,1,W,2457
000000000000000000000000000000000000000000,1,L,2458
000000000000000000000000000000000000001000,2,W,2459
000000000000000000000000000000020000001000,1,L,2460
000000000000000000000000100000020000001000,2,W,2461
000000000000000002000000100000020000001000,1,L,2462
000000000010000002000000100000020000001000,2,W,2463
000200000010000002000000100000020000001000,1,L,2464
000200000010000002000000100000020000001100,2,W,2465
000200000010000002000000100000022000001100,1,L,2466
000200000010000002000000110000022000001100,2,W,2467
000200000010000002200000110000022000001100,1,L,2468
000200000011000002200000110000022000001100,2,W,2469
000220000011000002200000110000022000001100,1,L,2470
000220000011000002200000110000022000011100,2,W,2471
000220000011000002200000110000222000011100,1,L,2472
000220000011000002200001110000222000011100,2,W,2473
000220000011000002200001110000222000011120,1,L,2474
000220000011000012200001110000222000011120,2,W,2475
000000000000000000000000000000000000000000,1,W,2476
000000000000000000000000000000000000001000,2,L,2477
000000000000000000000000000000020000001000,1,W,2478
000000000000000000000000100000020000001000,2,L,2479
000000000000000002000000100000020000001000,1,W,2480
000000000010000002000000100000020000001000,2,L,2481
000200000010000002000000100000020000001000,1,W,2482
000200000010000002000000100000020000001100,2,L,2483
000200000010000002000000100000022000001100,1,W,2484
000200000010000002000000110000022000001100,2,L,2485
000200000010000002200000110000022000001100,1,W,2486
000200000011000002200000110000022000001100,2,L,2487
000220000011000002200000110000022000001100,1,W,2488
000220000011000002200000110000022000011100,2,L,2489
000220000011000002200000110000022000211100,1,W,2490
000220000011000002200000110000122000211100,2,L,2491
000220000011000002200000110000122000211120,1,W,2492
000220000011000002200001110000122000211120,2,L,2493
000220000011000002200001110000122200211120,1,W,2494
000000000000000000000000000000000000000000,1,W,2495
000000000000000000000000000000000000001000,2,L,2496
000000000000000000000000000000020000001000,1,W,2497
000000000000000000000000100000020000001000,2,L,2498
000000000000000002000000100000020000001000,1,W,2499
000000000000000002000000100000020000001100,2,L,2500
000000000020000002000000100000020000001100,1,W,2501
000100000020000002000000100000020000001100,2,L,2502
000100000020000002000000100000022000001100,1,W,2503
000100000020000002000000110000022000001100,2,L,2504
000100000020000002200000110000022000001100,1,W,2505
000100000021000002200000110000022000001100,2,L,2506
000120000021000002200000110000022000001100,1,W,2507
000120000021000002200000110000022000011100,2,L,2508
000120000021000002200000110000222000011100,1,W,2509
000120000021000002200001110000222000011100,2,L,2510
000120000021000022200001110000222000011100,1,W,2511
000120000121000022200001110000222000011100,2,L,2512
002120000121000022200001110000222000011100,1,W,2513
000000000000000000000000000000000000000000,1,W,2514
000000000000000000000000000000000000001000,2,L,2515
000000000000000000000000000000020000001000,1,W,2516
000000000000000000000000100000020000001000,2,L,2517
000000000000000002000000100000020000001000,1,W,2518
000000000010000002000000100000020000001000,2,L,2519
000200000010000002000000100000020000001000,1,W,2520
000200000010000002000000100000020000001100,2,L,2521
000200000010000002000000100000022000001100,1,W,2522
000200000010000002000000110000022000001100,2,L,2523
000200000010000002000000110000022000201100,1,W,2524
000200000010000002100000110000022000201100,2,L,2525
000200000012000002100000110000022000201100,1,W,2526
000210000012000002100000110000022000201100,2,L,2527
000210000012000002100000110000022002201100,1,W,2528
000210000012000002100000110000022002211100,2,L,2529
000210000012000002100000110000222002211100,1,W,2530
000210000012000002100001110000222002211100,2,L,2531
000210000012000022100001110000222002211100,1,W,2532
000210000112000022100001110000222002211100,2,L,2533
002210000112000022100001110000222002211100,1,W,2534
000000000000000000000000000000000000000000,1,W,2535
000000000000000000000000000000000000001000,2,L,2536
000000000000000000000000000000020000001000,1,W,2537
000000000000000000000000100000020000001000,2,L,2538
000000000000000002000000100000020000001000,1,W,2539
000000000010000002000000100000020000001000,2,L,2540
000200000010000002000000100000020000001000,1,W,2541
000200000010000002000000100000020000001100,2,L,2542
000200000010000002000000100000022000001100,1,W,2543
000200000010000002000000110000022000001100,2,L,2544
000200000010000002200000110000022000001100,1,W,2545
000200000011000002200000110000022000001100,2,L,2546
000220000011000002200000110000022000001100,1,W,2547
000220000011000002200000110000022000011100,2,L,2548
000220000011000002200000110000022000011120,1,W,2549
000220000011000002200000110000122000011120,2,L,2550
000220000011000002200000110000122200011120,1,W,2551
000220000011000002200001110000122200011120,2,L,2552
000220000011000002200001112000122200011120,1,W,2553
000000000000000000000000000000000000000000,1,W,2554
000000000000000000000000000000000000001000,2,L,2555
000000000000000000000000000000020000001000,1,W,2556
000000000000000000000000100000020000001000,2,L,2557
000000000000000002000000100000020000001000,1,W,2558
000000000010000002000000100000020000001000,2,L,2559
000200000010000002000000100000020000001000,1,W,2560
000200000010000002000000100000020000001100,2,L,2561
000200000010000002000000100000022000001100,1,W,2562
000200000010000002000000110000022000001100,2,L,2563
000200000010000002200000110000022000001100,1,W,2564
000200000011000002200000110000022000001100,2,L,2565
000220000011000002200000110000022000001100,1,W,2566
000220000011000002200000110000022000011100,2,L,2567
000220000011000002200000110000022000011120,1,W,2568
000220000011000002200000110000122000011120,2,L,2569
000220000011000002200000110000122200011120,1,W,2570
000220000011000002200000111000122200011120,2,L,2571
000220000011000002220000111000122200011120,1,W,2572
000000000000000000000000000000000000000000,1,L,2573
000000000000000000000000000000000001000000,2,W,2574
000000000000000000000000000000000001002000,1,L,2575
000000000000000000000000000000010001002000,2,W,2576
000000000000000000000000200000010001002000,1,L,2577
000000000000000001000000200000010001002000,2,W,2578
000000000020000001000000200000010001002000,1,L,2579
000100000020000001000000200000010001002000,2,W,2580
000100000020000001000000200000010001002200,1,L,2581
000100000020000001000000200000011001002200,2,W,2582
000100000020000001000000220000011001002200,1,L,2583
000100000020000001100000220000011001002200,2,W,2584
000100000022000001100000220000011001002200,1,L,2585
000110000022000001100000220000011001002200,2,W,2586
000110000022000001100000220000011001022200,1,L,2587
000110000022000001100000220000011001022210,2,W,2588
000110000022000001100000220000211001022210,1,L,2589
000110000022000001100000220000211101022210,2,W,2590
000110000022000001100002220000211101022210,1,L,2591
000110000022000001100002221000211101022210,2,W,2592
000000000000000000000000000000000000000000,1,W,2593
000000000000000000000000000000000000001000,2,L,2594
000000000000000000000000000000020000001000,1,W,2595
000000000000000000000000100000020000001000,2,L,2596
000000000000000000000000100000020000201000,1,W,2597
000000000000000001000000100000020000201000,2,L,2598
000000000020000001000000100000020000201000,1,W,2599
000100000020000001000000100000020000201000,2,L,2600
000100000020000001000000100000020000201200,1,W,2601
000100000020000001000000100000021000201200,2,L,2602
000100000020000001000000100002021000201200,1,W,2603
000100000020000001000000110002021000201200,2,L,2604
000100000020000001200000110002021000201200,1,W,2605
000100000021000001200000110002021000201200,2,L,2606
000120000021000001200000110002021000201200,1,W,2607
000120000021000001200000110002021000211200,2,L,2608
000120000021000001200000110002221000211200,1,W,2609
000120000021000001200001110002221000211200,2,L,2610
000120000021000001200001110002221000211220,1,W,2611
000120000021000001200001110002221100211220,2,L,2612
000120000021000021200001110002221100211220,1,W,2613
000000000000000000000000000000000000000000,1,L,2614
000000000000000000000000000000000000000100,2,W,2615
000000000000000000000000000000000000002100,1,L,2616
000000000000000000000000000000010000002100,2,W,2617
000000000000000000000000200000010000002100,1,L,2618
000000000000000001000000200000010000002100,2,W,2619
000000000020000001000000200000010000002100,1,L,2620
000100000020000001000000200000010000002100,2,W,2621
000100000020000001000000200000012000002100,1,L,2622
000100000020000001000000210000012000002100,2,W,2623
000100000020000001200000210000012000002100,1,L,2624
000100000021000001200000210000012000002100,2,W,2625
000100000021000001200000210000012000022100,1,L,2626
000100000021000001200000210000012000022110,2,W,2627
000120000021000001200000210000012000022110,1,L,2628
000120000021000001200000210000112000022110,2,W,2629
000120000021000001200002210000112000022110,1,L,2630
000120000021000011200002210000112000022110,2,W,2631
000120000221000011200002210000112000022110,1,L,2632
000120000221000011200002210000112000122110,2,W,2633
002120000221000011200002210000112000122110,1,L,2634
002120000221000011200002210000112100122110,2,W,2635
000000000000000000000000000000000000000000,1,W,2636
000000000000000000000000000000000001000000,2,L,2637
000000000000000000000000000000000001002000,1,W,2638
000000000000000000000000000000000001012000,2,L,2639
000000000000000000000000000000020001012000,1,W,2640
000000000000000000000000100000020001012000,2,L,2641
000000000000000002000000100000020001012000,1,W,2642
000000000000000002000000100000020001012001,2,L,2643
000000000020000002000000100000020001012001,1,W,2644
000100000020000002000000100000020001012001,2,L,2645
000100000020000002000000100000020001012201,1,W,2646
000100000020000002000000100000020001012211,2,L,2647
000100000020000002000000100000022001012211,1,W,2648
000100000020000002000000100000022101012211,2,L,2649
000100000020000002000000120000022101012211,1,W,2650
000100000020000002000000121000022101012211,2,L,2651
000100000020000002000000121000022121012211,1,W,2652
000000000000000000000000000000000000000000,1,L,2653
000000000000000000000000000000000000001000,2,W,2654
000000000000000000000000000000020000001000,1,L,2655
000000000000000000000000100000020000001000,2,W,2656
000000000000000002000000100000020000001000,1,L,2657
000000000010000002000000100000020000001000,2,W,2658
000200000010000002000000100000020000001000,1,L,2659
000200000010000002000000100000020000001100,2,W,2660
000200000010000002000000100000022000001100,1,L,2661
000200000010000002000000110000022000001100,2,W,2662
000200000010000002200000110000022000001100,1,L,2663
000200000011000002200000110000022000001100,2,W,2664
000220000011000002200000110000022000001100,1,L,2665
000220000011000002200000110000022001001100,2,W,2666
000220000011000002200000110000022001001120,1,L,2667
000220000011000002200000110000022001011120,2,W,2668
000220000011000002200000110000022201011120,1,L,2669
000220000011000002200000110000122201011120,2,W,2670
000220000011000002200000112000122201011120,1,L,2671
000220000011000002200001112000122201011120,2,W,2672
000000000000000000000000000000000000000000,1,W,2673
000000000000000000000000000000000000001000,2,L,2674
000000000000000000000000000000020000001000,1,W,2675
000000000000000000000000100000020000001000,2,L,2676
000000000000000000000000100000020000001200,1,W,2677
000000000000000000000000100000020000001201,2,L,2678
000000000000000000000000100000020000201201,1,W,2679
000000000000000001000000100000020000201201,2,L,2680
000000000020000001000000100000020000201201,1,W,2681
000100000020000001000000100000020000201201,2,L,2682
000100000020000001000000100000022000201201,1,W,2683
000100000020000001000000110000022000201201,2,L,2684
000100000020000001200000110000022000201201,1,W,2685
000100000021000001200000110000022000201201,2,L,2686
000120000021000001200000110000022000201201,1,W,2687
000120000021000001200000110000022000211201,2,L,2688
000120000021000001200000110000222000211201,1,W,2689
000120000021000001200001110000222000211201,2,L,2690
000120000021000001200001110000222000211221,1,W,2691
000120000021000001200001110000222100211221,2,L,2692
000120000021000021200001110000222100211221,1,W,2693
000000000000000000000000000000000000000000,1,L,2694
000000000000000000000000000000000000001000,2,W,2695
000000000000000000000000000000020000001000,1,L,2696
000000000000000000000000100000020000001000,2,W,2697
000000000000000002000000100000020000001000,1,L,2698
000000000010000002000000100000020000001000,2,W,2699
000200000010000002000000100000020000001000,1,L,2700
000200000010000002000000100000020000001100,2,W,2701
000200000010000002000000100000020000001102,1,L,2702
000200000010000002000000100000020000001112,2,W,2703
000200000010000002000000100000020020001112,1,L,2704
000200000010000002000000100000021020001112,2,W,2705
000200000010000002000000100200021020001112,1,L,2706
000200000010000002000000100200021020101112,2,W,2707
000000000000000000000000000000000000000000,1,L,2708
000000000000000000000000000000000000010000,2,W,2709
000000000000000000000000000000000000012000,1,L,2710
000000000000000000000000000000010000012000,2,W,2711
000000000000000000000000200000010000012000,1,L,2712
000000000000000001000000200000010000012000,2,W,2713
000000000020000001000000200000010000012000,1,L,2714
000100000020000001000000200000010000012000,2,W,2715
000100000020000001000000200000010000012200,1,L,2716
000100000020000001000000200000010000012210,2,W,2717
000100000020000001000000200000012000012210,1,L,2718
000100000020000001000000200000012100012210,2,W,2719
000100000020000001000000220000012100012210,1,L,2720
000100000020000001000000221000012100012210,2,W,2721
000000000000000000000000000000000000000000,1,W,2722
000000000000000000000000000000000000001000,2,L,2723
000000000000000000000000000000000000001002,1,W,2724
000000000000000000000000000000010000001002,2,L,2725
000000000000000000000000200000010000001002,1,W,2726
000000000000000000000000200000010000011002,2,L,2727
000000000000000002000000200000010000011002,1,W,2728
000000000010000002000000200000010000011002,2,L,2729
000200000010000002000000200000010000011002,1,W,2730
000200000010000002000000200000110000011002,2,L,2731
000200000010000002000000200000110000011202,1,W,2732
000200000010000002000000200000111000011202,2,L,2733
000200000010000002000000200000111000211202,1,W,2734
000200000010000002000000210000111000211202,2,L,2735
000200000010000002200000210000111000211202,1,W,2736
000200000011000002200000210000111000211202,2,L,2737
000220000011000002200000210000111000211202,1,W,2738
000220000011000002200001210000111000211202,2,L,2739
000220000011000002200001210000111000211222,1,W,2740
000000000000000000000000000000000000000000,1,L,2741
000000000000000000000000000000000000001000,2,W,2742
000000000000000000000000000000020000001000,1,L,2743
000000000000000000000000100000020000001000,2,W,2744
000000000000000002000000100000020000001000,1,L,2745
000000000010000002000000100000020000001000,2,W,2746
000200000010000002000000100000020000001000,1,L,2747
000200000010000002000000100000020000001100,2,W,2748
000200000010000002000000100000022000001100,1,L,2749
000200000010000002000000100000022000001110,2,W,2750
000200000010000002000000100000022000001112,1,L,2751
000200000010000002000000110000022000001112,2,W,2752
000200000010000002000000110000022020001112,1,L,2753
000200000010000002100000110000022020001112,2,W,2754
000200000010000002100000110200022020001112,1,L,2755
000200000011000002100000110200022020001112,2,W,2756
000000000000000000000000000000000000000000,1,L,2757
000000000000000000000000000000000000001000,2,W,2758
000000000000000000000000000000020000001000,1,L,2759
000000000000000000000000100000020000001000,2,W,2760
000000000000000002000000100000020000001000,1,L,2761
000000000000000002000000100000020000011000,2,W,2762
000000000020000002000000100000020000011000,1,L,2763
000100000020000002000000100000020000011000,2,W,2764
000100000020000002000000100000020000011200,1,L,2765
000100000020000002000000100000020000011210,2,W,2766
000100000020000002000000100000022000011210,1,L,2767
000100000020000002000000100000022100011210,2,W,2768
000100000020000002000000120000022100011210,1,L,2769
000100000020000002000000121000022100011210,2,W,2770
000000000000000000000000000000000000000000,1,W,2771
000000000000000000000000000000000000001000,2,L,2772
000000000000000000000000000000020000001000,1,W,2773
000000000000000000000000100000020000001000,2,L,2774
000000000000000002000000100000020000001000,1,W,2775
000000000010000002000000100000020000001000,2,L,2776
000200000010000002000000100000020000001000,1,W,2777
000200000010000002000000100000020000001100,2,L,2778
000200000010000002000000100000022000001100,1,W,2779
000200000010000002000000110000022000001100,2,L,2780
000200000010000002200000110000022000001100,1,W,2781
000200000011000002200000110000022000001100,2,L,2782
000220000011000002200000110000022000001100,1,W,2783
000220000011000002200000110000022000001110,2,L,2784
000220000011000002200000110000022000001112,1,W,2785
000000000000000000000000000000000000000000,1,W,2786
000000000000000000000000000000000000001000,2,L,2787
000000000000000000000000000000020000001000,1,W,2788
000000000000000000000000100000020000001000,2,L,2789
000000000000000002000000100000020000001000,1,W,2790
000000000010000002000000100000020000001000,2,L,2791
000200000010000002000000100000020000001000,1,W,2792
000200000010000002000000100000020000001100,2,L,2793
000200000010000002000000100000022000001100,1,W,2794
000200000010000002000000110000022000001100,2,L,2795
000200000010000002200000110000022000001100,1,W,2796
000200000011000002200000110000022000001100,2,L,2797
000220000011000002200000110000022000001100,1,W,2798
000220000011000002200000110000022000011100,2,L,2799
000220000011000002200000110000022000011120,1,W,2800
000220000011000002200000110000122000011120,2,L,2801
000220000011000002200000110000122200011120,1,W,2802
000220000011000002200001110000122200011120,2,L,2803
000220000011000002200001112000122200011120,1,W,2804
000000000000000000000000000000000000000000,1,L,2805
000000000000000000000000000000000000001000,2,W,2806
000000000000000000000000000000000000001020,1,L,2807
000000000000000000000000000000010000001020,2,W,2808
000000000000000000000000200000010000001020,1,L,2809
000000000000000001000000200000010000001020,2,W,2810
000000000020000001000000200000010000001020,1,L,2811
000100000020000001000000200000010000001020,2,W,2812
000100000020000001000000200000010000001220,1,L,2813
000100000020000001000000200000010100001220,2,W,2814
000100000020000001000000200000012100001220,1,L,2815
000100000020000001000000200000012100001221,2,W,2816
000100000020000001000000220000012100001221,1,L,2817
000100000020000001000000220000012110001221,2,W,2818
000000000000000000000000000000000000000000,1,L,2819
000000000000000000000000000000000000000010,2,W,2820
000000000000000000000000000000000000002010,1,L,2821
000000000000000000000000000000010000002010,2,W,2822
000000000000000000000000200000010000002010,1,L,2823
000000000000000000000000200000010001002010,2,W,2824
000000000000000002000000200000010001002010,1,L,2825
000000000010000002000000200000010001002010,2,W,2826
000000000010000002000000200000010001002012,1,L,2827
000100000010000002000000200000010001002012,2,W,2828
000100000010000002000000200000010001002212,1,L,2829
000100000010000002000000200000011001002212,2,W,2830
000100000010000002000000220000011001002212,1,L,2831
000100000010000002000000220000011011002212,2,W,2832
000100000010000002200000220000011011002212,1,L,2833
000100000010000002200000220100011011002212,2,W,2834
000100000012000002200000220100011011002212,1,L,2835
000100000012000002201000220100011011002212,2,W,2836
000000000000000000000000000000000000000000,1,W,2837
000000000000000000000000000000000000001000,2,L,2838
000000000000000000000000000000020000001000,1,W,2839
000000000000000000000000100000020000001000,2,L,2840
000000000000000000000000100000020002001000,1,W,2841
000000000000000001000000100000020002001000,2,L,2842
000000000020000001000000100000020002001000,1,W,2843
000100000020000001000000100000020002001000,2,L,2844
000100000020000001000000100000020002001200,1,W,2845
000100000020000001000000100000021002001200,2,L,2846
000100000020000001000000120000021002001200,1,W,2847
000100000020000001100000120000021002001200,2,L,2848
000100000020000001100000120000021002001202,1,W,2849
000100000021000001100000120000021002001202,2,L,2850
000120000021000001100000120000021002001202,1,W,2851
000120000021000001100000120000021002011202,2,L,2852
000120000021000001100000120000221002011202,1,W,2853
000120000021000001100001120000221002011202,2,L,2854
000120000021000021100001120000221002011202,1,W,2855
000120000021000021100001120000221002011212,2,L,2856
000120000221000021100001120000221002011212,1,W,2857
000120000221000021100001120000221102011212,2,L,2858
002120000221000021100001120000221102011212,1,W,2859
002120000221000021100001121000221102011212,2,L,2860
002120000221000021100001121000221122011212,1,W,2861
000000000000000000000000000000000000000000,1,W,2862
000000000000000000000000000000000000001000,2,L,2863
000000000000000000000000000000020000001000,1,W,2864
000000000000000000000000100000020000001000,2,L,2865
000000000000000002000000100000020000001000,1,W,2866
000000000010000002000000100000020000001000,2,L,2867
000200000010000002000000100000020000001000,1,W,2868
000200000010000002000000100000020001001000,2,L,2869
000200000010000002000000100000020001001200,1,W,2870
000200000010000002000000100000021001001200,2,L,2871
000200000010000002000000120000021001001200,1,W,2872
000200000010000002000000120000021001001201,2,L,2873
000200000010000002200000120000021001001201,1,W,2874
000200000011000002200000120000021001001201,2,L,2875
000220000011000002200000120000021001001201,1,W,2876
000220000011000002200000120000021001011201,2,L,2877
000220000011000002200000120000021001011221,1,W,2878
000220000011000002200000120000121001011221,2,L,2879
000220000011000002200000120020121001011221,1,W,2880
000220000011000002200000120020121011011221,2,L,2881
000220000011000002200000120020121211011221,1,W,2882
000220000011000002200001120020121211011221,2,L,2883
000220000011000002200001122020121211011221,1,W,2884
000000000000000000000000000000000000000000,1,W,2885
000000000000000000000000000000000000001000,2,L,2886
000000000000000000000000000000020000001000,1,W,2887
000000000000000000000000100000020000001000,2,L,2888
000000000000000002000000100000020000001000,1,W,2889
000000000010000002000000100000020000001000,2,L,2890
000200000010000002000000100000020000001000,1,W,2891
000200000010000002000000100000020000001100,2,L,2892
000200000010000002000000100000022000001100,1,W,2893
000200000010000002000000110000022000001100,2,L,2894
000200000010000002000000110000022000001120,1,W,2895
000200000010000002100000110000022000001120,2,L,2896
000200000010000002100000110000022000001122,1,W,2897
000200000011000002100000110000022000001122,2,L,2898
000200000011000002100000110000022020001122,1,W,2899
000000000000000000000000000000000000000000,1,L,2900
000000000000000000000000000000000000001000,2,W,2901
000000000000000000000000000000020000001000,1,L,2902
000000000000000000000000000000020000001100,2,W,2903
000000000000000000000000200000020000001100,1,L,2904
000000000000000001000000200000020000001100,2,W,2905
000000000020000001000000200000020000001100,1,L,2906
000100000020000001000000200000020000001100,2,W,2907
000100000020000001000000200000022000001100,1,L,2908
000100000020000001000000210000022000001100,2,W,2909
000100000020000001200000210000022000001100,1,L,2910
000100000021000001200000210000022000001100,2,W,2911
000100000021000001200000210000022000001120,1,L,2912
000100000021000001200000210000022000001121,2,W,2913
000120000021000001200000210000022000001121,1,L,2914
000120000021000001200000210000022000011121,2,W,2915
000120000021000001200000210000222000011121,1,L,2916
000120000021000001200001210000222000011121,2,W,2917
000000000000000000000000000000000000000000,1,L,2918
000000000000000000000000000000000000001000,2,W,2919
000000000000000000000000000000020000001000,1,L,2920
000000000000000000000000100000020000001000,2,W,2921
000000000000000002000000100000020000001000,1,L,2922
000000000010000002000000100000020000001000,2,W,2923
000000000010000002000000100000020000201000,1,L,2924
000100000010000002000000100000020000201000,2,W,2925
000100000010000002000000100000020000221000,1,L,2926
000100000010000002000000100000020000221100,2,W,2927
000100000010000002000000100000022000221100,1,L,2928
000100000010000002000000110000022000221100,2,W,2929
000100000010000002200000110000022000221100,1,L,2930
000100000010000002200000110000122000221100,2,W,2931
000100000012000002200000110000122000221100,1,L,2932
000110000012000002200000110000122000221100,2,W,2933
000110000012000002200000110000122002221100,1,L,2934
000110000012000002200000110000122002221110,2,W,2935
000110000012000002200002110000122002221110,1,L,2936
000110000012000002200002110000122102221110,2,W,2937
000110000012000002200002112000122102221110,1,L,2938
000110000012000002210002112000122102221110,2,W,2939
000110000012200002210002112000122102221110,1,L,2940
000110000012200012210002112000122102221110,2,W,2941
000000000000000000000000000000000000000000,1,L,2942
000000000000000000000000000000000000000100,2,W,2943
000000000000000000000000000000000000002100,1,L,2944
000000000000000000000000000000010000002100,2,W,2945
000000000000000000000000200000010000002100,1,L,2946
000000000000000001000000200000010000002100,2,W,2947
000000000020000001000000200000010000002100,1,L,2948
000000000020000001000000200000010000012100,2,W,2949
000000000020000001000000200000010000012120,1,L,2950
000000000020000001000000200000010001012120,2,W,2951
000000000020000001000000200000010201012120,1,L,2952
000000000020000001000000201000010201012120,2,W,2953
000000000020000001000000201020010201012120,1,L,2954
000000000020000001000000201020110201012120,2,W,2955
000000000020000001020000201020110201012120,1,L,2956
000000000020100001020000201020110201012120,2,W,2957
000002000020100001020000201020110201012120,1,L,2958
000102000020100001020000201020110201012120,2,W,2959
000102000020100001020000201020112201012120,1,L,2960
000102000020100001020000211020112201012120,2,W,2961
000102000020100001220000211020112201012120,1,L,2962
000102000021100001220000211020112201012120,2,W,2963
000122000021100001220000211020112201012120,1,L,2964
000122000021100001220001211020112201012120,2,W,2965
000000000000000000000000000000000000000000,1,W,2966
000000000000000000000000000000000000001000,2,L,2967
000000000000000000000000000000020000001000,1,W,2968
000000000000000000000000100000020000001000,2,L,2969
000000000000000002000000100000020000001000,1,W,2970
000000000010000002000000100000020000001000,2,L,2971
000200000010000002000000100000020000001000,1,W,2972
000200000010000002000000100000020000001100,2,L,2973
000200000010000002000000100000022000001100,1,W,2974
000200000010000002000000110000022000001100,2,L,2975
000200000010000002200000110000022000001100,1,W,2976
000200000011000002200000110000022000001100,2,L,2977
000220000011000002200000110000022000001100,1,W,2978
000220000011000002200000110000022000001110,2,L,2979
000220000011000002200000110000022000001112,1,W,2980
000000000000000000000000000000000000000000,1,L,2981
000000000000000000000000000000000000001000,2,W,2982
000000000000000000000000000000020000001000,1,L,2983
000000000000000000000000100000020000001000,2,W,2984
000000000000000000000000100000020002001000,1,L,2985
000000000000000001000000100000020002001000,2,W,2986
000000000000000001000000100000020002021000,1,L,2987
000000000000000001000000100000120002021000,2,W,2988
000000000020000001000000100000120002021000,1,L,2989
000100000020000001000000100000120002021000,2,W,2990
000100000020000001000000100000120002021200,1,L,2991
000100000020000001000000100000120002021201,2,W,2992
000100000020000001000000100000122002021201,1,L,2993
000100000020000001000000100000122002021211,2,W,2994
000100000020000001000000120000122002021211,1,L,2995
000100000020000001000000120010122002021211,2,W,2996
000000000000000000000000000000000000000000,1,W,2997
000000000000000000000000000000000000001000,2,L,2998
000000000000000000000000000000020000001000,1,W,2999
000000000000000000000000100000020000001000,2,L,3000
000000000000000002000000100000020000001000,1,W,3001
000000000000000002000000100000020001001000,2,L,3002
000000000020000002000000100000020001001000,1,W,3003
000000000020000002000000100000020001101000,2,L,3004
000200000020000002000000100000020001101000,1,W,3005
000200000020000002000000100000020001101100,2,L,3006
000200000020000002000000100000022001101100,1,W,3007
000200000020000002000000110000022001101100,2,L,3008
000200000020000002200000110000022001101100,1,W,3009
000200000021000002200000110000022001101100,2,L,3010
000220000021000002200000110000022001101100,1,W,3011
000220000021000002200000110000022001111100,2,L,3012
000220000021000002200000110000022001111102,1,W,3013
000220000021000002200000110000122001111102,2,L,3014
000220000021000002200000110000122001111122,1,W,3015
000220000021000002200001110000122001111122,2,L,3016
000220000021000002200001110000122021111122,1,W,3017
000000000000000000000000000000000000000000,1,L,3018
000000000000000000000000000000000000001000,2,W,3019
000000000000000000000000000000020000001000,1,L,3020
000000000000000000000000100000020000001000,2,W,3021
000000000000000000000000100000020000001200,1,L,3022
000000000000000001000000100000020000001200,2,W,3023
000000000020000001000000100000020000001200,1,L,3024
000100000020000001000000100000020000001200,2,W,3025
000100000020000001000000100000022000001200,1,L,3026
000100000020000001000000100000022001001200,2,W,3027
000100000020000001000000120000022001001200,1,L,3028
000100000020000001100000120000022001001200,2,W,3029
000100000022000001100000120000022001001200,1,L,3030
000110000022000001100000120000022001001200,2,W,3031
000110000022000001100000120000022001021200,1,L,3032
000110000022000001100000120000022001021210,2,W,3033
000110000022000001100000120000222001021210,1,L,3034
000110000022000001100001120000222001021210,2,W,3035
000110000022000021100001120000222001021210,1,L,3036
000110000022000021100001120000222101021210,2,W,3037
000110000022000021100001120000222101021212,1,L,3038
000110000022000021100001121000222101021212,2,W,3039
000110000222000021100001121000222101021212,1,L,3040
000110000222000021100001121000222101121212,2,W,3041
002110000222000021100001121000222101121212,1,L,3042
002110000222000021100001121000222111121212,2,W,3043
000000000000000000000000000000000000000000,1,W,3044
000000000000000000000000000000000001000000,2,L,3045
000000000000000000000000000000000001002000,1,W,3046
000000000000000000000000000000010001002000,2,L,3047
000000000000000000000000200000010001002000,1,W,3048
000000000000000001000000200000010001002000,2,L,3049
000000000020000001000000200000010001002000,1,W,3050
000100000020000001000000200000010001002000,2,L,3051
000100000020000001000000200000010001002200,1,W,3052
000100000020000001000000200000011001002200,2,L,3053
000100000020000001000000200000011001002220,1,W,3054
000100000020000001000000200000011001002221,2,L,3055
000100000020000001000000220000011001002221,1,W,3056
000100000020000001000000220000011011002221,2,L,3057
000100000020000001200000220000011011002221,1,W,3058
000100000020000001200000220100011011002221,2,L,3059
000100000022000001200000220100011011002221,1,W,3060
000000000000000000000000000000000000000000,1,L,3061
000000000000000000000000000000000000001000,2,W,3062
000000000000000000000000000000020000001000,1,L,3063
000000000000000000000000100000020000001000,2,W,3064
000000000000000002000000100000020000001000,1,L,3065
000000000010000002000000100000020000001000,2,W,3066
000200000010000002000000100000020000001000,1,L,3067
000200000010000002000000100000020000001100,2,W,3068
000200000010000002000000100000022000001100,1,L,3069
000200000010000002000000110000022000001100,2,W,3070
000200000010000002200000110000022000001100,1,L,3071
000200000010000002200000110000022001001100,2,W,3072
000200000012000002200000110000022001001100,1,L,3073
000200000012000002200000110000022001101100,2,W,3074
000200000012000002200000110020022001101100,1,L,3075
000210000012000002200000110020022001101100,2,W,3076
000210000012000002200000110020022001121100,1,L,3077
000210000012000002200000110020122001121100,2,W,3078
000210000012000002200002110020122001121100,1,L,3079
000210000012000002200002110020122001121110,2,W,3080
000210000012000002200002110020122201121110,1,L,3081
000210000012000012200002110020122201121110,2,W,3082
000210000012000012200002112020122201121110,1,L,3083
000210000112000012200002112020122201121110,2,W,3084
000210000112000012220002112020122201121110,1,L,3085
000210000112100012220002112020122201121110,2,W,3086
000000000000000000000000000000000000000000,1,W,3087
000000000000000000000000000000000000000001,2,L,3088
000000000000000000000000000000000000002001,1,W,3089
000000000000000000000000000000010000002001,2,L,3090
000000000000000000000000200000010000002001,1,W,3091
000000000000000001000000200000010000002001,2,L,3092
000000000020000001000000200000010000002001,1,W,3093
000100000020000001000000200000010000002001,2,L,3094
000100000020000001000000200000010000002201,1,W,3095
000100000020000001000000200000011000002201,2,L,3096
000100000020000001000000220000011000002201,1,W,3097
000100000020000001100000220000011000002201,2,L,3098
000100000022000001100000220000011000002201,1,W,3099
000110000022000001100000220000011000002201,2,L,3100
000110000022000001100000220000011000022201,1,W,3101
000110000022000001100000220000011000022211,2,L,3102
000110000022000001100000220000211000022211,1,W,3103
000110000022000001100000220000211100022211,2,L,3104
000110000022000001100002220000211100022211,1,W,3105
000110000022000011100002220000211100022211,2,L,3106
000110000222000011100002220000211100022211,1,W,3107
000110000222000011100002221000211100022211,2,L,3108
002110000222000011100002221000211100022211,1,W,3109
000000000000000000000000000000000000000000,1,L,3110
000000000000000000000000000000000000001000,2,W,3111
000000000000000000000000000000000000201000,1,L,3112
000000000000000000000000000000000000201010,2,W,3113
000000000000000000000000000000020000201010,1,L,3114
000000000000000000000000100000020000201010,2,W,3115
000000000000000002000000100000020000201010,1,L,3116
000000000010000002000000100000020000201010,2,W,3117
000200000010000002000000100000020000201010,1,L,3118
000200000010000002000000100000020000201110,2,W,3119
000200000010000002000000100000020000201112,1,L,3120
000200000010000002000000100000021000201112,2,W,3121
000200000010000002000000100000021020201112,1,L,3122
000200000010000002000000100001021020201112,2,W,3123
000200000010000002000000100201021020201112,1,L,3124
000200000010000002000000110201021020201112,2,W,3125
000000000000000000000000000000000000000000,1,W,3126
000000000000000000000000000000000000001000,2,L,3127
000000000000000000000000000000020000001000,1,W,3128
000000000000000000000000100000020000001000,2,L,3129
000000000000000002000000100000020000001000,1,W,3130
000000000010000002000000100000020000001000,2,L,3131
000200000010000002000000100000020000001000,1,W,3132
000200000010000002000000100000020000001100,2,L,3133
000200000010000002000000100000020000021100,1,W,3134
000200000010000002000000100000021000021100,2,L,3135
000200000010000002000000100000021000021120,1,W,3136
000200000010000002000000110000021000021120,2,L,3137
000200000010000002000000110000021200021120,1,W,3138
000000000000000000000000000000000000000000,1,L,3139
000000000000000000000000000000000000001000,2,W,3140
000000000000000000000000000000020000001000,1,L,3141
000000000000000000000000100000020000001000,2,W,3142
000000000000000002000000100000020000001000,1,L,3143
000000000000000002000000100000020000101000,2,W,3144
000000000000000002000000100000020000101020,1,L,3145
000000000000000002000000100000020000101021,2,W,3146
000000000020000002000000100000020000101021,1,L,3147
000100000020000002000000100000020000101021,2,W,3148
000100000020000002000000100000020000101221,1,L,3149
000100000020000002000000100000020010101221,2,W,3150
000100000020000002000000100000022010101221,1,L,3151
000100000020000002000000100100022010101221,2,W,3152
000100000020000002000000120100022010101221,1,L,3153
000100000020000002000000120100022110101221,2,W,3154
000000000000000000000000000000000000000000,1,W,3155
000000000000000000000000000000000000001000,2,L,3156
000000000000000000000000000000020000001000,1,W,3157
000000000000000000000000100000020000001000,2,L,3158
000000000000000002000000100000020000001000,1,W,3159
000000000010000002000000100000020000001000,2,L,3160
000200000010000002000000100000020000001000,1,W,3161
000200000010000002000000100000020000001100,2,L,3162
000200000010000002000000100000022000001100,1,W,3163
000200000010000002000000110000022000001100,2,L,3164
000200000010000002200000110000022000001100,1,W,3165
000200000011000002200000110000022000001100,2,L,3166
000220000011000002200000110000022000001100,1,W,3167
000220000011000002200000110000022000011100,2,L,3168
000220000011000002200000110000022000011120,1,W,3169
000220000011000002200000110000122000011120,2,L,3170
000220000011000002200000110000122200011120,1,W,3171
000000000000000000000000000000000000000000,1,L,3172
000000000000000000000000000000000000001000,2,W,3173
000000000000000000000000000000020000001000,1,L,3174
000000000000000000000000000000020000001001,2,W,3175
000000000000000000000000000000020000201001,1,L,3176
000000000000000000000000100000020000201001,2,W,3177
000000000000000002000000100000020000201001,1,L,3178
000000000000000002000000100000020000201101,2,W,3179
000000000020000002000000100000020000201101,1,L,3180
000100000020000002000000100000020000201101,2,W,3181
000100000020000002000000100000022000201101,1,L,3182
000100000020000002000000100000022001201101,2,W,3183
000100000020000002000000120000022001201101,1,L,3184
000100000020000002100000120000022001201101,2,W,3185
000100000020000002100000120000022021201101,1,L,3186
000100000021000002100000120000022021201101,2,W,3187
000120000021000002100000120000022021201101,1,L,3188
000120000021000002100000120000022021211101,2,W,3189
000120000021000002100000120000222021211101,1,L,3190
000120000021000002100001120000222021211101,2,W,3191
000120000021000022100001120000222021211101,1,L,3192
000120000121000022100001120000222021211101,2,W,3193
000120000121000022100001120020222021211101,1,L,3194
001120000121000022100001120020222021211101,2,W,3195
001120000121000022100001120020222021211121,1,L,3196
001120000121000022100001120020222121211121,2,W,3197
001120000121000022100001122020222121211121,1,L,3198
001120000121000022110001122020222121211121,2,W,3199
001120000121000022110001122220222121211121,1,L,3200
001120000121100022110001122220222121211121,2,W,3201
001122000121100022110001122220222121211121,1,L,3202
001122000121100022111001122220222121211121,2,W,3203
000000000000000000000000000000000000000000,1,W,3204
000000000000000000000000000000000000001000,2,L,3205
000000000000000000000000000000020000001000,1,W,3206
000000000000000000000000100000020000001000,2,L,3207
000000000000000002000000100000020000001000,1,W,3208
000000000010000002000000100000020000001000,2,L,3209
000200000010000002000000100000020000001000,1,W,3210
000200000010000002000000100000020000001100,2,L,3211
000200000010000002000000100000022000001100,1,W,3212
000200000010000002000000110000022000001100,2,L,3213
000200000010000002200000110000022000001100,1,W,3214
000200000011000002200000110000022000001100,2,L,3215
000220000011000002200000110000022000001100,1,W,3216
000220000011000002200000110000022000011100,2,L,3217
000220000011000002200000110000022000011120,1,W,3218
000000000000000000000000000000000000000000,1,L,3219
000000000000000000000000000000000000001000,2,W,3220
000000000000000000000000000000000002001000,1,L,3221
000000000000000000000000000000010002001000,2,W,3222
000000000000000000000000200000010002001000,1,L,3223
000000000000000001000000200000010002001000,2,W,3224
000000000020000001000000200000010002001000,1,L,3225
000100000020000001000000200000010002001000,2,W,3226
000100000020000001000000200000010002001200,1,L,3227
000100000020000001000000200000010002001201,2,W,3228
000100000020000001000000200000012002001201,1,L,3229
000100000020000001000000210000012002001201,2,W,3230
000100000020000001200000210000012002001201,1,L,3231
000100000021000001200000210000012002001201,2,W,3232
000120000021000001200000210000012002001201,1,L,3233
000120000021000001200000210000012002011201,2,W,3234
000120000021000001200000210000212002011201,1,L,3235
000120000021000001200001210000212002011201,2,W,3236
000120000021000001200001210000212002011221,1,L,3237
000120000021000001200001210000212102011221,2,W,3238
000000000000000000000000000000000000000000,1,L,3239
000000000000000000000000000000000000001000,2,W,3240
000000000000000000000000000000020000001000,1,L,3241
000000000000000000000000100000020000001000,2,W,3242
000000000000000002000000100000020000001000,1,L,3243
000000000010000002000000100000020000001000,2,W,3244
000200000010000002000000100000020000001000,1,L,3245
000200000010000002000000100000020000001100,2,W,3246
000200000010000002000000100000020002001100,1,L,3247
000200000010000002000000100000021002001100,2,W,3248
000200000010000002000000120000021002001100,1,L,3249
000200000010000002100000120000021002001100,2,W,3250
000200000012000002100000120000021002001100,1,L,3251
000210000012000002100000120000021002001100,2,W,3252
000210000012000002100000120000021002201100,1,L,3253
000210000012000002100000120000021002211100,2,W,3254
000210000012000002100000120000221002211100,1,L,3255
000210000012000002100001120000221002211100,2,W,3256
000210000012000002100001120020221002211100,1,L,3257
000210000012000012100001120020221002211100,2,W,3258
000210000012000012100001120022221002211100,1,L,3259
000210000012000012100101120022221002211100,2,W,3260
000210000012000012100121120022221002211100,1,L,3261
000210000112000012100121120022221002211100,2,W,3262
000000000000000000000000000000000000000000,1,W,3263
000000000000000000000000000000000000001000,2,L,3264
000000000000000000000000000000000000021000,1,W,3265
000000000000000000000000000000010000021000,2,L,3266
000000000000000000000000200000010000021000,1,W,3267
000000000000000000000000200000010000021010,2,L,3268
000000000000000002000000200000010000021010,1,W,3269
000000000010000002000000200000010000021010,2,L,3270
000200000010000002000000200000010000021010,1,W,3271
000200000010000002000000200000010000021110,2,L,3272
000200000010000002000000200000010200021110,1,W,3273
000200000010000002000000200000011200021110,2,L,3274
000200000010000002000000202000011200021110,1,W,3275
000200000010000002010000202000011200021110,2,L,3276
000200000010200002010000202000011200021110,1,W,3277
000200000010200002010000212000011200021110,2,L,3278
000202000010200002010000212000011200021110,1,W,3279
000000000000000000000000000000000000000000,1,L,3280
000000000000000000000000000000000000001000,2,W,3281
000000000000000000000000000000020000001000,1,L,3282
000000000000000000000000100000020000001000,2,W,3283
000000000000000002000000100000020000001000,1,L,3284
000000000010000002000000100000020000001000,2,W,3285
000200000010000002000000100000020000001000,1,L,3286
000200000010000002000000100000020000001100,2,W,3287
000200000010000002000000100000022000001100,1,L,3288
000200000010000002000000110000022000001100,2,W,3289
000200000010000002200000110000022000001100,1,L,3290
000200000010000002200000110000022000011100,2,W,3291
000200000010000002200000110000022000011120,1,L,3292
000200000011000002200000110000022000011120,2,W,3293
000200000011000002200000110000022200011120,1,L,3294
000200000011000002200000110000022201011120,2,W,3295
000200000011000002200000112000022201011120,1,L,3296
000210000011000002200000112000022201011120,2,W,3297
000000000000000000000000000000000000000000,1,L,3298
000000000000000000000000000000000000001000,2,W,3299
000000000000000000000000000000020000001000,1,L,3300
000000000000000000000000000000020000011000,2,W,3301
000000000000000000000000200000020000011000,1,L,3302
000000000000000001000000200000020000011000,2,W,3303
000000000020000001000000200000020000011000,1,L,3304
000100000020000001000000200000020000011000,2,W,3305
000100000020000001000000200000020000011020,1,L,3306
000100000020000001000000200000020000011120,2,W,3307
000100000020000001000000200000022000011120,1,L,3308
000100000020000001000000200000022100011120,2,W,3309
000100000020000001000000220000022100011120,1,L,3310
000100000020000001000000221000022100011120,2,W,3311
000100000020000001200000221000022100011120,1,L,3312
000100000020000001210000221000022100011120,2,W,3313
000100000020200001210000221000022100011120,1,L,3314
000101000020200001210000221000022100011120,2,W,3315
000101000020200001210000221000022100011122,1,L,3316
000101000020200001210000221000022101011122,2,W,3317
000101000020200001210000221000022121011122,1,L,3318
000101000020200001210000221100022121011122,2,W,3319
000101000020200001212000221100022121011122,1,L,3320
000101000020210001212000221100022121011122,2,W,3321
000000000000000000000000000000000000000000,1,W,3322
000000000000000000000000000000000000001000,2,L,3323
000000000000000000000000000000000000001002,1,W,3324
000000000000000000000000000000010000001002,2,L,3325
000000000000000000000000200000010000001002,1,W,3326
000000000000000001000000200000010000001002,2,L,3327
000000000020000001000000200000010000001002,1,W,3328
000100000020000001000000200000010000001002,2,L,3329
000100000020000001000000200000010000001202,1,W,3330
000100000020000001000000200000011000001202,2,L,3331
000100000020000001000000220000011000001202,1,W,3332
000100000020000001100000220000011000001202,2,L,3333
000100000022000001100000220000011000001202,1,W,3334
000100000022000001100000220000011000011202,2,L,3335
000120000022000001100000220000011000011202,1,W,3336
000120000022000001100000220000111000011202,2,L,3337
000120000022000001100002220000111000011202,1,W,3338
000120000022000011100002220000111000011202,2,L,3339
000120000222000011100002220000111000011202,1,W,3340
001120000222000011100002220000111000011202,2,L,3341
001120000222000011100002220000111000011222,1,W,3342
000000000000000000000000000000000000000000,1,L,3343
000000000000000000000000000000000000001000,2,W,3344
000000000000000000000000000000020000001000,1,L,3345
000000000000000000000000000000020000011000,2,W,3346
000000000000000000000000200000020000011000,1,L,3347
000000000000000001000000200000020000011000,2,W,3348
000000000020000001000000200000020000011000,1,L,3349
000100000020000001000000200000020000011000,2,W,3350
000100000020000001000000200000020000011200,1,L,3351
000100000020000001000000200000020000111200,2,W,3352
000100000020000001000000200000022000111200,1,L,3353
000100000020000001000000210000022000111200,2,W,3354
000100000020000001200000210000022000111200,1,L,3355
000100000021000001200000210000022000111200,2,W,3356
000120000021000001200000210000022000111200,1,L,3357
000120000021000001200000210000122000111200,2,W,3358
000120000021000001200002210000122000111200,1,L,3359
000120000021000011200002210000122000111200,2,W,3360
000120000221000011200002210000122000111200,1,L,3361
001120000221000011200002210000122000111200,2,W,3362
001120000221000011200002210002122000111200,1,L,3363
001120000221000011200002210002122000111210,2,W,3364
001120000221000011200002210002122000111212,1,L,3365
001120000221000011200002210002122100111212,2,W,3366
001120000221000011200002212002122100111212,1,L,3367
001120000221000011210002212002122100111212,2,W,3368
001120000221200011210002212002122100111212,1,L,3369
001121000221200011210002212002122100111212,2,W,3370
000000000000000000000000000000000000000000,1,L,3371
000000000000000000000000000000000000001000,2,W,3372
000000000000000000000000000000000000021000,1,L,3373
000000000000000000000000000000010000021000,2,W,3374
000000000000000000000000200000010000021000,1,L,3375
000000000000000001000000200000010000021000,2,W,3376
000000000020000001000000200000010000021000,1,L,3377
000100000020000001000000200000010000021000,2,W,3378
000100000020000001000000200000010000021200,1,L,3379
000100000020000001000000200000010000021210,2,W,3380
000100000020000001000000200000012000021210,1,L,3381
000100000020000001000000200000012100021210,2,W,3382
000100000020000001000000220000012100021210,1,L,3383
000100000020000001000000221000012100021210,2,W,3384
000000000000000000000000000000000000000000,1,L,3385
000000000000000000000000000000000000001000,2,W,3386
000000000000000000000000000000020000001000,1,L,3387
000000000000000000000000100000020000001000,2,W,3388
000000000000000000000000100000020000001020,1,L,3389
000000000000000001000000100000020000001020,2,W,3390
000000000020000001000000100000020000001020,1,L,3391
000100000020000001000000100000020000001020,2,W,3392
000100000020000001000000100000020000001220,1,L,3393
000100000020000001000000100000020000001221,2,W,3394
000100000020000001000000100000022000001221,1,L,3395
000100000020000001000000100000022010001221,2,W,3396
000100000020000001000000120000022010001221,1,L,3397
000100000020000001000000120000022110001221,2,W,3398
000000000000000000000000000000000000000000,1,W,3399
000000000000000000000000000000000000001000,2,L,3400
000000000000000000000000000000020000001000,1,W,3401
000000000000000000000000100000020000001000,2,L,3402
000000000000000000000000100000020000001200,1,W,3403
000000000000000001000000100000020000001200,2,L,3404
000000000020000001000000100000020000001200,1,W,3405
000100000020000001000000100000020000001200,2,L,3406
000100000020000001000000100000022000001200,1,W,3407
000100000020000001000000110000022000001200,2,L,3408
000100000020000001200000110000022000001200,1,W,3409
000100000021000001200000110000022000001200,2,L,3410
000120000021000001200000110000022000001200,1,W,3411
000120000021000001200000110000022000011200,2,L,3412
000120000021000001200000110000222000011200,1,W,3413
000120000021000001200001110000222000011200,2,L,3414
000120000021000001200001110000222000011220,1,W,3415
000120000021000001200001110000222100011220,2,L,3416
000120000021000001200001110000222102011220,1,W,3417
000000000000000000000000000000000000000000,1,W,3418
000000000000000000000000000000000000001000,2,L,3419
000000000000000000000000000000020000001000,1,W,3420
000000000000000000000000100000020000001000,2,L,3421
000000000000000002000000100000020000001000,1,W,3422
000000000010000002000000100000020000001000,2,L,3423
000000000010000002000000100000020000001002,1,W,3424
000100000010000002000000100000020000001002,2,L,3425
000100000010000002000000100000020000001202,1,W,3426
000100000010000002000000100000020000011202,2,L,3427
000100000010000002000000100000022000011202,1,W,3428
000100000010000002000000110000022000011202,2,L,3429
000100000010000002200000110000022000011202,1,W,3430
000100000010000002200000110000022000011212,2,L,3431
000100000010000002200000110000022002011212,1,W,3432
000100000010000002200000110000022102011212,2,L,3433
000100000010000002200000110000022122011212,1,W,3434
000100000010000002200000111000022122011212,2,L,3435
000100000010000002200000111200022122011212,1,W,3436
000000000000000000000000000000000000000000,1,W,3437
000000000000000000000000000000000000001000,2,L,3438
000000000000000000000000000000020000001000,1,W,3439
000000000000000000000000100000020000001000,2,L,3440
000000000000000002000000100000020000001000,1,W,3441
000000000010000002000000100000020000001000,2,L,3442
000200000010000002000000100000020000001000,1,W,3443
000200000010000002000000100000020000001100,2,L,3444
000200000010000002000000100000022000001100,1,W,3445
000200000010000002000000110000022000001100,2,L,3446
000200000010000002200000110000022000001100,1,W,3447
000200000011000002200000110000022000001100,2,L,3448
000200000011000002200000110000022000201100,1,W,3449
000210000011000002200000110000022000201100,2,L,3450
000210000011000002200000110000022000221100,1,W,3451
000210000011000002200000110000122000221100,2,L,3452
000210000011000002200002110000122000221100,1,W,3453
000210000011000012200002110000122000221100,2,L,3454
000210000211000012200002110000122000221100,1,W,3455
001210000211000012200002110000122000221100,2,L,3456
001210000211000012200002110002122000221100,1,W,3457
001210000211000012200002110002122000221110,2,L,3458
001210000211000012200002110002122200221110,1,W,3459
001210000211000012200002111002122200221110,2,L,3460
001210000211000012220002111002122200221110,1,W,3461
001210000211100012220002111002122200221110,2,L,3462
001212000211100012220002111002122200221110,1,W,3463
000000000000000000000000000000000000000000,1,W,3464
000000000000000000000000000000000000001000,2,L,3465
000000000000000000000000000000020000001000,1,W,3466
000000000000000000000000100000020000001000,2,L,3467
000000000000000002000000100000020000001000,1,W,3468
000000000010000002000000100000020000001000,2,L,3469
000200000010000002000000100000020000001000,1,W,3470
000200000010000002000000100000020000001100,2,L,3471
000200000010000002000000100000022000001100,1,W,3472
000200000010000002000000110000022000001100,2,L,3473
000200000010000002200000110000022000001100,1,W,3474
000200000011000002200000110000022000001100,2,L,3475
000220000011000002200000110000022000001100,1,W,3476
000220000011000002200000110000022000011100,2,L,3477
000220000011000002200000110000022000211100,1,W,3478
000220000011000002200000110000122000211100,2,L,3479
000220000011000002200000110000122000211120,1,W,3480
000220000011000002200001110000122000211120,2,L,3481
000220000011000002200001110000122200211120,1,W,3482
000000000000000000000000000000000000000000,1,L,3483
000000000000000000000000000000000000001000,2,W,3484
000000000000000000000000000000020000001000,1,L,3485
000000000000000000000000100000020000001000,2,W,3486
000000000000000002000000100000020000001000,1,L,3487
000000000010000002000000100000020000001000,2,W,3488
000200000010000002000000100000020000001000,1,L,3489
000200000010000002000000100000020000001100,2,W,3490
000200000010000002000000100000022000001100,1,L,3491
000200000010000002000000110000022000001100,2,W,3492
000200000010000002200000110000022000001100,1,L,3493
000200000011000002200000110000022000001100,2,W,3494
000220000011000002200000110000022000001100,1,L,3495
000220000011000002200000110000022000011100,2,W,3496
000220000011000002200000110000022000011120,1,L,3497
000220000011000002200000110000022001011120,2,W,3498
000220000011000002200000110000022201011120,1,L,3499
000220000011000002200000110000122201011120,2,W,3500
000220000011000002200000112000122201011120,1,L,3501
000220000011000002200001112000122201011120,2,W,3502
000220000011000022200001112000122201011120,1,L,3503
000220000111000022200001112000122201011120,2,W,3504
000000000000000000000000000000000000000000,1,W,3505
000000000000000000000000000000000000010000,2,L,3506
000000000000000000000000000000000000012000,1,W,3507
000000000000000000000000000000000001012000,2,L,3508
000000000000000000000000000000020001012000,1,W,3509
000000000000000000000000100000020001012000,2,L,3510
000000000000000002000000100000020001012000,1,W,3511
000000000010000002000000100000020001012000,2,L,3512
000200000010000002000000100000020001012000,1,W,3513
000200000010000002000000100000020001012100,2,L,3514
000200000010000002000000100000020001012120,1,W,3515
000200000010000002000000100000021001012120,2,L,3516
000200000010000002000000100000021201012120,1,W,3517
000200000010000002000000100000021201112120,2,L,3518
000200000010000002000000102000021201112120,1,W,3519
000200000010000002000000112000021201112120,2,L,3520
000200000010000002000000112020021201112120,1,W,3521
000000000000000000000000000000000000000000,1,W,3522
000000000000000000000000000000000000001000,2,L,3523
000000000000000000000000000000020000001000,1,W,3524
000000000000000000000000100000020000001000,2,L,3525
000000000000000000000000100000020000001002,1,W,3526
000000000000000001000000100000020000001002,2,L,3527
000000000020000001000000100000020000001002,1,W,3528
000100000020000001000000100000020000001002,2,L,3529
000100000020000001000000100000020000001202,1,W,3530
000100000020000001000000100000021000001202,2,L,3531
000100000020000001000000120000021000001202,1,W,3532
000100000020000001100000120000021000001202,2,L,3533
000100000020000001100000120000021000021202,1,W,3534
000100000020000001100000120000021000021212,2,L,3535
000100000022000001100000120000021000021212,1,W,3536
000100000022000001100000120000021100021212,2,L,3537
000120000022000001100000120000021100021212,1,W,3538
000120000022000001100000120000021110021212,2,L,3539
000120000022000001100000120000021110221212,1,W,3540
000120000022000001100000120000121110221212,2,L,3541
000120000022000001100002120000121110221212,1,W,3542
000120000022000001100002121000121110221212,2,L,3543
000120000022000021100002121000121110221212,1,W,3544
000000000000000000000000000000000000000000,1,L,3545
000000000000000000000000000000000000100000,2,W,3546
000000000000000000000000000000000000102000,1,L,3547
000000000000000000000000000000010000102000,2,W,3548
000000000000000000000000200000010000102000,1,L,3549
000000000000000001000000200000010000102000,2,W,3550
000000000020000001000000200000010000102000,1,L,3551
000100000020000001000000200000010000102000,2,W,3552
000100000020000001000000200000010000102200,1,L,3553
000100000020000001000000200000011000102200,2,W,3554
000100000020000001000000220000011000102200,1,L,3555
000100000020000001100000220000011000102200,2,W,3556
000100000022000001100000220000011000102200,1,L,3557
000110000022000001100000220000011000102200,2,W,3558
000110000022000001100000220000011000122200,1,L,3559
000110000022000001100000220000011000122210,2,W,3560
000110000022000001100000220000211000122210,1,L,3561
000110000022000001100000220000211100122210,2,W,3562
000110000022000001100002220000211100122210,1,L,3563
000110000022000001100002221000211100122210,2,W,3564
000000000000000000000000000000000000000000,1,L,3565
000000000000000000000000000000000000100000,2,W,3566
000000000000000000000000000000000000102000,1,L,3567
000000000000000000000000000000010000102000,2,W,3568
000000000000000000000000200000010000102000,1,L,3569
000000000000000001000000200000010000102000,2,W,3570
000000000020000001000000200000010000102000,1,L,3571
000100000020000001000000200000010000102000,2,W,3572
000100000020000001000000200000010000102200,1,L,3573
000100000020000001000000200000011000102200,2,W,3574
000100000020000001000000220000011000102200,1,L,3575
000100000020000001100000220000011000102200,2,W,3576
000100000022000001100000220000011000102200,1,L,3577
000110000022000001100000220000011000102200,2,W,3578
000110000022000001100000220000011000122200,1,L,3579
000110000022000001100000220000011000122210,2,W,3580
000110000022000001100000220000211000122210,1,L,3581
000110000022000001100000220000211100122210,2,W,3582
000110000022000001100002220000211100122210,1,L,3583
000110000022000001100002221000211100122210,2,W,3584
000000000000000000000000000000000000000000,1,W,3585
000000000000000000000000000000000000001000,2,L,3586
000000000000000000000000000000020000001000,1,W,3587
000000000000000000000000100000020000001000,2,L,3588
000000000000000002000000100000020000001000,1,W,3589
000000000010000002000000100000020000001000,2,L,3590
000200000010000002000000100000020000001000,1,W,3591
000200000010000002000000100000020000001100,2,L,3592
000200000010000002000000100000022000001100,1,W,3593
000200000010000002000000100000022000101100,2,L,3594
000200000010000002000000120000022000101100,1,W,3595
000200000010000002000000120000022000111100,2,L,3596
000200000010000002200000120000022000111100,1,W,3597
000200000011000002200000120000022000111100,2,L,3598
000220000011000002200000120000022000111100,1,W,3599
000220000011000002200000120001022000111100,2,L,3600
000220000011000002200000120001022000111120,1,W,3601
000220000011000002200000120001022100111120,2,L,3602
000220000011000002200000122001022100111120,1,W,3603
000220000011000002200000122001122100111120,2,L,3604
000220000011000002200000122001122102111120,1,W,3605
000220000011000002200001122001122102111120,2,L,3606
000220000011000002220001122001122102111120,1,W,3607
000000000000000000000000000000000000000000,1,W,3608
000000000000000000000000000000000000001000,2,L,3609
000000000000000000000000000000020000001000,1,W,3610
000000000000000000000000100000020000001000,2,L,3611
000000000000000002000000100000020000001000,1,W,3612
000000000010000002000000100000020000001000,2,L,3613
000200000010000002000000100000020000001000,1,W,3614
000200000010000002000000100000020000101000,2,L,3615
000200000010000002000000100000020000101200,1,W,3616
000200000010000002000000100000021000101200,2,L,3617
000200000010000002000000120000021000101200,1,W,3618
000200000010000002100000120000021000101200,2,L,3619
000200000012000002100000120000021000101200,1,W,3620
000210000012000002100000120000021000101200,2,L,3621
000210000012000002100000120000021000121200,1,W,3622
000210000012000002100000120000121000121200,2,L,3623
000210000012000002100002120000121000121200,1,W,3624
000210000012000002100002120000121000121210,2,L,3625
000210000012000002100002120000121200121210,1,W,3626
000000000000000000000000000000000000000000,1,W,3627
000000000000000000000000000000000000001000,2,L,3628
000000000000000000000000000000020000001000,1,W,3629
000000000000000000000000000000020000001010,2,L,3630
000000000000000000000000200000020000001010,1,W,3631
000000000000000001000000200000020000001010,2,L,3632
000000000020000001000000200000020000001010,1,W,3633
000000000020000001000000200000020000101010,2,L,3634
000200000020000001000000200000020000101010,1,W,3635
000200000020000001000000200000020001101010,2,L,3636
000200000020000001000000200000020001101210,1,W,3637
000200000020000001000000200010020001101210,2,L,3638
000200000020000001000000200010020001101212,1,W,3639
000200000020000001000000200010021001101212,2,L,3640
000200000020000001000000200010021021101212,1,W,3641
000200000020000001000000210010021021101212,2,L,3642
000200000020000001000200210010021021101212,1,W,3643
000200000020000001100200210010021021101212,2,L,3644
000200000020000001100200210210021021101212,1,W,3645
000000000000000000000000000000000000000000,1,L,3646
000000000000000000000000000000000000001000,2,W,3647
000000000000000000000000000000020000001000,1,L,3648
000000000000000000000000000000020000001010,2,W,3649
000000000000000000000000200000020000001010,1,L,3650
000000000000000001000000200000020000001010,2,W,3651
000000000020000001000000200000020000001010,1,L,3652
000100000020000001000000200000020000001010,2,W,3653
000100000020000001000000200000020000001012,1,L,3654
000100000020000001000000200000020000001112,2,W,3655
000100000020000001000000200000022000001112,1,L,3656
000100000020000001000000200000022010001112,2,W,3657
000100000020000001000000220000022010001112,1,L,3658
000100000020000001000000220100022010001112,2,W,3659
000100000020000001200000220100022010001112,1,L,3660
000100000020000001201000220100022010001112,2,W,3661
000100000020020001201000220100022010001112,1,L,3662
000100100020020001201000220100022010001112,2,W,3663
000000000000000000000000000000000000000000,1,L,3664
000000000000000000000000000000000000001000,2,W,3665
000000000000000000000000000000020000001000,1,L,3666
000000000000000000000000100000020000001000,2,W,3667
000000000000000002000000100000020000001000,1,L,3668
000000000010000002000000100000020000001000,2,W,3669
000200000010000002000000100000020000001000,1,L,3670
000200000010000002000000100000020000001100,2,W,3671
000200000010000002000000100000022000001100,1,L,3672
000200000010000002000000110000022000001100,2,W,3673
000200000010000002200000110000022000001100,1,L,3674
000200000011000002200000110000022000001100,2,W,3675
000220000011000002200000110000022000001100,1,L,3676
000220000011000002200000110000022000011100,2,W,3677
000220000011000002200000110000022000011120,1,L,3678
000220000011000002200000110000122000011120,2,W,3679
000220000011000002200000110000122200011120,1,L,3680
000220000011000002200000110000122201011120,2,W,3681
000220000011000002200000112000122201011120,1,L,3682
000220000011000002200001112000122201011120,2,W,3683
000000000000000000000000000000000000000000,1,L,3684
000000000000000000000000000000000000001000,2,W,3685
000000000000000000000000000000020000001000,1,L,3686
000000000000000000000000000000020000001100,2,W,3687
000000000000000000000000200000020000001100,1,L,3688
000000000000000001000000200000020000001100,2,W,3689
000000000020000001000000200000020000001100,1,L,3690
000100000020000001000000200000020000001100,2,W,3691
000100000020000001000000200000022000001100,1,L,3692
000100000020000001000000210000022000001100,2,W,3693
000100000020000001200000210000022000001100,1,L,3694
000100000021000001200000210000022000001100,2,W,3695
000120000021000001200000210000022000001100,1,L,3696
000120000021000001200000210000022000011100,2,W,3697
000120000021000001200000210000222000011100,1,L,3698
000120000021000001200001210000222000011100,2,W,3699
000120000021000001200001210000222000011120,1,L,3700
000120000021000001200001210000222001011120,2,W,3701
000000000000000000000000000000000000000000,1,W,3702
000000000000000000000000000000000000001000,2,L,3703
000000000000000000000000000000020000001000,1,W,3704
000000000000000000000000100000020000001000,2,L,3705
000000000000000002000000100000020000001000,1,W,3706
000000000010000002000000100000020000001000,2,L,3707
000200000010000002000000100000020000001000,1,W,3708
000200000010000002000000100000020001001000,2,L,3709
000200000010000002000000100000020001001002,1,W,3710
000200000010000002000000100000020001001102,2,L,3711
000200000010000002000000100000022001001102,1,W,3712
000200000010000002000000110000022001001102,2,L,3713
000200000010000002200000110000022001001102,1,W,3714
000200000011000002200000110000022001001102,2,L,3715
000220000011000002200000110000022001001102,1,W,3716
000220000011000002200000110000022001011102,2,L,3717
000220000011000002200000110000022001011122,1,W,3718
000220000011000002200000110000122001011122,2,L,3719
000220000011000002200000110000122201011122,1,W,3720
000220000011000002200000111000122201011122,2,L,3721
000220000011000002220000111000122201011122,1,W,3722
000000000000000000000000000000000000000000,1,L,3723
000000000000000000000000000000000000001000,2,W,3724
000000000000000000000000000000020000001000,1,L,3725
000000000000000000000000100000020000001000,2,W,3726
000000000000000002000000100000020000001000,1,L,3727
000000000010000002000000100000020000001000,2,W,3728
000200000010000002000000100000020000001000,1,L,3729
000200000010000002000000100000020000001100,2,W,3730
000200000010000002000000100000022000001100,1,L,3731
000200000010000002000000110000022000001100,2,W,3732
000200000010000002200000110000022000001100,1,L,3733
000200000010000002200000110000022000101100,2,W,3734
000200000012000002200000110000022000101100,1,L,3735
000210000012000002200000110000022000101100,2,W,3736
000210000012000002200000110000022000121100,1,L,3737
000210000012000002200000110000122000121100,2,W,3738
000210000012000002200002110000122000121100,1,L,3739
000210000012000002200002110000122000121110,2,W,3740
000210000012000002200002110000122200121110,1,L,3741
000210000012000012200002110000122200121110,2,W,3742
000210000012000012200002112000122200121110,1,L,3743
000210000112000012200002112000122200121110,2,W,3744
000210000112000012220002112000122200121110,1,L,3745
000210000112100012220002112000122200121110,2,W,3746
000210000112100012220002112000122200121112,1,L,3747
000211000112100012220002112000122200121112,2,W,3748
002211000112100012220002112000122200121112,1,L,3749
002211000112100012220002112001122200121112,2,W,3750
002211000112100012220022112001122200121112,1,L,3751
002211000112100112220022112001122200121112,2,W,3752
002211002112100112220022112001122200121112,1,L,3753
002211002112100112220022112001122210121112,2,W,3754
002211002112100112220022112001122212121112,1,L,3755
012211002112100112220022112001122212121112,2,W,3756
000000000000000000000000000000000000000000,1,W,3757
000000000000000000000000000000000000001000,2,L,3758
000000000000000000000000000000020000001000,1,W,3759
000000000000000000000000100000020000001000,2,L,3760
000000000000000002000000100000020000001000,1,W,3761
000000000010000002000000100000020000001000,2,L,3762
000200000010000002000000100000020000001000,1,W,3763
000200000010000002000000100000020000001100,2,L,3764
000200000010000002000000100000022000001100,1,W,3765
000200000010000002000000110000022000001100,2,L,3766
000200000010000002200000110000022000001100,1,W,3767
000200000011000002200000110000022000001100,2,L,3768
000220000011000002200000110000022000001100,1,W,3769
000220000011000002200000110000022000011100,2,L,3770
000220000011000002200000110000022000011120,1,W,3771
000220000011000002200000110000122000011120,2,L,3772
000220000011000002200000110000122200011120,1,W,3773
000220000011000002200001110000122200011120,2,L,3774
000220000011000002200001112000122200011120,1,W,3775
000000000000000000000000000000000000000000,1,L,3776
000000000000000000000000000000000000001000,2,W,3777
000000000000000000000000000000020000001000,1,L,3778
000000000000000000000000000000020000011000,2,W,3779
000000000000000000000000200000020000011000,1,L,3780
000000000000000001000000200000020000011000,2,W,3781
000000000020000001000000200000020000011000,1,L,3782
000100000020000001000000200000020000011000,2,W,3783
000100000020000001000000200000020000011200,1,L,3784
000100000020000001000000200000020000011210,2,W,3785
000100000020000001000000200000022000011210,1,L,3786
000100000020000001000000200000022100011210,2,W,3787
000100000020000001000000220000022100011210,1,L,3788
000100000020000001000000221000022100011210,2,W,3789
000000000000000000000000000000000000000000,1,W,3790
000000000000000000000000000000000000001000,2,L,3791
000000000000000000000000000000020000001000,1,W,3792
000000000000000000000000100000020000001000,2,L,3793
000000000000000002000000100000020000001000,1,W,3794
000000000010000002000000100000020000001000,2,L,3795
000200000010000002000000100000020000001000,1,W,3796
000200000010000002000000100000020001001000,2,L,3797
000200000010000002000000100000020001001200,1,W,3798
000200000010000002000000100000021001001200,2,L,3799
000200000010000002000000100020021001001200,1,W,3800
000200000010000002000000110020021001001200,2,L,3801
000200000010000002200000110020021001001200,1,W,3802
000200000011000002200000110020021001001200,2,L,3803
000220000011000002200000110020021001001200,1,W,3804
000220000011000002200000110020021001001201,2,L,3805
000220000011000002200000110020021001021201,1,W,3806
000220000011000002200000110020121001021201,2,L,3807
000220000011000002200000110020121001021221,1,W,3808
000220000011000002200001110020121001021221,2,L,3809
000220000011000002200001110020121201021221,1,W,3810
000220000011000012200001110020121201021221,2,L,3811
000220000011000012200001110020121221021221,1,W,3812
000000000000000000000000000000000000000000,1,W,3813
000000000000000000000000000000000000001000,2,L,3814
000000000000000000000000000000020000001000,1,W,3815
000000000000000000000000100000020000001000,2,L,3816
000000000000000002000000100000020000001000,1,W,3817
000000000010000002000000100000020000001000,2,L,3818
000200000010000002000000100000020000001000,1,W,3819
000200000010000002000000100000020000001100,2,L,3820
000200000010000002000000100000022000001100,1,W,3821
000200000010000002000000110000022000001100,2,L,3822
000200000010000002200000110000022000001100,1,W,3823
000200000011000002200000110000022000001100,2,L,3824
000220000011000002200000110000022000001100,1,W,3825
000220000011000002200000110000022000011100,2,L,3826
000220000011000002200000110000022000211100,1,W,3827
000220000011000002200000110000122000211100,2,L,3828
000220000011000002200000110000122002211100,1,W,3829
000220000011000002200001110000122002211100,2,L,3830
000220000011000002200001110000122002211120,1,W,3831
000000000000000000000000000000000000000000,1,L,3832
000000000000000000000000000000000000001000,2,W,3833
000000000000000000000000000000020000001000,1,L,3834
000000000000000000000000100000020000001000,2,W,3835
000000000000000000000000100000020002001000,1,L,3836
000000000000000001000000100000020002001000,2,W,3837
000000000020000001000000100000020002001000,1,L,3838
000000000020000001000000100000020002001001,2,W,3839
000200000020000001000000100000020002001001,1,L,3840
000200000020000001000000100000020002001101,2,W,3841
000200000020000001000000100000020002021101,1,L,3842
000200000020000001000000100000021002021101,2,W,3843
000200000020000001000000100000021002021121,1,L,3844
000200000020000001000000100000021012021121,2,W,3845
000200000020000001000000100000021212021121,1,L,3846
000200000020000001000000100100021212021121,2,W,3847
000200000020000001000000102100021212021121,1,L,3848
000200000020000001000000112100021212021121,2,W,3849
000000000000000000000000000000000000000000,1,W,3850
000000000000000000000000000000000000001000,2,L,3851
000000000000000000000000000000020000001000,1,W,3852
000000000000000000000000100000020000001000,2,L,3853
000000000000000002000000100000020000001000,1,W,3854
000000000010000002000000100000020000001000,2,L,3855
000200000010000002000000100000020000001000,1,W,3856
000200000010000002000000100000020000001100,2,L,3857
000200000010000002000000100000022000001100,1,W,3858
000200000010000002000000110000022000001100,2,L,3859
000200000010000002200000110000022000001100,1,W,3860
000200000011000002200000110000022000001100,2,L,3861
000220000011000002200000110000022000001100,1,W,3862
000220000011000002200000110000022000011100,2,L,3863
000220000011000002200000110000022000011120,1,W,3864
000220000011000002200000110000122000011120,2,L,3865
000220000011000002200000110000122200011120,1,W,3866
000220000011000002200001110000122200011120,2,L,3867
000220000011000002200001112000122200011120,1,W,3868
000000000000000000000000000000000000000000,1,W,3869
000000000000000000000000000000000000001000,2,L,3870
000000000000000000000000000000020000001000,1,W,3871
000000000000000000000000100000020000001000,2,L,3872
000000000000000002000000100000020000001000,1,W,3873
000000000010000002000000100000020000001000,2,L,3874
000200000010000002000000100000020000001000,1,W,3875
000200000010000002000000100000020000001100,2,L,3876
000200000010000002000000100000020002001100,1,W,3877
000200000010000002000000100000021002001100,2,L,3878
000200000010000002000000100000021002001120,1,W,3879
000200000010000002000000110000021002001120,2,L,3880
000200000010000002000000110000021002001122,1,W,3881
000000000000000000000000000000000000000000,1,W,3882
000000000000000000000000000000000000001000,2,L,3883
000000000000000000000000000000020000001000,1,W,3884
000000000000000000000000100000020000001000,2,L,3885
000000000000000002000000100000020000001000,1,W,3886
000000000010000002000000100000020000001000,2,L,3887
000200000010000002000000100000020000001000,1,W,3888
000200000010000002000000100000020000001100,2,L,3889
000200000010000002000000100000022000001100,1,W,3890
000200000010000002000000100000022000101100,2,L,3891
000200000010000002000000120000022000101100,1,W,3892
000200000010000002100000120000022000101100,2,L,3893
000200000012000002100000120000022000101100,1,W,3894
000210000012000002100000120000022000101100,2,L,3895
000210000012000002100000120000022000121100,1,W,3896
000210000012000002100000120001022000121100,2,L,3897
000210000012000002100000120001222000121100,1,W,3898
000210000012000002100001120001222000121100,2,L,3899
000210000012000022100001120001222000121100,1,W,3900
000210000112000022100001120001222000121100,2,L,3901
002210000112000022100001120001222000121100,1,W,3902
002210000112000022100001120001222000121101,2,L,3903
002210000112000022100001120001222000121121,1,W,3904
002210000112000022100001120001222100121121,2,L,3905
002210000112000022100001122001222100121121,1,W,3906
002210000112000022110001122001222100121121,2,L,3907
002210000112200022110001122001222100121121,1,W,3908
002211000112200022110001122001222100121121,2,L,3909
002211000112200022110021122001222100121121,1,W,3910
002211000112200122110021122001222100121121,2,L,3911
002211002112200122110021122001222100121121,1,W,3912
002211002112200122110021122001222110121121,2,L,3913
022211002112200122110021122001222110121121,1,W,3914
022211002112200122110021122001222111121121,2,L,3915
022211002112200122110021122021222111121121,1,W,3916
022211002112200122110121122021222111121121,2,L,3917
022211002112202122110121122021222111121121,1,W,3918
022211002112202122110121122121222111121121,2,L,3919
022211022112202122110121122121222111121121,1,W,3920
000000000000000000000000000000000000000000,1,W,3921
000000000000000000000000000000000000000100,2,L,3922
000000000000000000000000000000000000002100,1,W,3923
000000000000000000000000000000010000002100,2,L,3924
000000000000000000000000000000010000002102,1,W,3925
000000000000000000000000100000010000002102,2,L,3926
000000000000000002000000100000010000002102,1,W,3927
000000000010000002000000100000010000002102,2,L,3928
000200000010000002000000100000010000002102,1,W,3929
000200000010000002000000100000010000102102,2,L,3930
000200000010000002000000100000010020102102,1,W,3931
000200000010000002000000100000011020102102,2,L,3932
000200000010000002000000120000011020102102,1,W,3933
000200000010000002000000120000011021102102,2,L,3934
000200000010000002200000120000011021102102,1,W,3935
000200000010000002200000120010011021102102,2,L,3936
000200000012000002200000120010011021102102,1,W,3937
000210000012000002200000120010011021102102,2,L,3938
000210000012000002200000120010011021122102,1,W,3939
000210000012000002200000120010111021122102,2,L,3940
000210000012000002200002120010111021122102,1,W,3941
000210000012000002200002120010111021122112,2,L,3942
000210000012000002200002120010111221122112,1,W,3943
000000000000000000000000000000000000000000,1,W,3944
000000000000000000000000000000000000001000,2,L,3945
000000000000000000000000000000020000001000,1,W,3946
000000000000000000000000000000020001001000,2,L,3947
000000000000000000000000000000020001021000,1,W,3948
000000000000000000000000100000020001021000,2,L,3949
000000000000000002000000100000020001021000,1,W,3950
000000000010000002000000100000020001021000,2,L,3951
000200000010000002000000100000020001021000,1,W,3952
000200000010000002000000100000020001021100,2,L,3953
000200000010000002000000100000020001021120,1,W,3954
000200000010000002000000100000021001021120,2,L,3955
000200000010000002000000100000021201021120,1,W,3956
000200000010000002000000110000021201021120,2,L,3957
000200000010000002000000112000021201021120,1,W,3958
000200000010000002000000112000021201121120,2,L,3959
000200000010000002000000112000021201121122,1,W,3960
000000000000000000000000000000000000000000,1,W,3961
000000000000000000000000000000000000001000,2,L,3962
000000000000000000000000000000020000001000,1,W,3963
000000000000000000000000100000020000001000,2,L,3964
000000000000000002000000100000020000001000,1,W,3965
000000000010000002000000100000020000001000,2,L,3966
000200000010000002000000100000020000001000,1,W,3967
000200000010000002000000100000020000001100,2,L,3968
000200000010000002000000100000022000001100,1,W,3969
000200000010000002000000100000022000101100,2,L,3970
000200000010000002000000120000022000101100,1,W,3971
000200000010000002100000120000022000101100,2,L,3972
000200000012000002100000120000022000101100,1,W,3973
000200000012000002100000120000022000111100,2,L,3974
000200000012000002100000120000022002111100,1,W,3975
000210000012000002100000120000022002111100,2,L,3976
000210000012000002100000120000222002111100,1,W,3977
000210000012000002100001120000222002111100,2,L,3978
000210000012000022100001120000222002111100,1,W,3979
000210000112000022100001120000222002111100,2,L,3980
002210000112000022100001120000222002111100,1,W,3981
000000000000000000000000000000000000000000,1,L,3982
000000000000000000000000000000000000001000,2,W,3983
000000000000000000000000000000020000001000,1,L,3984
000000000000000000000000100000020000001000,2,W,3985
000000000000000002000000100000020000001000,1,L,3986
000000000010000002000000100000020000001000,2,W,3987
000200000010000002000000100000020000001000,1,L,3988
000200000010000002000000100000020000001100,2,W,3989
000200000010000002000000100000022000001100,1,L,3990
000200000010000002000000110000022000001100,2,W,3991
000200000010000002200000110000022000001100,1,L,3992
000200000011000002200000110000022000001100,2,W,3993
000200000011000002200000110000022000001102,1,L,3994
000210000011000002200000110000022000001102,2,W,3995
000210000011000002200000110000022000021102,1,L,3996
000210000011000002200000110000122000021102,2,W,3997
000210000011000002200002110000122000021102,1,L,3998
000210000011000012200002110000122000021102,2,W,3999
000210000211000012200002110000122000021102,1,L,4000
001210000211000012200002110000122000021102,2,W,4001
001210000211000012200002110000122000021122,1,L,4002
001210000211000012200002110000122000121122,2,W,4003
001210000211000012200002110000122200121122,1,L,4004
001210000211000012200002111000122200121122,2,W,4005
000000000000000000000000000000000000000000,1,W,4006
000000000000000000000000000000000000001000,2,L,4007
000000000000000000000000000000000000001020,1,W,4008
000000000000000000000000000000000000001021,2,L,4009
000000000000000000000000000000020000001021,1,W,4010
000000000000000000000000100000020000001021,2,L,4011
000000000000000002000000100000020000001021,1,W,4012
000000000010000002000000100000020000001021,2,L,4013
000200000010000002000000100000020000001021,1,W,4014
000200000010000002000000100000020010001021,2,L,4015
000200000010000002000000100000020010001221,1,W,4016
000200000010000002000000100000021010001221,2,L,4017
000200000010000002000000100200021010001221,1,W,4018
000200000010000002000000110200021010001221,2,L,4019
000200000010000002002000110200021010001221,1,W,4020
000200000010000002102000110200021010001221,2,L,4021
000200000010020002102000110200021010001221,1,W,4022
000000000000000000000000000000000000000000,1,W,4023
000000000000000000000000000000000000001000,2,L,4024
000000000000000000000000000000020000001000,1,W,4025
000000000000000000000000100000020000001000,2,L,4026
000000000000000002000000100000020000001000,1,W,4027
000000000010000002000000100000020000001000,2,L,4028
000000000010000002000000100000020000201000,1,W,4029
000100000010000002000000100000020000201000,2,L,4030
000100000010000002000000100000020000201200,1,W,4031
000100000010000002000000100000021000201200,2,L,4032
000100000010000002000000120000021000201200,1,W,4033
000100000010000002100000120000021000201200,2,L,4034
000100000012000002100000120000021000201200,1,W,4035
000100000012000002100000120000021000201201,2,L,4036
000120000012000002100000120000021000201201,1,W,4037
000120000012000002100000120000021000211201,2,L,4038
000120000012000002100000120000221000211201,1,W,4039
000120000012000002100001120000221000211201,2,L,4040
000120000012000002100001120000221020211201,1,W,4041
000120000012000012100001120000221020211201,2,L,4042
000120000012000012100001120002221020211201,1,W,4043
000120000112000012100001120002221020211201,2,L,4044
000120000112000012100021120002221020211201,1,W,4045
000120000112000112100021120002221020211201,2,L,4046
000120002112000112100021120002221020211201,1,W,4047
