board,mark,label,move_num
000000000000000000000000000000000000000000,1,W,1
000000000000000000000000000000000000001000,2,L,2
000000000000000000000000000000000000201000,1,W,3
000000000000000000000000000000000000201100,2,L,4
000000000000000000000000000000000000201120,1,W,5
000000000000000000000000000000001000201120,2,L,6
000000000000000000000000000000021000201120,1,W,7
000000000000000000000000010000021000201120,2,L,8
000000000000000000200000010000021000201120,1,W,9
000000000000000000200000010000021100201120,2,L,10
000000000000000000200000210000021100201120,1,W,11
000000000000000001200000210000021100201120,2,L,12
000000000000000001200000210000021100201122,1,W,13
000000000000000001200000211000021100201122,2,L,14
000000000020000001200000211000021100201122,1,W,15
000000000021000001200000211000021100201122,2,L,16
000000000021000001200000211002021100201122,1,W,17
000000000021000001200000211002021110201122,2,L,18
000000000021000001200020211002021110201122,1,W,19
000000000021000101200020211002021110201122,2,L,20
000200000021000101200020211002021110201122,1,W,21
000210000021000101200020211002021110201122,2,L,22
000210000021000101220020211002021110201122,1,W,23
000210000021100101220020211002021110201122,2,L,24
000210000021100101220020211002021112201122,1,W,25
000210000021100101220020211012021112201122,2,L,26
000212000021100101220020211012021112201122,1,W,27
000212000021100101220120211012021112201122,2,L,28
000212002021100101220120211012021112201122,1,W,29
000212002021101101220120211012021112201122,2,L,30
000212002021101101220120211212021112201122,1,W,31
000212002021101101220120211212021112211122,2,L,32
000212022021101101220120211212021112211122,1,W,33
000000000000000000000000000000000000000000,1,W,34
000000000000000000000000000000000000001000,2,L,35
000000000000000000000000000000000000201000,1,W,36
000000000000000000000000000000000000201100,2,L,37
000000000000000000000000000000000000201120,1,W,38
000000000000000000000000000001000000201120,2,L,39
000000000000000000000000000001002000201120,1,W,40
000000000000000000000000010001002000201120,2,L,41
000000000000000000200000010001002000201120,1,W,42
000000000000000000200000010001002100201120,2,L,43
000000000000000000200000010001002100201122,1,W,44
000000000000000000200010010001002100201122,2,L,45
000000000000000200200010010001002100201122,1,W,46
000000000000000200200010011001002100201122,2,L,47
000000000000000200220010011001002100201122,1,W,48
000000000001000200220010011001002100201122,2,L,49
000000002001000200220010011001002100201122,1,W,50
000000002001100200220010011001002100201122,2,L,51
000020002001100200220010011001002100201122,1,W,52
000020002001100200220010011001002100211122,2,L,53
000020002001100200220010011001202100211122,1,W,54
000020002001100200220011011001202100211122,2,L,55
000020002001100200220011011001202102211122,1,W,56
000020002001100210220011011001202102211122,2,L,57
000020002201100210220011011001202102211122,1,W,58
000021002201100210220011011001202102211122,2,L,59
002021002201100210220011011001202102211122,1,W,60
012021002201100210220011011001202102211122,2,L,61
012021002201100210220011011021202102211122,1,W,62
012021002201100210220111011021202102211122,2,L,63
012021002201100210220111011021202122211122,1,W,64
012021002201101210220111011021202122211122,2,L,65
012021002201101210220111011221202122211122,1,W,66
012021002201101210221111011221202122211122,2,L,67
012021002201101210221111011221222122211122,1,W,68
000000000000000000000000000000000000000000,1,W,69
000000000000000000000000000000000000001000,2,L,70
000000000000000000000000000000000000201000,1,W,71
000000000000000000000000000000000000201100,2,L,72
000000000000000000000000000000002000201100,1,W,73
000000000000000000000000000000002000201110,2,L,74
000000000000000000000000000000002000221110,1,W,75
000000000000000000000000000000000000000000,1,L,76
000000000000000000000000000000000000000010,2,W,77
000000000000000000000000000000000000002010,1,L,78
000000000000000000000000000000000000012010,2,W,79
000000000000000000000000000000000002012010,1,L,80
000000000000000000000000000000000102012010,2,W,81
000000000000000000000000000000020102012010,1,L,82
000000000000000000000000001000020102012010,2,W,83
000000000000000000020000001000020102012010,1,L,84
000000000000100000020000001000020102012010,2,W,85
000000000000100000020000201000020102012010,1,L,86
000000000000100001020000201000020102012010,2,W,87
000000000000100001020000201020020102012010,1,L,88
000000000000100001020000201020020102012011,2,W,89
000000000000100001020200201020020102012011,1,L,90
000000000000101001020200201020020102012011,2,W,91
000000000020101001020200201020020102012011,1,L,92
000000000020101001020200201020020102012111,2,W,93
000000000020101001020200201020020102212111,1,L,94
000000000020101001020200201020120102212111,2,W,95
000000000020101001020202201020120102212111,1,L,96
000000010020101001020202201020120102212111,2,W,97
000000010020101021020202201020120102212111,1,L,98
000000010120101021020202201020120102212111,2,W,99
200000010120101021020202201020120102212111,1,L,100
200100010120101021020202201020120102212111,2,W,101
202100010120101021020202201020120102212111,1,L,102
202101010120101021020202201020120102212111,2,W,103
202101010120101021020202201020120122212111,1,L,104
202101010120101021020202201021120122212111,2,W,105
202101010120101021020222201021120122212111,1,L,106
202101010120101021020222201021121122212111,2,W,107
000000000000000000000000000000000000000000,1,W,108
000000000000000000000000000000000000001000,2,L,109
000000000000000000000000000000000000201000,1,W,110
000000000000000000000000000000000000201100,2,L,111
000000000000000000000000000000000000221100,1,W,112
000000000000000000000000000000000000221110,2,L,113
000000000000000000000000000000000002221110,1,W,114
000000000000000000000000000001000002221110,2,L,115
000000000000000000000000000001020002221110,1,W,116
000000000000000000000000000000000000000000,1,L,117
000000000000000000000000000000000000001000,2,W,118
000000000000000000000000000000020000001000,1,L,119
000000000000000000000000000000020000011000,2,W,120
000000000000000000000000000000020000011200,1,L,121
000000000000000000000000000000020001011200,2,W,122
000000000000000000000000000000020001211200,1,L,123
000000000000000000000000000000021001211200,2,W,124
000000000000000000000000200000021001211200,1,L,125
000000000000000000000000200010021001211200,2,W,126
000000000000000000000000200010221001211200,1,L,127
000000000000000001000000200010221001211200,2,W,128
000000000000000001000002200010221001211200,1,L,129
000000000000000001000102200010221001211200,2,W,130
000000000000002001000102200010221001211200,1,L,131
000000000010002001000102200010221001211200,2,W,132
000000000010002001000102200012221001211200,1,L,133
000100000010002001000102200012221001211200,2,W,134
000100020010002001000102200012221001211200,1,L,135
000100020010002011000102200012221001211200,2,W,136
200100020010002011000102200012221001211200,1,L,137
200100020010002011000112200012221001211200,2,W,138
000000000000000000000000000000000000000000,1,W,139
000000000000000000000000000000000000000001,2,L,140
000000000000000000000000000000000000002001,1,W,141
000000000000000000000000000000000000012001,2,L,142
000000000000000000000000000000000000012201,1,W,143
000000000000000000000000000000010000012201,2,L,144
000000000000000000000000000000210000012201,1,W,145
000000000000000000000000100000210000012201,2,L,146
000000000000000002000000100000210000012201,1,W,147
000000000000000002000000100000210010012201,2,L,148
000000000000000002000000100000210012012201,1,W,149
000000000000000002000000100000211012012201,2,L,150
000000000000000002000000120000211012012201,1,W,151
000000000000000002000000120100211012012201,2,L,152
000000000000000002002000120100211012012201,1,W,153
000000000000000002002000120110211012012201,2,L,154
000000000000000002202000120110211012012201,1,W,155
000000000000010002202000120110211012012201,2,L,156
000000000000010002202000120110211012012221,1,W,157
000000000000010002202000120110211112012221,2,L,158
000000000000010002202200120110211112012221,1,W,159
000000000000010002202200120110211112112221,2,L,160
000000000000012002202200120110211112112221,1,W,161
000000010000012002202200120110211112112221,2,L,162
200000010000012002202200120110211112112221,1,W,163
200000010000012002202200120111211112112221,2,L,164
200000010000012002202220120111211112112221,1,W,165
200000010000012102202220120111211112112221,2,L,166
200000012000012102202220120111211112112221,1,W,167
210000012000012102202220120111211112112221,2,L,168
210000012000012102202222120111211112112221,1,W,169
210000012000012112202222120111211112112221,2,L,170
210000012200012112202222120111211112112221,1,W,171
211000012200012112202222120111211112112221,2,L,172
211000012220012112202222120111211112112221,1,W,173
211100012220012112202222120111211112112221,2,L,174
211100212220012112202222120111211112112221,1,W,175
211100212221012112202222120111211112112221,2,L,176
211100212221012112202222122111211112112221,1,W,177
000000000000000000000000000000000000000000,1,L,178
000000000000000000000000000000000000000100,2,W,179
000000000000000000000000000000000000002100,1,L,180
000000000000000000000000000000000000102100,2,W,181
000000000000000000000000000000020000102100,1,L,182
000000000000000000000000100000020000102100,2,W,183
000000000000000002000000100000020000102100,1,L,184
000000000000000002000000100000021000102100,2,W,185
000000000000000002000000120000021000102100,1,L,186
000000000000000002100000120000021000102100,2,W,187
000000000000000002100000120002021000102100,1,L,188
000000000000000002100000120002021000102110,2,W,189
000000000000000002100000120002021200102110,1,L,190
000000000000000002100000120002021200102111,2,W,191
000000000002000002100000120002021200102111,1,L,192
000000000002000002100000120002021210102111,2,W,193
000000000002000002100000122002021210102111,1,L,194
000000000002000002110000122002021210102111,2,W,195
000000000002200002110000122002021210102111,1,L,196
000000000012200002110000122002021210102111,2,W,197
000020000012200002110000122002021210102111,1,L,198
000021000012200002110000122002021210102111,2,W,199
000021000012200002110020122002021210102111,1,L,200
000121000012200002110020122002021210102111,2,W,201
000121000012200002110020122202021210102111,1,L,202
000121000012200002111020122202021210102111,2,W,203
000121000012200202111020122202021210102111,1,L,204
000121001012200202111020122202021210102111,2,W,205
020121001012200202111020122202021210102111,1,L,206
020121001012200202111020122202021211102111,2,W,207
020121001012200202111020122222021211102111,1,L,208
020121001012200202111020122222021211112111,2,W,209
020121001012200202111020122222221211112111,1,L,210
020121001012200202111120122222221211112111,2,W,211
000000000000000000000000000000000000000000,1,L,212
000000000000000000000000000000000000100000,2,W,213
000000000000000000000000000000000000102000,1,L,214
000000000000000000000000000000000000102100,2,W,215
000000000000000000000000000000020000102100,1,L,216
000000000000000000000000100000020000102100,2,W,217
000000000000000002000000100000020000102100,1,L,218
000000000000000002000000100000021000102100,2,W,219
000000000000000002000000120000021000102100,1,L,220
000000000000000002100000120000021000102100,2,W,221
000000000000000002100000120002021000102100,1,L,222
000000000000000002100000120002021000102110,2,W,223
000000000000000002100000120002021200102110,1,L,224
000000000000000002100000120002021200102111,2,W,225
000000000000000002100000120002021200122111,1,L,226
000000000000000002100000121002021200122111,2,W,227
000000000000000002100000121002221200122111,1,L,228
000000000000000002110000121002221200122111,2,W,229
000000000020000002110000121002221200122111,1,L,230
000000000020000002110010121002221200122111,2,W,231
000000000020200002110010121002221200122111,1,L,232
000000000020200002110011121002221200122111,2,W,233
000000000020200022110011121002221200122111,1,L,234
000000000120200022110011121002221200122111,2,W,235
000000000122200022110011121002221200122111,1,L,236
001000000122200022110011121002221200122111,2,W,237
001000000122200222110011121002221200122111,1,L,238
001000001122200222110011121002221200122111,2,W,239
001200001122200222110011121002221200122111,1,L,240
001210001122200222110011121002221200122111,2,W,241
021210001122200222110011121002221200122111,1,L,242
021211001122200222110011121002221200122111,2,W,243
021211001122200222110011121002221202122111,1,L,244
021211001122200222110011121002221212122111,2,W,245
000000000000000000000000000000000000000000,1,W,246
000000000000000000000000000000000000001000,2,L,247
000000000000000000000000000000000000201000,1,W,248
000000000000000000000000000000000000201100,2,L,249
000000000000000000000000000000000000201120,1,W,250
000000000000000000000000000000001000201120,2,L,251
000000000000000000000000000000021000201120,1,W,252
000000000000000000000000010000021000201120,2,L,253
000000000000000000000000010000021002201120,1,W,254
000000000000000000000000000000000000000000,1,D,255
000000000000000000000000000000000000001000,2,D,256
000000000000000000000000000000000000201000,1,D,257
000000000000000000000000000000000000201100,2,D,258
000000000000000000000000000000000000201120,1,D,259
000000000000000000000000000000001000201120,2,D,260
000000000000000000000000000000021000201120,1,D,261
000000000000000000000000010000021000201120,2,D,262
000000000000000000200000010000021000201120,1,D,263
000000000001000000200000010000021000201120,2,D,264
000000000001000000200000210000021000201120,1,D,265
000000000001000001200000210000021000201120,2,D,266
000000000001000001200000210000021200201120,1,D,267
000000000001000001200000211000021200201120,2,D,268
000000000001000001200000211002021200201120,1,D,269
000000000001000001200010211002021200201120,2,D,270
000000000021000001200010211002021200201120,1,D,271
000100000021000001200010211002021200201120,2,D,272
000100000021000001220010211002021200201120,1,D,273
000100000021100001220010211002021200201120,2,D,274
000102000021100001220010211002021200201120,1,D,275
000102000021100101220010211002021200201120,2,D,276
000102002021100101220010211002021200201120,1,D,277
000112002021100101220010211002021200201120,2,D,278
020112002021100101220010211002021200201120,1,D,279
020112002021100101220010211002021200211120,2,D,280
020112002021100101220010211002021202211120,1,D,281
020112002021100101220010211002121202211120,2,D,282
020112002021100101220012211002121202211120,1,D,283
020112002021100111220012211002121202211120,2,D,284
020112002221100111220012211002121202211120,1,D,285
021112002221100111220012211002121202211120,2,D,286
021112002221100111220012211022121202211120,1,D,287
021112002221100111220112211022121202211120,2,D,288
021112002221102111220112211022121202211120,1,D,289
021112012221102111220112211022121202211120,2,D,290
221112012221102111220112211022121202211120,1,D,291
221112012221102111220112211022121202211121,2,D,292
221112012221102111220112211022121222211121,1,D,293
221112012221102111220112211122121222211121,2,D,294
221112012221102111222112211122121222211121,1,D,295
221112012221112111222112211122121222211121,2,D,296
000000000000000000000000000000000000000000,1,L,297
000000000000000000000000000000000000001000,2,W,298
000000000000000000000000000000000000201000,1,L,299
000000000000000000000000000000000001201000,2,W,300
000000000000000000000000000000000001201002,1,L,301
000000000000000000000000000000000001211002,2,W,302
000000000000000000000000000002000001211002,1,L,303
000000000000000000000000000002000001211012,2,W,304
000000000000000000000000000002000001211212,1,L,305
000000000000000000000000000002010001211212,2,W,306
000000000000000000000000200002010001211212,1,L,307
000000000000000000000000200002011001211212,2,W,308
000000000000000000000000200002211001211212,1,L,309
000000000000000000000000200002211101211212,2,W,310
000000000000000000000000200002211121211212,1,L,311
000000000000000000000000201002211121211212,2,W,312
000000000000000000020000201002211121211212,1,L,313
000000000000000000020010201002211121211212,2,W,314
000000000000000200020010201002211121211212,1,L,315
000000000000100200020010201002211121211212,2,W,316
000000000000100202020010201002211121211212,1,L,317
000000000010100202020010201002211121211212,2,W,318
000000000010100202020012201002211121211212,1,L,319
000000000010100202020012201102211121211212,2,W,320
000000000010100202022012201102211121211212,1,L,321
000100000010100202022012201102211121211212,2,W,322
000100002010100202022012201102211121211212,1,L,323
000100002010100202022012211102211121211212,2,W,324
000000000000000000000000000000000000000000,1,L,325
000000000000000000000000000000000000000001,2,W,326
000000000000000000000000000000000000000201,1,L,327
000000000000000000000000000000000000001201,2,W,328
000000000000000000000000000000002000001201,1,L,329
000000000000000000000000010000002000001201,2,W,330
000000000000000000200000010000002000001201,1,L,331
000000000000000000200000010000002000001211,2,W,332
000000000000000000200000010000002200001211,1,L,333
000000000000000000200000010000002210001211,2,W,334
000000000000000000200000010000022210001211,1,L,335
000000000000000000200000010000022210011211,2,W,336
000000000000000000200000012000022210011211,1,L,337
000000000000000000200000012000122210011211,2,W,338
000000000000000000220000012000122210011211,1,L,339
000000000000100000220000012000122210011211,2,W,340
000000000000100000220002012000122210011211,1,L,341
000000000000100010220002012000122210011211,2,W,342
000000000000100010220002012000122212011211,1,L,343
000000000000100010220002112000122212011211,2,W,344
000000000000100012220002112000122212011211,1,L,345
000000000001100012220002112000122212011211,2,W,346
000000000021100012220002112000122212011211,1,L,347
000100000021100012220002112000122212011211,2,W,348
000102000021100012220002112000122212011211,1,L,349
000102000021100012220002112100122212011211,2,W,350
000000000000000000000000000000000000000000,1,W,351
000000000000000000000000000000000000001000,2,L,352
000000000000000000000000000000000000201000,1,W,353
000000000000000000000000000000000000201100,2,L,354
000000000000000000000000000000000000201120,1,W,355
000000000000000000000000000000001000201120,2,L,356
000000000000000000000000000000021000201120,1,W,357
000000000000000000000000010000021000201120,2,L,358
000000000000000000200000010000021000201120,1,W,359
000000000000000000200000010000021100201120,2,L,360
000000000000000000200000012000021100201120,1,W,361
000000000000000000200000012000021100201121,2,L,362
000000000000000000200000012000021120201121,1,W,363
000000000000000000200000012100021120201121,2,L,364
000000000000000000200000012100021122201121,1,W,365
000000000000000000210000012100021122201121,2,L,366
000000000002000000210000012100021122201121,1,W,367
000000000002100000210000012100021122201121,2,L,368
000002000002100000210000012100021122201121,1,W,369
000002000002100000210000012110021122201121,2,L,370
000002000002100000210000012112021122201121,1,W,371
000002000002100000210010012112021122201121,2,L,372
000002000002100200210010012112021122201121,1,W,373
000012000002100200210010012112021122201121,2,L,374
000012000002100200212010012112021122201121,1,W,375
000012000002110200212010012112021122201121,2,L,376
000012000002110200212010012112021122221121,1,W,377
000012001002110200212010012112021122221121,2,L,378
000012001002110200212210012112021122221121,1,W,379
000012001002111200212210012112021122221121,2,L,380
000012201002111200212210012112021122221121,1,W,381
000012211002111200212210012112021122221121,2,L,382
000012211002111200212210212112021122221121,1,W,383
000000000000000000000000000000000000000000,1,L,384
000000000000000000000000000000000000001000,2,W,385
000000000000000000000000000000000000201000,1,L,386
000000000000000000000000000000000000201100,2,W,387
000000000000000000000000000000000000201120,1,L,388
000000000000000000000000000000001000201120,2,W,389
000000000000000000000000000000021000201120,1,L,390
000000000000000000000000100000021000201120,2,W,391
000000000000000002000000100000021000201120,1,L,392
000000000000000002000000110000021000201120,2,W,393
000000000000000002200000110000021000201120,1,L,394
000000000010000002200000110000021000201120,2,W,395
000000000012000002200000110000021000201120,1,L,396
000000000012000002200000110000021100201120,2,W,397
000000000012000002200000112000021100201120,1,L,398
000000000012000002210000112000021100201120,2,W,399
000000000012200002210000112000021100201120,1,L,400
000010000012200002210000112000021100201120,2,W,401
000012000012200002210000112000021100201120,1,L,402
000112000012200002210000112000021100201120,2,W,403
000112000012200002210000112002021100201120,1,L,404
000112000012200002210010112002021100201120,2,W,405
000112000012200202210010112002021100201120,1,L,406
000112000012200202210010112002021100211120,2,W,407
000112002012200202210010112002021100211120,1,L,408
010112002012200202210010112002021100211120,2,W,409
010112002012200202210010112002021100211122,1,L,410
010112002012200202210010112002021110211122,2,W,411
010112002012200202210010112002021112211122,1,L,412
010112002012200202210010112012021112211122,2,W,413
010112002012200202210010112212021112211122,1,L,414
010112002012200202210110112212021112211122,2,W,415
010112002012200202210110112212221112211122,1,L,416
010112002012201202210110112212221112211122,2,W,417
000000000000000000000000000000000000000000,1,W,418
000000000000000000000000000000000000001000,2,L,419
000000000000000000000000000000000000201000,1,W,420
000000000000000000000000000000000000201100,2,L,421
000000000000000000000000000000000000201120,1,W,422
000000000000000000000000000000001000201120,2,L,423
000000000000000000000000000000001000201122,1,W,424
000000000000000000000000000000011000201122,2,L,425
000000000000000000000000000000011002201122,1,W,426
000000000000000000000000100000011002201122,2,L,427
000000000000000000000000120000011002201122,1,W,428
000000000000000000000000000000000000000000,1,W,429
000000000000000000000000000000000000001000,2,L,430
000000000000000000000000000000000000201000,1,W,431
000000000000000000000000000000000000211000,2,L,432
000000000000000000000000000000020000211000,1,W,433
000000000000000000000000000000120000211000,2,L,434
000000000000000000000002000000120000211000,1,W,435
000000000000000000000002000000120000211001,2,L,436
000000000000000000000002000000120000211201,1,W,437
000000000000000010000002000000120000211201,2,L,438
000000000000000010000002000000122000211201,1,W,439
000000000000000010000002010000122000211201,2,L,440
000000000000000010000002010000122020211201,1,W,441
000000000000000010100002010000122020211201,2,L,442
000000000002000010100002010000122020211201,1,W,443
000000000002000010100002010001122020211201,2,L,444
000000000002000010100002010201122020211201,1,W,445
000000000102000010100002010201122020211201,2,L,446
000000000102000010102002010201122020211201,1,W,447
000000000102010010102002010201122020211201,2,L,448
000000000102010010102002010201122022211201,1,W,449
000000000102010010102002110201122022211201,2,L,450
000000000102010012102002110201122022211201,1,W,451
000000000112010012102002110201122022211201,2,L,452
000200000112010012102002110201122022211201,1,W,453
000210000112010012102002110201122022211201,2,L,454
000210000112010012102022110201122022211201,1,W,455
000210000112010112102022110201122022211201,2,L,456
000210002112010112102022110201122022211201,1,W,457
001210002112010112102022110201122022211201,2,L,458
001210002112010112102022110201122022211221,1,W,459
001210002112010112102022110201122122211221,2,L,460
001210002112010112102022110221122122211221,1,W,461
000000000000000000000000000000000000000000,1,W,462
000000000000000000000000000000000000001000,2,L,463
000000000000000000000000000000000000201000,1,W,464
000000000000000000000000000000000000201100,2,L,465
000000000000000000000000000000000000201120,1,W,466
000000000000000000000000000000001000201120,2,L,467
000000000000000000000000000000001000221120,1,W,468
000000000000000000000000000000011000221120,2,L,469
000000000000000000000000200000011000221120,1,W,470
000000000000000000000000200000111000221120,2,L,471
000000000000000000000000200002111000221120,1,W,472
000000000000000000000001200002111000221120,2,L,473
000000000000000000000001200002111200221120,1,W,474
000000000000000000000011200002111200221120,2,L,475
000000000000000200000011200002111200221120,1,W,476
000000000000000200000011201002111200221120,2,L,477
000000000000000202000011201002111200221120,1,W,478
000000000000000212000011201002111200221120,2,L,479
000000000200000212000011201002111200221120,1,W,480
000000000200000212010011201002111200221120,2,L,481
000000000220000212010011201002111200221120,1,W,482
000100000220000212010011201002111200221120,2,L,483
002100000220000212010011201002111200221120,1,W,484
002100000220000212010011211002111200221120,2,L,485
002100000220000212210011211002111200221120,1,W,486
002100000220100212210011211002111200221120,2,L,487
002102000220100212210011211002111200221120,1,W,488
002102001220100212210011211002111200221120,2,L,489
022102001220100212210011211002111200221120,1,W,490
022102001221100212210011211002111200221120,2,L,491
022122001221100212210011211002111200221120,1,W,492
022122001221100212210011211002111201221120,2,L,493
022122001221100212210011211022111201221120,1,W,494
022122001221100212210111211022111201221120,2,L,495
022122001221102212210111211022111201221120,1,W,496
022122011221102212210111211022111201221120,2,L,497
222122011221102212210111211022111201221120,1,W,498
222122011221102212210111211022111201221121,2,L,499
222122011221102212210111211022111221221121,1,W,500
000000000000000000000000000000000000000000,1,W,501
000000000000000000000000000000000000100000,2,L,502
000000000000000000000000000000000000102000,1,W,503
000000000000000000000000000000000000102010,2,L,504
000000000000000000000000000000020000102010,1,W,505
000000000000000000000000100000020000102010,2,L,506
000000000000000000000000100000020000122010,1,W,507
000000000000000000000000100000120000122010,2,L,508
000000000000000002000000100000120000122010,1,W,509
000000000000000002000000100001120000122010,2,L,510
000000000000000002000020100001120000122010,1,W,511
000000000000000102000020100001120000122010,2,L,512
000000000000000102000020100001120200122010,1,W,513
000000000010000102000020100001120200122010,2,L,514
000000000010000102000020100001120202122010,1,W,515
000000000010000102000020100011120202122010,2,L,516
000000000010000102000220100011120202122010,1,W,517
000000001010000102000220100011120202122010,2,L,518
000000001010002102000220100011120202122010,1,W,519
000000001010002102000220101011120202122010,2,L,520
000000001010002102000222101011120202122010,1,W,521
000000001010002112000222101011120202122010,2,L,522
000200001010002112000222101011120202122010,1,W,523
000200001010002112010222101011120202122010,2,L,524
000200001010002112010222101011120202122012,1,W,525
000200011010002112010222101011120202122012,2,L,526
200200011010002112010222101011120202122012,1,W,527
200200011110002112010222101011120202122012,2,L,528
220200011110002112010222101011120202122012,1,W,529
221200011110002112010222101011120202122012,2,L,530
221200011110002112010222101011120202122212,1,W,531
000000000000000000000000000000000000000000,1,W,532
000000000000000000000000000000000001000000,2,L,533
000000000000000000000000000000000001002000,1,W,534
000000000000000000000000000000000001002100,2,L,535
000000000000000000000000000000020001002100,1,W,536
000000000000000000000000100000020001002100,2,L,537
000000000000000002000000100000020001002100,1,W,538
000000000000000002000000100000020001002101,2,L,539
000000000000000002000000100000022001002101,1,W,540
000000000000000002000000110000022001002101,2,L,541
000000000000000002000000110020022001002101,1,W,542
000000000000000002100000110020022001002101,2,L,543
000000000000000002100000110020022021002101,1,W,544
000000000001000002100000110020022021002101,2,L,545
000020000001000002100000110020022021002101,1,W,546
000020000011000002100000110020022021002101,2,L,547
000220000011000002100000110020022021002101,1,W,548
000220000011000002100000110120022021002101,2,L,549
000220000011000002102000110120022021002101,1,W,550
000220000011000002102000110120022021012101,2,L,551
000220000011000002102000110120222021012101,1,W,552
000220000011000002102001110120222021012101,2,L,553
000220000011000022102001110120222021012101,1,W,554
000220000111000022102001110120222021012101,2,L,555
000220000111000022102001110120222021212101,1,W,556
000220000111000022102001110121222021212101,2,L,557
000220000111020022102001110121222021212101,1,W,558
000000000000000000000000000000000000000000,1,W,559
000000000000000000000000000000000000001000,2,L,560
000000000000000000000000000000000000201000,1,W,561
000000000000000000000000000000000000201100,2,L,562
000000000000000000000000000000000000201120,1,W,563
000000000000000000000000000000001000201120,2,L,564
000000000000000000000000000000021000201120,1,W,565
000000000000000000000000000000021000201121,2,L,566
000000000000000000000000020000021000201121,1,W,567
000000000000000000100000020000021000201121,2,L,568
000000000000000000100000020000021000221121,1,W,569
000000000000000000100000120000021000221121,2,L,570
000000000000000002100000120000021000221121,1,W,571
000000000000000002100000120000121000221121,2,L,572
000000000000000002100002120000121000221121,1,W,573
000000000000000002100002120001121000221121,2,L,574
000000000000000022100002120001121000221121,1,W,575
000000000000000022100002120001121100221121,2,L,576
000000000200000022100002120001121100221121,1,W,577
001000000200000022100002120001121100221121,2,L,578
001000000220000022100002120001121100221121,1,W,579
001000000221000022100002120001121100221121,2,L,580
001000000221000022100002120001121120221121,1,W,581
001000000221000022100002121001121120221121,2,L,582
001000000221000022100002121201121120221121,1,W,583
000000000000000000000000000000000000000000,1,W,584
000000000000000000000000000000000000001000,2,L,585
000000000000000000000000000000000000201000,1,W,586
000000000000000000000000000000000000201100,2,L,587
000000000000000000000000000000000000201120,1,W,588
000000000000000000000000000000001000201120,2,L,589
000000000000000000000000000000021000201120,1,W,590
000000000000000000000000000001021000201120,2,L,591
000000000000000000000000020001021000201120,1,W,592
000000000000000000000010020001021000201120,2,L,593
000000000000000200000010020001021000201120,1,W,594
000000000000000200100010020001021000201120,2,L,595
000000000000000200100010020001021200201120,1,W,596
000000000000000200100010021001021200201120,2,L,597
000000000000000200120010021001021200201120,1,W,598
000000000000000200120010021001021200211120,2,L,599
000000000000000200120010021001021200211122,1,W,600
000000000000000200120010021001021210211122,2,L,601
000000000002000200120010021001021210211122,1,W,602
000000000002000200120010021101021210211122,2,L,603
000000000002000200120010021101221210211122,1,W,604
000000000000000000000000000000000000000000,1,W,605
000000000000000000000000000000000000001000,2,L,606
000000000000000000000000000000000000201000,1,W,607
000000000000000000000000000000000000201100,2,L,608
000000000000000000000000000000000000201120,1,W,609
000000000000000000000000000000001000201120,2,L,610
000000000000000000000000000000021000201120,1,W,611
000000000000000000000000010000021000201120,2,L,612
000000000000000000000000210000021000201120,1,W,613
000000000000000000000000000000000000000000,1,D,614
000000000000000000000000000000000000001000,2,D,615
000000000000000000000000000000000000201000,1,D,616
000000000000000000000000000000000000201100,2,D,617
000000000000000000000000000000000000201120,1,D,618
000000000000000000000000000000001000201120,2,D,619
000000000000000000000000000000021000201120,1,D,620
000000000000000000000000010000021000201120,2,D,621
000000000000000000200000010000021000201120,1,D,622
000000000000000000200000010000021100201120,2,D,623
000000000000000000200000012000021100201120,1,D,624
000000000000000000200000012000021100201121,2,D,625
000000000000000000200000012000021120201121,1,D,626
000000000000000000210000012000021120201121,2,D,627
000000000000000000210000012002021120201121,1,D,628
000000000000000000210000012102021120201121,2,D,629
000000000000000000210020012102021120201121,1,D,630
000000000000000100210020012102021120201121,2,D,631
000000000002000100210020012102021120201121,1,D,632
000000000002000100210020012102021121201121,2,D,633
000000000002000100210020012122021121201121,1,D,634
000000000002100100210020012122021121201121,2,D,635
000000000002100100212020012122021121201121,1,D,636
000000000002100100212120012122021121201121,2,D,637
000000002002100100212120012122021121201121,1,D,638
000010002002100100212120012122021121201121,2,D,639
000010002002120100212120012122021121201121,1,D,640
010010002002120100212120012122021121201121,2,D,641
010010202002120100212120012122021121201121,1,D,642
010011202002120100212120012122021121201121,2,D,643
010011202002122100212120012122021121201121,1,D,644
010011212002122100212120012122021121201121,2,D,645
210011212002122100212120012122021121201121,1,D,646
210011212002122100212120112122021121201121,2,D,647
210011212002122102212120112122021121201121,1,D,648
210011212012122102212120112122021121201121,2,D,649
210211212012122102212120112122021121201121,1,D,650
210211212012122102212120112122021121211121,2,D,651
210211212012122102212120112122221121211121,1,D,652
210211212012122102212121112122221121211121,2,D,653
210211212012122122212121112122221121211121,1,D,654
210211212112122122212121112122221121211121,2,D,655
000000000000000000000000000000000000000000,1,W,656
000000000000000000000000000000000000001000,2,L,657
000000000000000000000000000000000000201000,1,W,658
000000000000000000000000000000000000211000,2,L,659
000000000000000000000000000000020000211000,1,W,660
000000000000000000000000000000120000211000,2,L,661
000000000000000000000002000000120000211000,1,W,662
000000000000000000000002000000120000211100,2,L,663
000000000000000020000002000000120000211100,1,W,664
000000000000000000000000000000000000000000,1,L,665
000000000000000000000000000000000000001000,2,W,666
000000000000000000000000000000000000201000,1,L,667
000000000000000000000000000000000000211000,2,W,668
000000000000000000000000000000020000211000,1,L,669
000000000000000000000000000000120000211000,2,W,670
000000000000000000000002000000120000211000,1,L,671
000000000000000010000002000000120000211000,2,W,672
000000000000000010000002000000120000211200,1,L,673
000000000000000010000002100000120000211200,2,W,674
000000000000000012000002100000120000211200,1,L,675
000000000000000012000002100000121000211200,2,W,676
000000000000000012000002100000121000211220,1,L,677
000000000000000012000002100000121100211220,2,W,678
000000000000000012000002100002121100211220,1,L,679
000000000000000012000002100002121101211220,2,W,680
000000000000000012000002120002121101211220,1,L,681
000000000010000012000002120002121101211220,2,W,682
000000000210000012000002120002121101211220,1,L,683
000000000210000012000002120012121101211220,2,W,684
000000000210000012000022120012121101211220,1,L,685
000000000210000112000022120012121101211220,2,W,686
000000002210000112000022120012121101211220,1,L,687
000000002210000112000022120012121101211221,2,W,688
000000000000000000000000000000000000000000,1,W,689
000000000000000000000000000000000000001000,2,L,690
000000000000000000000000000000000000001200,1,W,691
000000000000000000000000000000010000001200,2,L,692
000000000000000000000000200000010000001200,1,W,693
000000000000000000000000200000010000011200,2,L,694
000000000000000000000000200000210000011200,1,W,695
000000000000000000000000200000210000111200,2,L,696
000000000000000000000000200000210002111200,1,W,697
000000000000000001000000200000210002111200,2,L,698
000000000000000001000000200000210002111220,1,W,699
000000000010000001000000200000210002111220,2,L,700
000000000010000001000000200000210002111222,1,W,701
000000000010000001000001200000210002111222,2,L,702
000000000010000001000001200020210002111222,1,W,703
000000000010000011000001200020210002111222,2,L,704
000000000210000011000001200020210002111222,1,W,705
000000000210000011000001200021210002111222,2,L,706
000000000210000011000201200021210002111222,1,W,707
000000000210001011000201200021210002111222,2,L,708
000200000210001011000201200021210002111222,1,W,709
001200000210001011000201200021210002111222,2,L,710
001200020210001011000201200021210002111222,1,W,711
001200020210001011000201200021211002111222,2,L,712
001200020210001011000201200021211022111222,1,W,713
001200020210001011000201210021211022111222,2,L,714
001200020210001011000201210221211022111222,1,W,715
001200020210001011001201210221211022111222,2,L,716
001200020210001011201201210221211022111222,1,W,717
000000000000000000000000000000000000000000,1,L,718
000000000000000000000000000000000000010000,2,W,719
000000000000000000000000000000000000210000,1,L,720
000000000000000000000000000000000000211000,2,W,721
000000000000000000000000000000020000211000,1,L,722
000000000000000000000000000000120000211000,2,W,723
000000000000000000000002000000120000211000,1,L,724
000000000000000000000002000000120001211000,2,W,725
000000000000000000000002000000120001211200,1,L,726
000000000000000000000002000010120001211200,2,W,727
000000000000000020000002000010120001211200,1,L,728
000000000000000020000002100010120001211200,2,W,729
000000000200000020000002100010120001211200,1,L,730
001000000200000020000002100010120001211200,2,W,731
001000000200000022000002100010120001211200,1,L,732
001000000210000022000002100010120001211200,2,W,733
001000000210000022000002100012120001211200,1,L,734
001000000210000022000002100012120001211201,2,W,735
001000000210000022000002100012122001211201,1,L,736
001000000210000022000002110012122001211201,2,W,737
001000000210000022200002110012122001211201,1,L,738
001000000211000022200002110012122001211201,2,W,739
001200000211000022200002110012122001211201,1,L,740
001200000211000022200002110012122011211201,2,W,741
001200000211000022200002110212122011211201,1,L,742
001200000211000022200102110212122011211201,2,W,743
001200000211002022200102110212122011211201,1,L,744
001200000211002022201102110212122011211201,2,W,745
001200000211002022201122110212122011211201,1,L,746
001200000211002122201122110212122011211201,2,W,747
001200000211022122201122110212122011211201,1,L,748
001200001211022122201122110212122011211201,2,W,749
001220001211022122201122110212122011211201,1,L,750
011220001211022122201122110212122011211201,2,W,751
011220001211022122201122110212122011211221,1,L,752
011220001211022122201122110212122111211221,2,W,753
011220021211022122201122110212122111211221,1,L,754
011220021211022122201122111212122111211221,2,W,755
000000000000000000000000000000000000000000,1,W,756
000000000000000000000000000000000000001000,2,L,757
000000000000000000000000000000000000201000,1,W,758
000000000000000000000000000001000000201000,2,L,759
000000000000000000000000000001000000201020,1,W,760
000000000000000000000000000001010000201020,2,L,761
000000000000000000000020000001010000201020,1,W,762
000000000000000000000020100001010000201020,2,L,763
000000000000000002000020100001010000201020,1,W,764
000000000000000002000020100001010000211020,2,L,765
000000000000000002000020100001210000211020,1,W,766
000000000000000002000020100001210000211120,2,L,767
000000000000000202000020100001210000211120,1,W,768
000000000000000202000020100001210100211120,2,L,769
000000000000000202000022100001210100211120,1,W,770
000000000000000212000022100001210100211120,2,L,771
000000000000000212000022100001212100211120,1,W,772
000000000000000212000022110001212100211120,2,L,773
000000000000000212200022110001212100211120,1,W,774
000000001000000212200022110001212100211120,2,L,775
000000001020000212200022110001212100211120,1,W,776
000000001021000212200022110001212100211120,2,L,777
000200001021000212200022110001212100211120,1,W,778
000210001021000212200022110001212100211120,2,L,779
000210001221000212200022110001212100211120,1,W,780
001210001221000212200022110001212100211120,2,L,781
001210001221000212200022112001212100211120,1,W,782
000000000000000000000000000000000000000000,1,L,783
000000000000000000000000000000000000001000,2,W,784
000000000000000000000000000000000000201000,1,L,785
000000000000000000000000000000000000201100,2,W,786
000000000000000000000000000000000000201120,1,L,787
000000000000000000000000000000001000201120,2,W,788
000000000000000000000000020000001000201120,1,L,789
000000000000000000000000020000001000211120,2,W,790
000000000000000000000000020000021000211120,1,L,791
000000000000000000100000020000021000211120,2,W,792
000000000000000000100000020002021000211120,1,L,793
000000000000000000100010020002021000211120,2,W,794
000000000000000000100010020002221000211120,1,L,795
000000000000000000100011020002221000211120,2,W,796
000000000000000000100011220002221000211120,1,L,797
000000000000000001100011220002221000211120,2,W,798
000000000000000021100011220002221000211120,1,L,799
000000000001000021100011220002221000211120,2,W,800
000000000021000021100011220002221000211120,1,L,801
000000000121000021100011220002221000211120,2,W,802
000200000121000021100011220002221000211120,1,L,803
001200000121000021100011220002221000211120,2,W,804
001200000121000021100011220002221200211120,1,L,805
001200000121000021100011221002221200211120,2,W,806
001200000121000021120011221002221200211120,1,L,807
001210000121000021120011221002221200211120,2,W,808
001210000121000021120011221002221202211120,1,L,809
001210000121000121120011221002221202211120,2,W,810
000000000000000000000000000000000000000000,1,W,811
000000000000000000000000000000000000001000,2,L,812
000000000000000000000000000000000000201000,1,W,813
000000000000000000000000000000000000201100,2,L,814
000000000000000000000000000000000000201120,1,W,815
000000000000000000000000000000001000201120,2,L,816
000000000000000000000000000000021000201120,1,W,817
000000000000000000000000000000021000211120,2,L,818
000000000000000000000000000002021000211120,1,W,819
000000000000000000000000100002021000211120,2,L,820
000000000000000002000000100002021000211120,1,W,821
000000000000000002000000110002021000211120,2,L,822
000000000000000002200000110002021000211120,1,W,823
000000000001000002200000110002021000211120,2,L,824
000000000001000002200000110002021002211120,1,W,825
000000000001000002200000110002021002211121,2,L,826
000000000001000002200020110002021002211121,1,W,827
000000000001000102200020110002021002211121,2,L,828
000000000001000102200020110002221002211121,1,W,829
000000000001000102200020110012221002211121,2,L,830
000000000001000102200022110012221002211121,1,W,831
000000000001000102200122110012221002211121,2,L,832
000000000001000102200122110012221022211121,1,W,833
000000000001000112200122110012221022211121,2,L,834
000000000001000112200122110012221222211121,1,W,835
000000000000000000000000000000000000000000,1,L,836
000000000000000000000000000000000000001000,2,W,837
000000000000000000000000000000020000001000,1,L,838
000000000000000000000000000000020000011000,2,W,839
000000000000000000000000000000020000011200,1,L,840
000000000000000000000000100000020000011200,2,W,841
000000000000000000000000100000020000211200,1,L,842
000000000000000000000000100000021000211200,2,W,843
000000000000000000000000100002021000211200,1,L,844
000000000000000001000000100002021000211200,2,W,845
000000000000000001000000100002221000211200,1,L,846
000000000000000001000000100002221000211210,2,W,847
000000000000000001000000120002221000211210,1,L,848
000000000000000001100000120002221000211210,2,W,849
000000000002000001100000120002221000211210,1,L,850
000000000002000001100010120002221000211210,2,W,851
000000000022000001100010120002221000211210,1,L,852
000000000022000101100010120002221000211210,2,W,853
000000002022000101100010120002221000211210,1,L,854
000010002022000101100010120002221000211210,2,W,855
000210002022000101100010120002221000211210,1,L,856
000210002022000101100010120002221100211210,2,W,857
000210002022000101100010122002221100211210,1,L,858
000210002022000101110010122002221100211210,2,W,859
000210002022200101110010122002221100211210,1,L,860
000210002022200101110011122002221100211210,2,W,861
000210002022200121110011122002221100211210,1,L,862
000210002122200121110011122002221100211210,2,W,863
002210002122200121110011122002221100211210,1,L,864
002210002122200121110011122002221100211211,2,W,865
022210002122200121110011122002221100211211,1,L,866
022210002122200121110011122002221101211211,2,W,867
000000000000000000000000000000000000000000,1,L,868
000000000000000000000000000000000000001000,2,W,869
000000000000000000000000000000000000201000,1,L,870
000000000000000000000000000000000000201100,2,W,871
000000000000000000000000000000000000201120,1,L,872
000000000000000000000000000000001000201120,2,W,873
000000000000000000000000000000001002201120,1,L,874
000000000000000000000000000000011002201120,2,W,875
000000000000000000000000020000011002201120,1,L,876
000000000000000000000000120000011002201120,2,W,877
000000000000000002000000120000011002201120,1,L,878
000000000010000002000000120000011002201120,2,W,879
000000000010000002000000120000011202201120,1,L,880
000100000010000002000000120000011202201120,2,W,881
000100000010000002200000120000011202201120,1,L,882
000100000010000002200000120000011202201121,2,W,883
000100000012000002200000120000011202201121,1,L,884
000110000012000002200000120000011202201121,2,W,885
000110000012000002200000120002011202201121,1,L,886
000110000012000002200010120002011202201121,2,W,887
000110000012000202200010120002011202201121,1,L,888
000110000012000202200010120012011202201121,2,W,889
000110000012000202200010120012011202221121,1,L,890
000110000012000202200110120012011202221121,2,W,891
000110000012002202200110120012011202221121,1,L,892
000110001012002202200110120012011202221121,2,W,893
020110001012002202200110120012011202221121,1,L,894
020110011012002202200110120012011202221121,2,W,895
020110011012002202200110122012011202221121,1,L,896
020110011012002202210110122012011202221121,2,W,897
020110011012002202210110122012211202221121,1,L,898
020110011012102202210110122012211202221121,2,W,899
020110011012102202210112122012211202221121,1,L,900
020110011012102202210112122012211212221121,2,W,901
000000000000000000000000000000000000000000,1,L,902
000000000000000000000000000000000000001000,2,W,903
000000000000000000000000000000000000201000,1,L,904
000000000000000000000000000000000000201100,2,W,905
000000000000000000000000000000000000201120,1,L,906
000000000000000000000000000000001000201120,2,W,907
000000000000000000000000000000021000201120,1,L,908
000000000000000000000000010000021000201120,2,W,909
000000000000000000200000010000021000201120,1,L,910
000000000000000000200000010000021100201120,2,W,911
000000000000000000200000010000021100201122,1,L,912
000000000000000000200000011000021100201122,2,W,913
000000000000000000200000211000021100201122,1,L,914
000000000000000000200000211000021101201122,2,W,915
000000000000000002200000211000021101201122,1,L,916
000000000010000002200000211000021101201122,2,W,917
000000000010000002220000211000021101201122,1,L,918
000000000011000002220000211000021101201122,2,W,919
000000000011200002220000211000021101201122,1,L,920
000000000011200002220000211010021101201122,2,W,921
000000000011200002220200211010021101201122,1,L,922
000000000011200002220200211010021101211122,2,W,923
000000000000000000000000000000000000000000,1,W,924
000000000000000000000000000000000000001000,2,L,925
000000000000000000000000000000000000201000,1,W,926
000000000000000000000000000000010000201000,2,L,927
000000000000000000000000000000010000201020,1,W,928
000000000000000000000000100000010000201020,2,L,929
000000000000000002000000100000010000201020,1,W,930
000000000000000002000000100001010000201020,2,L,931
000000000000000002000020100001010000201020,1,W,932
000000000000000002000020100001010000211020,2,L,933
000000000000000002000020100001210000211020,1,W,934
000000000000000002000020100001210000211120,2,L,935
000000000000000202000020100001210000211120,1,W,936
000000001000000202000020100001210000211120,2,L,937
000000001000000202000020100001210200211120,1,W,938
000000001000000202000020100001210200211121,2,L,939
000000001000000202000020102001210200211121,1,W,940
000000001000000202010020102001210200211121,2,L,941
020000001000000202010020102001210200211121,1,W,942
020000001010000202010020102001210200211121,2,L,943
020000001010200202010020102001210200211121,1,W,944
020000001010200202010020102001210201211121,2,L,945
020002001010200202010020102001210201211121,1,W,946
020102001010200202010020102001210201211121,2,L,947
020102001010200202010022102001210201211121,1,W,948
020102001010200212010022102001210201211121,2,L,949
020102001010200212010022102001212201211121,1,W,950
020102001010200212010022102011212201211121,2,L,951
020102001210200212010022102011212201211121,1,W,952
020102001210200212010022112011212201211121,2,L,953
022102001210200212010022112011212201211121,1,W,954
022102001210200212010122112011212201211121,2,L,955
022102001210200212010122112011212221211121,1,W,956
000000000000000000000000000000000000000000,1,L,957
000000000000000000000000000000000001000000,2,W,958
000000000000000000000000000000000001002000,1,L,959
000000000000000000000000000000000001002100,2,W,960
000000000000000000000000000000020001002100,1,L,961
000000000000000000000000100000020001002100,2,W,962
000000000000000002000000100000020001002100,1,L,963
000000000000000002000000100010020001002100,2,W,964
000000000020000002000000100010020001002100,1,L,965
000000000020000002000100100010020001002100,2,W,966
000000000020002002000100100010020001002100,1,L,967
000000000020002002000100100010021001002100,2,W,968
000000000020002002000100120010021001002100,1,L,969
000000000020002002000100120010021001012100,2,W,970
000000000020002002000100120010021001212100,1,L,971
000000010020002002000100120010021001212100,2,W,972
000000010020002002000100120010021001212120,1,L,973
000000010020002002000100120011021001212120,2,W,974
000000010020002002200100120011021001212120,1,L,975
000000010020002002200100120011021101212120,2,W,976
000000010020002002200100122011021101212120,1,L,977
000000010020002002210100122011021101212120,2,W,978
000000010022002002210100122011021101212120,1,L,979
000010010022002002210100122011021101212120,2,W,980
000010010022002002210100122011021101212122,1,L,981
000110010022002002210100122011021101212122,2,W,982
000000000000000000000000000000000000000000,1,L,983
000000000000000000000000000000000000001000,2,W,984
000000000000000000000000000000000000201000,1,L,985
000000000000000000000000000000000000201100,2,W,986
000000000000000000000000000000000000201120,1,L,987
000000000000000000000000000000000000201121,2,W,988
000000000000000000000000000000020000201121,1,L,989
000000000000000000000000000000020100201121,2,W,990
000000000000000000000000000002020100201121,1,L,991
000000000000000000000010000002020100201121,2,W,992
000000000000000000000010002002020100201121,1,L,993
000000000000000100000010002002020100201121,2,W,994
000000000000000100020010002002020100201121,1,L,995
000000000000000100020010102002020100201121,2,W,996
000000000000000102020010102002020100201121,1,L,997
000000000000000102020010102002020100211121,2,W,998
000000000000000102020010102002220100211121,1,L,999
000000000000000102020010102002221100211121,2,W,1000
000000000000000102020012102002221100211121,1,L,1001
000000000000000102020012102002221101211121,2,W,1002
000000000000000000000000000000000000000000,1,L,1003
000000000000000000000000000000000000001000,2,W,1004
000000000000000000000000000000000000201000,1,L,1005
000000000000000000000000000000000000201100,2,W,1006
000000000000000000000000000000000000201120,1,L,1007
000000000000000000000000000000001000201120,2,W,1008
000000000000000000000000000000021000201120,1,L,1009
000000000000000000000000010000021000201120,2,W,1010
000000000000000000200000010000021000201120,1,L,1011
000000000000000000200000010000021100201120,2,W,1012
000000000000000000200000012000021100201120,1,L,1013
000000000000000000200000012000021100211120,2,W,1014
000000000000000000200000012000221100211120,1,L,1015
000000000000000000200000012000221100211121,2,W,1016
000000000000000000200000012002221100211121,1,L,1017
000000000000000000200010012002221100211121,2,W,1018
000000000000000000200012012002221100211121,1,L,1019
000000000000000000200012112002221100211121,2,W,1020
000000000000000002200012112002221100211121,1,L,1021
000000000000000002200012112002221101211121,2,W,1022
000000000000000000000000000000000000000000,1,W,1023
000000000000000000000000000000000000001000,2,L,1024
000000000000000000000000000000000000201000,1,W,1025
000000000000000000000000000000000000201100,2,L,1026
000000000000000000000000000000000000201120,1,W,1027
000000000000000000000000000000001000201120,2,L,1028
000000000000000000000000000000021000201120,1,W,1029
000000000000000000000000010000021000201120,2,L,1030
000000000000000000200000010000021000201120,1,W,1031
000000000000000000200000010000021100201120,2,L,1032
000000000000000000200000012000021100201120,1,W,1033
000000000000000000200000012000021100201121,2,L,1034
000000000000000000200000012000021120201121,1,W,1035
000000000000000000210000012000021120201121,2,L,1036
000000000000000000210000012002021120201121,1,W,1037
000000000000000000210000012002021120211121,2,L,1038
000000000000000000210020012002021120211121,1,W,1039
000000000000000100210020012002021120211121,2,L,1040
000000000000000100210020012002221120211121,1,W,1041
000000000000000100210021012002221120211121,2,L,1042
000000000000000120210021012002221120211121,1,W,1043
000000000000000120210021112002221120211121,2,L,1044
000000000000000122210021112002221120211121,1,W,1045
000000000010000122210021112002221120211121,2,L,1046
000000000210000122210021112002221120211121,1,W,1047
000000000211000122210021112002221120211121,2,L,1048
000200000211000122210021112002221120211121,1,W,1049
000200000211100122210021112002221120211121,2,L,1050
000220000211100122210021112002221120211121,1,W,1051
001220000211100122210021112002221120211121,2,L,1052
001222000211100122210021112002221120211121,1,W,1053
001222001211100122210021112002221120211121,2,L,1054
001222001211100122210021112002221122211121,1,W,1055
001222001211100122210021112012221122211121,2,L,1056
001222001211100122210221112012221122211121,1,W,1057
011222001211100122210221112012221122211121,2,L,1058
011222001211102122210221112012221122211121,1,W,1059
011222011211102122210221112012221122211121,2,L,1060
211222011211102122210221112012221122211121,1,W,1061
211222011211102122210221112112221122211121,2,L,1062
211222011211102122212221112112221122211121,1,W,1063
000000000000000000000000000000000000000000,1,W,1064
000000000000000000000000000000000000000001,2,L,1065
000000000000000000000000000000000000020001,1,W,1066
000000000000000000000000000000000000021001,2,L,1067
000000000000000000000000000000200000021001,1,W,1068
000000000000000000000000000000200000021101,2,L,1069
000000000000000000000002000000200000021101,1,W,1070
000000000000000010000002000000200000021101,2,L,1071
000000000000000010000002000000200000021121,1,W,1072
000000000000000010000002000000201000021121,2,L,1073
000000000000000010000002000000201200021121,1,W,1074
000000000000000010000002001000201200021121,2,L,1075
000000000000000010020002001000201200021121,1,W,1076
000000000000000010020002001000201200121121,2,L,1077
000000000000000010020002021000201200121121,1,W,1078
000000000000000010020002021000211200121121,2,L,1079
000000000000000010020002221000211200121121,1,W,1080
000000000000000011020002221000211200121121,2,L,1081
000000000000000011220002221000211200121121,1,W,1082
000000000000100011220002221000211200121121,2,L,1083
000000000002100011220002221000211200121121,1,W,1084
000010000002100011220002221000211200121121,2,L,1085
000010000202100011220002221000211200121121,1,W,1086
000010000212100011220002221000211200121121,2,L,1087
000210000212100011220002221000211200121121,1,W,1088
000211000212100011220002221000211200121121,2,L,1089
002211000212100011220002221000211200121121,1,W,1090
002211000212100011220002221001211200121121,2,L,1091
002211000212100011220002221001211220121121,1,W,1092
000000000000000000000000000000000000000000,1,L,1093
000000000000000000000000000000000000001000,2,W,1094
000000000000000000000000000000000000201000,1,L,1095
000000000000000000000000000000000000201100,2,W,1096
000000000000000000000000000000000000201120,1,L,1097
000000000000000000000000000000001000201120,2,W,1098
000000000000000000000000000000021000201120,1,L,1099
000000000000000000000000010000021000201120,2,W,1100
000000000000000000200000010000021000201120,1,L,1101
000000000000000000200000010000021100201120,2,W,1102
000000000000000000200000012000021100201120,1,L,1103
000000000000000000200000012000021100201121,2,W,1104
000000000000000000200000012000021120201121,1,L,1105
000000000000000000210000012000021120201121,2,W,1106
000000000000000000210000012002021120201121,1,L,1107
000000000000000000210000012102021120201121,2,W,1108
000000000000200000210000012102021120201121,1,L,1109
000000000001200000210000012102021120201121,2,W,1110
000000000001200000210000012102021122201121,1,L,1111
000000000001200000210010012102021122201121,2,W,1112
000000000001200000210010012122021122201121,1,L,1113
000000000001200100210010012122021122201121,2,W,1114
000000000001200100210010012122021122221121,1,L,1115
000000001001200100210010012122021122221121,2,W,1116
020000001001200100210010012122021122221121,1,L,1117
020000001001200100210010012122121122221121,2,W,1118
020000001001200100210012012122121122221121,1,L,1119
020000001001200110210012012122121122221121,2,W,1120
020000001201200110210012012122121122221121,1,L,1121
020010001201200110210012012122121122221121,2,W,1122
022010001201200110210012012122121122221121,1,L,1123
022010001201200110211012012122121122221121,2,W,1124
022010001201220110211012012122121122221121,1,L,1125
022010001201220110211012112122121122221121,2,W,1126
000000000000000000000000000000000000000000,1,L,1127
000000000000000000000000000000000000001000,2,W,1128
000000000000000000000000000000000000201000,1,L,1129
000000000000000000000000000000000000201100,2,W,1130
000000000000000000000000000000000000201120,1,L,1131
000000000000000000000000000000001000201120,2,W,1132
000000000000000000000000000000021000201120,1,L,1133
000000000000000000000000010000021000201120,2,W,1134
000000000000000000200000010000021000201120,1,L,1135
000000000000000000200000010000021100201120,2,W,1136
000000000000000000200000012000021100201120,1,L,1137
000000000000000000200000012000021100201121,2,W,1138
000000000000000000200000012000021120201121,1,L,1139
000000000000000000210000012000021120201121,2,W,1140
000000000000000000210000012002021120201121,1,L,1141
000000000000000000210000012102021120201121,2,W,1142
000000000000000000210020012102021120201121,1,L,1143
000000000000000100210020012102021120201121,2,W,1144
000000000002000100210020012102021120201121,1,L,1145
000000000002000100211020012102021120201121,2,W,1146
000000000002020100211020012102021120201121,1,L,1147
000000000002120100211020012102021120201121,2,W,1148
000000000002120100211020012102021122201121,1,L,1149
000000100002120100211020012102021122201121,2,W,1150
000000100002120100211020012122021122201121,1,L,1151
000000100002120100211120012122021122201121,2,W,1152
000000100002122100211120012122021122201121,1,L,1153
000001100002122100211120012122021122201121,2,W,1154
000001100002122100211120012122021122221121,1,L,1155
000001101002122100211120012122021122221121,2,W,1156
000001101002122100211120012122221122221121,1,L,1157
000001111002122100211120012122221122221121,2,W,1158
000001111002122100211122012122221122221121,1,L,1159
100001111002122100211122012122221122221121,2,W,1160
000000000000000000000000000000000000000000,1,W,1161
000000000000000000000000000000000000001000,2,L,1162
000000000000000000000000000000000000201000,1,W,1163
000000000000000000000000000000000000201100,2,L,1164
000000000000000000000000000000000000201120,1,W,1165
000000000000000000000000000000010000201120,2,L,1166
000000000000000000000000000000010000221120,1,W,1167
000000000000000000000000000000010000221121,2,L,1168
000000000000000000000000200000010000221121,1,W,1169
000000000000000000000000200000011000221121,2,L,1170
000000000000000000000000200000211000221121,1,W,1171
000000000000000000000001200000211000221121,2,L,1172
000000000000000000000001200000211200221121,1,W,1173
000000000000000000000001201000211200221121,2,L,1174
000000000000000002000001201000211200221121,1,W,1175
000000000010000002000001201000211200221121,2,L,1176
000000000010000002020001201000211200221121,1,W,1177
000000000010100002020001201000211200221121,2,L,1178
000000000010100002020001201000211220221121,1,W,1179
000000000010100002020001211000211220221121,2,L,1180
000000000010100002020001211200211220221121,1,W,1181
000000000000000000000000000000000000000000,1,W,1182
000000000000000000000000000000000000001000,2,L,1183
000000000000000000000000000000000000201000,1,W,1184
000000000000000000000000000000000001201000,2,L,1185
000000000000000000000000000000000001201200,1,W,1186
000000000000000000000000000000010001201200,2,L,1187
000000000000000000000000000000010001201220,1,W,1188
000000000000000000000000000000011001201220,2,L,1189
000000000000000000000000020000011001201220,1,W,1190
000000000000000000000000120000011001201220,2,L,1191
000000000000000002000000120000011001201220,1,W,1192
000000000000000002000000120000011101201220,2,L,1193
000000000000000002200000120000011101201220,1,W,1194
000000000001000002200000120000011101201220,2,L,1195
000020000001000002200000120000011101201220,1,W,1196
000020000011000002200000120000011101201220,2,L,1197
000020000011000002200000120002011101201220,1,W,1198
000020000011000002200010120002011101201220,2,L,1199
000020000011000202200010120002011101201220,1,W,1200
000020001011000202200010120002011101201220,2,L,1201
000220001011000202200010120002011101201220,1,W,1202
010220001011000202200010120002011101201220,2,L,1203
010220001011000202200010122002011101201220,1,W,1204
010220001011000202210010122002011101201220,2,L,1205
010220001011000202210010122002011101221220,1,W,1206
000000000000000000000000000000000000000000,1,L,1207
000000000000000000000000000000000000001000,2,W,1208
000000000000000000000000000000000000201000,1,L,1209
000000000000000000000000000000000000201100,2,W,1210
000000000000000000000000000000000000201120,1,L,1211
000000000000000000000000000000001000201120,2,W,1212
000000000000000000000000000000021000201120,1,L,1213
000000000000000000000000010000021000201120,2,W,1214
000000000000000000200000010000021000201120,1,L,1215
000000000000000000200000010000021100201120,2,W,1216
000000000000000000200000012000021100201120,1,L,1217
000000000000000000200000012000021100201121,2,W,1218
000000000000000000200000012000021120201121,1,L,1219
000000000000000000210000012000021120201121,2,W,1220
000000000000000000210000012002021120201121,1,L,1221
000000000000000000210000012102021120201121,2,W,1222
000000000002000000210000012102021120201121,1,L,1223
000000000002100000210000012102021120201121,2,W,1224
000002000002100000210000012102021120201121,1,L,1225
000002000002100000211000012102021120201121,2,W,1226
000002000002100000211020012102021120201121,1,L,1227
000002000002100100211020012102021120201121,2,W,1228
000022000002100100211020012102021120201121,1,L,1229
000022000002100100211020012102021121201121,2,W,1230
000022000002100100211020012102021121221121,1,L,1231
000022000002100100211020012102121121221121,2,W,1232
000022002002100100211020012102121121221121,1,L,1233
000022002002100100211021012102121121221121,2,W,1234
000022002002100120211021012102121121221121,1,L,1235
000022002002100120211021012112121121221121,2,W,1236
000022002002120120211021012112121121221121,1,L,1237
000022002002120120211121012112121121221121,2,W,1238
000022002002122120211121012112121121221121,1,L,1239
000022002102122120211121012112121121221121,2,W,1240
000022202102122120211121012112121121221121,1,L,1241
010022202102122120211121012112121121221121,2,W,1242
012022202102122120211121012112121121221121,1,L,1243
012022202102122120211121112112121121221121,2,W,1244
012022202102122122211121112112121121221121,1,L,1245
012022202112122122211121112112121121221121,2,W,1246
000000000000000000000000000000000000000000,1,L,1247
000000000000000000000000000000000000001000,2,W,1248
000000000000000000000000000000000000201000,1,L,1249
000000000000000000000000000000000000201100,2,W,1250
000000000000000000000000000000000000201120,1,L,1251
000000000000000000000000000000001000201120,2,W,1252
000000000000000000000000000000021000201120,1,L,1253
000000000000000000000000010000021000201120,2,W,1254
000000000000000000200000010000021000201120,1,L,1255
000000000000000000200000010000021001201120,2,W,1256
000000000000000000200000010002021001201120,1,L,1257
000000000000000000200000110002021001201120,2,W,1258
000000000000000000200000110002021001221120,1,L,1259
000000000000000000200010110002021001221120,2,W,1260
000000000000000002200010110002021001221120,1,L,1261
000000000000000002200010110002021101221120,2,W,1262
000000000000000002200010110002221101221120,1,L,1263
000000000000000002200010110012221101221120,2,W,1264
000000000000000002200012110012221101221120,1,L,1265
000000000000000012200012110012221101221120,2,W,1266
000000000000000000000000000000000000000000,1,L,1267
000000000000000000000000000000000000100000,2,W,1268
000000000000000000000000000000000000102000,1,L,1269
000000000000000000000000000000000000102100,2,W,1270
000000000000000000000000000000020000102100,1,L,1271
000000000000000000000000000001020000102100,2,W,1272
000000000000000000000020000001020000102100,1,L,1273
000000000000000000000020100001020000102100,2,W,1274
000000000000000002000020100001020000102100,1,L,1275
000000000000000102000020100001020000102100,2,W,1276
000000000000000102000020100001022000102100,1,L,1277
000000001000000102000020100001022000102100,2,W,1278
000000001000000102000020120001022000102100,1,L,1279
000000001000000102100020120001022000102100,2,W,1280
000000001000000102100020120001022000122100,1,L,1281
000000001000000102100020120001122000122100,2,W,1282
000000001000000102100020120001122002122100,1,L,1283
000000001000000102100020120011122002122100,2,W,1284
000000001000000102100220120011122002122100,1,L,1285
000000001000001102100220120011122002122100,2,W,1286
000000021000001102100220120011122002122100,1,L,1287
100000021000001102100220120011122002122100,2,W,1288
120000021000001102100220120011122002122100,1,L,1289
120000021000001102100221120011122002122100,2,W,1290
120000021000001122100221120011122002122100,1,L,1291
120000021100001122100221120011122002122100,2,W,1292
120000021100001122100221120011122002122120,1,L,1293
121000021100001122100221120011122002122120,2,W,1294
121000021120001122100221120011122002122120,1,L,1295
121100021120001122100221120011122002122120,2,W,1296
121100021122001122100221120011122002122120,1,L,1297
121110021122001122100221120011122002122120,2,W,1298
121110021122001122100221120011122202122120,1,L,1299
121110021122001122100221120011122202122121,2,W,1300
000000000000000000000000000000000000000000,1,W,1301
000000000000000000000000000000000000001000,2,L,1302
000000000000000000000000000000000000201000,1,W,1303
000000000000000000000000000000000000201100,2,L,1304
000000000000000000000000000000000000201120,1,W,1305
000000000000000000000000000000001000201120,2,L,1306
000000000000000000000000000000021000201120,1,W,1307
000000000000000000000000010000021000201120,2,L,1308
000000000000000000000000010000021200201120,1,W,1309
000000000000000000000000000000000000000000,1,D,1310
000000000000000000000000000000000000001000,2,D,1311
000000000000000000000000000000000000201000,1,D,1312
000000000000000000000000000000000000201100,2,D,1313
000000000000000000000000000000000000201120,1,D,1314
000000000000000000000000000000001000201120,2,D,1315
000000000000000000000000000000021000201120,1,D,1316
000000000000000000000000010000021000201120,2,D,1317
000000000000000000200000010000021000201120,1,D,1318
000000000000000000200000010000021100201120,2,D,1319
000000000000000000200000010000021100201122,1,D,1320
000000000000000000200000011000021100201122,2,D,1321
000000000000000000200000211000021100201122,1,D,1322
000000000000000001200000211000021100201122,2,D,1323
000000000020000001200000211000021100201122,1,D,1324
000000000021000001200000211000021100201122,2,D,1325
000000000021000001200000211002021100201122,1,D,1326
000000000021000001200000211002021110201122,2,D,1327
000000000021000001200020211002021110201122,1,D,1328
000000000021000101200020211002021110201122,2,D,1329
000200000021000101200020211002021110201122,1,D,1330
000210000021000101200020211002021110201122,2,D,1331
000210000021000101220020211002021110201122,1,D,1332
000210000021000101220020211102021110201122,2,D,1333
000210000021000101222020211102021110201122,1,D,1334
000210000021100101222020211102021110201122,2,D,1335
000212000021100101222020211102021110201122,1,D,1336
000212000021110101222020211102021110201122,2,D,1337
000212000021110101222020211102021112201122,1,D,1338
000212001021110101222020211102021112201122,2,D,1339
020212001021110101222020211102021112201122,1,D,1340
020212001021110101222020211102021112211122,2,D,1341
020212201021110101222020211102021112211122,1,D,1342
020212201021110101222020211102121112211122,2,D,1343
020212201021110101222022211102121112211122,1,D,1344
020212201021110111222022211102121112211122,2,D,1345
020212201221110111222022211102121112211122,1,D,1346
021212201221110111222022211102121112211122,2,D,1347
021212201221110111222022211122121112211122,1,D,1348
021212201221110111222122211122121112211122,2,D,1349
021212201221112111222122211122121112211122,1,D,1350
021212211221112111222122211122121112211122,2,D,1351
000000000000000000000000000000000000000000,1,W,1352
000000000000000000000000000000000000001000,2,L,1353
000000000000000000000000000000000000201000,1,W,1354
000000000000000000000000000000000001201000,2,L,1355
000000000000000000000000000000000001201200,1,W,1356
000000000000000000000000000000010001201200,2,L,1357
000000000000000000000000000002010001201200,1,W,1358
000000000000000000000000100002010001201200,2,L,1359
000000000000000002000000100002010001201200,1,W,1360
000000000000000002000000100002010001211200,2,L,1361
000000000000000002000020100002010001211200,1,W,1362
000000000000000102000020100002010001211200,2,L,1363
000000000000000102000020100002010001211202,1,W,1364
000000000000000102000020100012010001211202,2,L,1365
000000000000000102000220100012010001211202,1,W,1366
000000000000000102000220100012011001211202,2,L,1367
000000000000000102000220120012011001211202,1,W,1368
000000000000000102000220120012011001211212,2,L,1369
000000000000000102000220120012011201211212,1,W,1370
000000000000001102000220120012011201211212,2,L,1371
000000020000001102000220120012011201211212,1,W,1372
000000020000001102000220120012011211211212,2,L,1373
200000020000001102000220120012011211211212,1,W,1374
200000021000001102000220120012011211211212,2,L,1375
220000021000001102000220120012011211211212,1,W,1376
220000021000001102000220120012111211211212,2,L,1377
220000021000001102000222120012111211211212,1,W,1378
000000000000000000000000000000000000000000,1,W,1379
000000000000000000000000000000000000001000,2,L,1380
000000000000000000000000000000000000001002,1,W,1381
000000000000000000000000000000000000011002,2,L,1382
000000000000000000000000000000000000211002,1,W,1383
000000000000000000000000000000010000211002,2,L,1384
000000000000000000000000000002010000211002,1,W,1385
000000000000000000000000000002010000211102,2,L,1386
000000000000000000000000000002010000211122,1,W,1387
000000000000000000000000000002011000211122,2,L,1388
000000000000000000000000000002011200211122,1,W,1389
000000000000000000000000100002011200211122,2,L,1390
000000000000000000000000100002211200211122,1,W,1391
000000000000000000000000000000000000000000,1,D,1392
000000000000000000000000000000000000000010,2,D,1393
000000000000000000000000000000000000002010,1,D,1394
000000000000000000000000000000000000012010,2,D,1395
000000000000000000000000000000000002012010,1,D,1396
000000000000000000000000000000000002012110,2,D,1397
000000000000000000000000000000002002012110,1,D,1398
000000000000000000000000000000012002012110,2,D,1399
000000000000000000000000020000012002012110,1,D,1400
000000000000000000000000120000012002012110,2,D,1401
000000000000000002000000120000012002012110,1,D,1402
000000000000000002100000120000012002012110,2,D,1403
000000000000000002100000120000012202012110,1,D,1404
000000000000000002100000120000012202012111,2,D,1405
000000000000000002100000120020012202012111,1,D,1406
000000000000000002100000120020112202012111,2,D,1407
000000000000000002100000120020112202212111,1,D,1408
000000000000000002100001120020112202212111,2,D,1409
000000000000000022100001120020112202212111,1,D,1410
000000000100000022100001120020112202212111,2,D,1411
000000000100000022100201120020112202212111,1,D,1412
000000000100001022100201120020112202212111,2,D,1413
000000000120001022100201120020112202212111,1,D,1414
000000000120001022100201121020112202212111,2,D,1415
000000000122001022100201121020112202212111,1,D,1416
000000000122001022100201121021112202212111,2,D,1417
000200000122001022100201121021112202212111,1,D,1418
000200000122001022110201121021112202212111,2,D,1419
000200000122201022110201121021112202212111,1,D,1420
000210000122201022110201121021112202212111,2,D,1421
000210020122201022110201121021112202212111,1,D,1422
000210020122201022110211121021112202212111,2,D,1423
000210020122201222110211121021112202212111,1,D,1424
000210020122201222110211121021112212212111,2,D,1425
002210020122201222110211121021112212212111,1,D,1426
002210020122201222110211121121112212212111,2,D,1427
002210020122201222112211121121112212212111,1,D,1428
002210020122211222112211121121112212212111,2,D,1429
202210020122211222112211121121112212212111,1,D,1430
202211020122211222112211121121112212212111,2,D,1431
202211022122211222112211121121112212212111,1,D,1432
212211022122211222112211121121112212212111,2,D,1433
000000000000000000000000000000000000000000,1,W,1434
000000000000000000000000000000000000001000,2,L,1435
000000000000000000000000000000000000001200,1,W,1436
000000000000000000000000000000010000001200,2,L,1437
000000000000000000000000200000010000001200,1,W,1438
000000000000000000000000200000010000011200,2,L,1439
000000000000000000000000200000010000211200,1,W,1440
000000000000000000000000200000110000211200,2,L,1441
000000000000000000000000200000112000211200,1,W,1442
000000000000000000000000210000112000211200,2,L,1443
000000000000000000000000210002112000211200,1,W,1444
000000000000000001000000210002112000211200,2,L,1445
000000000000000001000000210002112000211220,1,W,1446
000000000000000001000000210002112100211220,2,L,1447
000000000000000001000000210002112100211222,1,W,1448
000000000000000001000010210002112100211222,2,L,1449
000000000000000201000010210002112100211222,1,W,1450
000000000000000201100010210002112100211222,2,L,1451
000000000020000201100010210002112100211222,1,W,1452
000000000021000201100010210002112100211222,2,L,1453
000000000021000201100010210002112120211222,1,W,1454
000000000000000000000000000000000000000000,1,W,1455
000000000000000000000000000000000000001000,2,L,1456
000000000000000000000000000000000000201000,1,W,1457
000000000000000000000000000000000000201100,2,L,1458
000000000000000000000000000000000000201120,1,W,1459
000000000000000000000000000001000000201120,2,L,1460
000000000000000000000000000001002000201120,1,W,1461
000000000000000000000000010001002000201120,2,L,1462
000000000000000000000000010001022000201120,1,W,1463
000000000000000000000000110001022000201120,2,L,1464
000000000000000000000000110001022002201120,1,W,1465
000000000000000000000000110001022102201120,2,L,1466
000000000000000000000000110021022102201120,1,W,1467
000000000000000001000000110021022102201120,2,L,1468
000000000000000001000000110021022102201122,1,W,1469
000000000000000001000000111021022102201122,2,L,1470
000000000000000001000200111021022102201122,1,W,1471
000000000000001001000200111021022102201122,2,L,1472
000000000020001001000200111021022102201122,1,W,1473
000000000020001001010200111021022102201122,2,L,1474
000000000020201001010200111021022102201122,1,W,1475
000000000020201001010200111021022102211122,2,L,1476
000200000020201001010200111021022102211122,1,W,1477
000201000020201001010200111021022102211122,2,L,1478
000201000020201001010200111021222102211122,1,W,1479
000000000000000000000000000000000000000000,1,L,1480
000000000000000000000000000000000000001000,2,W,1481
000000000000000000000000000000000000201000,1,L,1482
000000000000000000000000000000000000201100,2,W,1483
000000000000000000000000000000000000201120,1,L,1484
000000000000000000000000000000000000211120,2,W,1485
000000000000000000000000000000200000211120,1,L,1486
000000000000000000000001000000200000211120,2,W,1487
000000000000000000000001000000220000211120,1,L,1488
000000000000000000000001000001220000211120,2,W,1489
000000000000000000000001000001222000211120,1,L,1490
000000000000000000000001000001222100211120,2,W,1491
000000000000000000000001200001222100211120,1,L,1492
000000000000000010000001200001222100211120,2,W,1493
000000000000000012000001200001222100211120,1,L,1494
000000000010000012000001200001222100211120,2,W,1495
000000000010000012000021200001222100211120,1,L,1496
000000000110000012000021200001222100211120,2,W,1497
002000000110000012000021200001222100211120,1,L,1498
002000000110000012000021200001222101211120,2,W,1499
002000000110000012000021202001222101211120,1,L,1500
002000000110000012010021202001222101211120,2,W,1501
002200000110000012010021202001222101211120,1,L,1502
002200000110000012010021212001222101211120,2,W,1503
000000000000000000000000000000000000000000,1,L,1504
000000000000000000000000000000000000001000,2,W,1505
000000000000000000000000000000000000001200,1,L,1506
000000000000000000000000000000010000001200,2,W,1507
000000000000000000000000200000010000001200,1,L,1508
000000000000000000000000200000010000011200,2,W,1509
000000000000000000000000200000010000011202,1,L,1510
000000000000000000000000200000110000011202,2,W,1511
000000000000000000000000200000110002011202,1,L,1512
000000000000000000000000200000111002011202,2,W,1513
000000000000000002000000200000111002011202,1,L,1514
000000000000000002000000210000111002011202,2,W,1515
000000000020000002000000210000111002011202,1,L,1516
000100000020000002000000210000111002011202,2,W,1517
000100000020000002000002210000111002011202,1,L,1518
000100000020000012000002210000111002011202,2,W,1519
000100000020000012200002210000111002011202,1,L,1520
000100000120000012200002210000111002011202,2,W,1521
000100000122000012200002210000111002011202,1,L,1522
001100000122000012200002210000111002011202,2,W,1523
001120000122000012200002210000111002011202,1,L,1524
001120000122000012200002210000111012011202,2,W,1525
001120000122000012200002210020111012011202,1,L,1526
001120000122000012200102210020111012011202,2,W,1527
001120000122002012200102210020111012011202,1,L,1528
001120000122002012200102210020111012011212,2,W,1529
001120000122002012200102210020111212011212,1,L,1530
001120000122002012200102210020111212111212,2,W,1531
000000000000000000000000000000000000000000,1,W,1532
000000000000000000000000000000000000001000,2,L,1533
000000000000000000000000000000000000001200,1,W,1534
000000000000000000000000000000010000001200,2,L,1535
000000000000000000000000200000010000001200,1,W,1536
000000000000000000000000200000010000011200,2,L,1537
000000000000000000000000200000210000011200,1,W,1538
000000000000000000000000200000210000111200,2,L,1539
000000000000000000000000200000210002111200,1,W,1540
000000000000000001000000200000210002111200,2,L,1541
000000000000000001000000200020210002111200,1,W,1542
000000000000000001000000200020210002111210,2,L,1543
000000000000000001000200200020210002111210,1,W,1544
000000000000001001000200200020210002111210,2,L,1545
000000000000001001000202200020210002111210,1,W,1546
000000000000001011000202200020210002111210,2,L,1547
000000000000001011000202200020210002111212,1,W,1548
000000000100001011000202200020210002111212,2,L,1549
000000000100001011000202200022210002111212,1,W,1550
000000000100001011000212200022210002111212,2,L,1551
000000000100001211000212200022210002111212,1,W,1552
000000000100001211000212200022210012111212,2,L,1553
000000000100001211000212200022210212111212,1,W,1554
000000000100001211000212201022210212111212,2,L,1555
000000000100001211020212201022210212111212,1,W,1556
000000000110001211020212201022210212111212,2,L,1557
000000020110001211020212201022210212111212,1,W,1558
000000020110001211020212201022211212111212,2,L,1559
000200020110001211020212201022211212111212,1,W,1560
000200020110001211020212211022211212111212,2,L,1561
002200020110001211020212211022211212111212,1,W,1562
002200020110001211120212211022211212111212,2,L,1563
202200020110001211120212211022211212111212,1,W,1564
202200021110001211120212211022211212111212,2,L,1565
222200021110001211120212211022211212111212,1,W,1566
000000000000000000000000000000000000000000,1,W,1567
000000000000000000000000000000000000001000,2,L,1568
000000000000000000000000000000000000201000,1,W,1569
000000000000000000000000000000000000201100,2,L,1570
000000000000000000000000000000002000201100,1,W,1571
000000000000000000000000000000002000201110,2,L,1572
000000000000000000000000000000002000221110,1,W,1573
000000000000000000000000000000000000000000,1,W,1574
000000000000000000000000000000000000001000,2,L,1575
000000000000000000000000000000000000201000,1,W,1576
000000000000000000000000000000000000201100,2,L,1577
000000000000000000000000000000000000201120,1,W,1578
000000000000000000000000000000001000201120,2,L,1579
000000000000000000000000000000021000201120,1,W,1580
000000000000000000000000010000021000201120,2,L,1581
000000000000000000200000010000021000201120,1,W,1582
000000000000000000200000010000021100201120,2,L,1583
000000000000000000200000012000021100201120,1,W,1584
000000000000000000200000012000021100201121,2,L,1585
000000000000000000200000012000021120201121,1,W,1586
000000000000000000210000012000021120201121,2,L,1587
000000000000000000210000012002021120201121,1,W,1588
000000000000100000210000012002021120201121,2,L,1589
000000000000100000210000012202021120201121,1,W,1590
000000000000100000210010012202021120201121,2,L,1591
000000000002100000210010012202021120201121,1,W,1592
000000000002100100210010012202021120201121,2,L,1593
000000000002100100210010012202021120221121,1,W,1594
000000001002100100210010012202021120221121,2,L,1595
020000001002100100210010012202021120221121,1,W,1596
020001001002100100210010012202021120221121,2,L,1597
020001001002100100210010212202021120221121,1,W,1598
000000000000000000000000000000000000000000,1,W,1599
000000000000000000000000000000000000001000,2,L,1600
000000000000000000000000000000000000201000,1,W,1601
000000000000000000000000000000000000201100,2,L,1602
000000000000000000000000000000020000201100,1,W,1603
000000000000000000000000000000020000201110,2,L,1604
000000000000000000000000000000020000221110,1,W,1605
000000000000000000000000000000000000000000,1,W,1606
000000000000000000000000000000000000001000,2,L,1607
000000000000000000000000000000000000201000,1,W,1608
000000000000000000000000000000000000201100,2,L,1609
000000000000000000000000000000000000201120,1,W,1610
000000000000000000000000000000001000201120,2,L,1611
000000000000000000000000000000021000201120,1,W,1612
000000000000000000000000010000021000201120,2,L,1613
000000000000000000200000010000021000201120,1,W,1614
000000000000000000200000010000021100201120,2,L,1615
000000000000000000200000012000021100201120,1,W,1616
000000000000000000200000012000021100201121,2,L,1617
000000000000000000200000012000021120201121,1,W,1618
000000000000000000210000012000021120201121,2,L,1619
000000000000000000210000012002021120201121,1,W,1620
000000000000000000210010012002021120201121,2,L,1621
000000000002000000210010012002021120201121,1,W,1622
000000000002000100210010012002021120201121,2,L,1623
000000000002200100210010012002021120201121,1,W,1624
000000001002200100210010012002021120201121,2,L,1625
020000001002200100210010012002021120201121,1,W,1626
020000001002200100210010112002021120201121,2,L,1627
020020001002200100210010112002021120201121,1,W,1628
000000000000000000000000000000000000000000,1,L,1629
000000000000000000000000000000000000001000,2,W,1630
000000000000000000000000000000000000201000,1,L,1631
000000000000000000000000000000010000201000,2,W,1632
000000000000000000000000000000010000201020,1,L,1633
000000000000000000000000100000010000201020,2,W,1634
000000000000000002000000100000010000201020,1,L,1635
000000000000000002000000100001010000201020,2,W,1636
000000000000000002000020100001010000201020,1,L,1637
000000000010000002000020100001010000201020,2,W,1638
000000000010000202000020100001010000201020,1,L,1639
000000001010000202000020100001010000201020,2,W,1640
020000001010000202000020100001010000201020,1,L,1641
020000001010000202000020100001010100201020,2,W,1642
020000001010000202000020102001010100201020,1,L,1643
020000001010000202000020102001010100211020,2,W,1644
020000001010000202020020102001010100211020,1,L,1645
020100001010000202020020102001010100211020,2,W,1646
020100001010000202020020102001210100211020,1,L,1647
020100001010100202020020102001210100211020,2,W,1648
020102001010100202020020102001210100211020,1,L,1649
020102001010100202020021102001210100211020,2,W,1650
020102001010100222020021102001210100211020,1,L,1651
020102001110100222020021102001210100211020,2,W,1652
022102001110100222020021102001210100211020,1,L,1653
022102001110100222020021102001210100211120,2,W,1654
022102001110100222020021102001212100211120,1,L,1655
022102001110100222020021102001212101211120,2,W,1656
022102001110100222020021102021212101211120,1,L,1657
022102001110100222020021102021212101211121,2,W,1658
022102001110100222020221102021212101211121,1,L,1659
022102001110100222020221102021212111211121,2,W,1660
000000000000000000000000000000000000000000,1,W,1661
000000000000000000000000000000000000001000,2,L,1662
000000000000000000000000000000000000201000,1,W,1663
000000000000000000000000000000000000201100,2,L,1664
000000000000000000000000000000020000201100,1,W,1665
000000000000000000000000000000020000201110,2,L,1666
000000000000000000000000000000020000221110,1,W,1667
000000000000000000000000000000000000000000,1,W,1668
000000000000000000000000000000000000001000,2,L,1669
000000000000000000000000000000020000001000,1,W,1670
000000000000000000000000000000020000011000,2,L,1671
000000000000000000000000000000020000011200,1,W,1672
000000000000000000000000100000020000011200,2,L,1673
000000000000000000000000100000020000211200,1,W,1674
000000000000000000000000100000021000211200,2,L,1675
000000000000000000000000100002021000211200,1,W,1676
000000000000000000000000100002121000211200,2,L,1677
000000000000000000000002100002121000211200,1,W,1678
000000000000000001000002100002121000211200,2,L,1679
000000000000000001000022100002121000211200,1,W,1680
000000000000000101000022100002121000211200,2,L,1681
000000000000000121000022100002121000211200,1,W,1682
000000000010000121000022100002121000211200,2,L,1683
000200000010000121000022100002121000211200,1,W,1684
000200000110000121000022100002121000211200,2,L,1685
002200000110000121000022100002121000211200,1,W,1686
002200000110000121000022110002121000211200,2,L,1687
002200000110000121000022110002121002211200,1,W,1688
002200000110000121100022110002121002211200,2,L,1689
002200000112000121100022110002121002211200,1,W,1690
002200000112000121100022110002121002211210,2,L,1691
002200000112000121100022110002121002211212,1,W,1692
000000000000000000000000000000000000000000,1,W,1693
000000000000000000000000000000000000001000,2,L,1694
000000000000000000000000000000000000021000,1,W,1695
000000000000000000000000000000000001021000,2,L,1696
000000000000000000000000000000000001021020,1,W,1697
000000000000000000000000000000000001121020,2,L,1698
000000000000000000000000000000000201121020,1,W,1699
000000000000000000000000000000010201121020,2,L,1700
000000000000000000000000000000010201121220,1,W,1701
000000000000000000000000000000110201121220,2,L,1702
000000000000000000000000000002110201121220,1,W,1703
000000000000000000000001000002110201121220,2,L,1704
000000000000000000000001200002110201121220,1,W,1705
000000000000000010000001200002110201121220,2,L,1706
000000000000000010000021200002110201121220,1,W,1707
000000000000000000000000000000000000000000,1,L,1708
000000000000000000000000000000000000001000,2,W,1709
000000000000000000000000000000000000201000,1,L,1710
000000000000000000000000000000000000201100,2,W,1711
000000000000000000000000000000000000201120,1,L,1712
000000000000000000000000000000001000201120,2,W,1713
000000000000000000000000020000001000201120,1,L,1714
000000000000000000000000020000001000211120,2,W,1715
000000000000000000000000020000021000211120,1,L,1716
000000000000000000100000020000021000211120,2,W,1717
000000000000000000100000020002021000211120,1,L,1718
000000000000000000100000020002021001211120,2,W,1719
000000000000000000100020020002021001211120,1,L,1720
000000000000000000100020120002021001211120,2,W,1721
000000000000000000000000000000000000000000,1,L,1722
000000000000000000000000000000000000100000,2,W,1723
000000000000000000000000000000000000102000,1,L,1724
000000000000000000000000000000000000102100,2,W,1725
000000000000000000000000000000020000102100,1,L,1726
000000000000000000000000100000020000102100,2,W,1727
000000000000000002000000100000020000102100,1,L,1728
000000000000000002000000100000020000102101,2,W,1729
000000000000000002000000100000020020102101,1,L,1730
000000000000000002000000100000021020102101,2,W,1731
000000000000000002000000100000021020122101,1,L,1732
000000000000000002000000100000121020122101,2,W,1733
000000000000000002000002100000121020122101,1,L,1734
000000000000000012000002100000121020122101,2,W,1735
000000000000000012000002100000121020122121,1,L,1736
000000000000000012000002100001121020122121,2,W,1737
000000000000000012000022100001121020122121,1,L,1738
000000000000000012000022100101121020122121,2,W,1739
000000000000000012002022100101121020122121,1,L,1740
000000000100000012002022100101121020122121,2,W,1741
000000000100000012002022100101121022122121,1,L,1742
000000000110000012002022100101121022122121,2,W,1743
000200000110000012002022100101121022122121,1,L,1744
000200000110000012002022110101121022122121,2,W,1745
000200000110000012202022110101121022122121,1,L,1746
000200000110010012202022110101121022122121,2,W,1747
000200000112010012202022110101121022122121,1,L,1748
001200000112010012202022110101121022122121,2,W,1749
001220000112010012202022110101121022122121,1,L,1750
001220000112010012202022110111121022122121,2,W,1751
001220200112010012202022110111121022122121,1,L,1752
001220200112010012202122110111121022122121,2,W,1753
001220200112012012202122110111121022122121,1,L,1754
001220200112012112202122110111121022122121,2,W,1755
001220202112012112202122110111121022122121,1,L,1756
001220202112012112202122110111121122122121,2,W,1757
001220202112012112202122112111121122122121,1,L,1758
011220202112012112202122112111121122122121,2,W,1759
011220202112012112222122112111121122122121,1,L,1760
011220212112012112222122112111121122122121,2,W,1761
211220212112012112222122112111121122122121,1,L,1762
211220212112112112222122112111121122122121,2,W,1763
000000000000000000000000000000000000000000,1,W,1764
000000000000000000000000000000000000001000,2,L,1765
000000000000000000000000000000000000201000,1,W,1766
000000000000000000000000000000000000201100,2,L,1767
000000000000000000000000000000000000201120,1,W,1768
000000000000000000000000000000001000201120,2,L,1769
000000000000000000000000000000021000201120,1,W,1770
000000000000000000000000010000021000201120,2,L,1771
000000000000000000000000010002021000201120,1,W,1772
000000000000000000000000000000000000000000,1,W,1773
000000000000000000000000000000000000001000,2,L,1774
000000000000000000000000000000000000201000,1,W,1775
000000000000000000000000000000000000201100,2,L,1776
000000000000000000000000000000002000201100,1,W,1777
000000000000000000000000000000002000201110,2,L,1778
000000000000000000000000000000002000221110,1,W,1779
000000000000000000000000000000000000000000,1,L,1780
000000000000000000000000000000000000001000,2,W,1781
000000000000000000000000000000000000201000,1,L,1782
000000000000000000000000000000000000201100,2,W,1783
000000000000000000000000000000000000201102,1,L,1784
000000000000000000000000000000010000201102,2,W,1785
000000000000000000000000000000010000221102,1,L,1786
000000000000000000000000000000110000221102,2,W,1787
000000000000000000000000000000112000221102,1,L,1788
000000000000000000000000000001112000221102,2,W,1789
000000000000000000000002000001112000221102,1,L,1790
000000000000000000000002100001112000221102,2,W,1791
000000000000000002000002100001112000221102,1,L,1792
000000000000000002000012100001112000221102,2,W,1793
000000000000000022000012100001112000221102,1,L,1794
000000000000000122000012100001112000221102,2,W,1795
000000002000000122000012100001112000221102,1,L,1796
000000002000000122000012110001112000221102,2,W,1797
000000002200000122000012110001112000221102,1,L,1798
000000002200000122000012110001112010221102,2,W,1799
000000000000000000000000000000000000000000,1,W,1800
000000000000000000000000000000000000001000,2,L,1801
000000000000000000000000000000000000201000,1,W,1802
000000000000000000000000000001000000201000,2,L,1803
000000000000000000000000000001000000221000,1,W,1804
000000000000000000000000000001100000221000,2,L,1805
000000000000000000000000000001120000221000,1,W,1806
000000000000000000000010000001120000221000,2,L,1807
000000000000000000000012000001120000221000,1,W,1808
000000000000000100000012000001120000221000,2,L,1809
000000002000000100000012000001120000221000,1,W,1810
000000002000000110000012000001120000221000,2,L,1811
000000002200000110000012000001120000221000,1,W,1812
000000002200000110000012100001120000221000,2,L,1813
000000002200000110000012100001120000221200,1,W,1814
000000002200000110000012100001121000221200,2,L,1815
002000002200000110000012100001121000221200,1,W,1816
000000000000000000000000000000000000000000,1,L,1817
000000000000000000000000000000000000001000,2,W,1818
000000000000000000000000000000000000201000,1,L,1819
000000000000000000000000000000000000201100,2,W,1820
000000000000000000000000000000000000201120,1,L,1821
000000000000000000000000000000010000201120,2,W,1822
000000000000000000000000200000010000201120,1,L,1823
000000000000000000000000200000011000201120,2,W,1824
000000000000000000000000220000011000201120,1,L,1825
000000000000000000000000220000011100201120,2,W,1826
000000000000000000000000222000011100201120,1,L,1827
000000000000000000100000222000011100201120,2,W,1828
000000000000000000120000222000011100201120,1,L,1829
000000000000100000120000222000011100201120,2,W,1830
000000000000100002120000222000011100201120,1,L,1831
000001000000100002120000222000011100201120,2,W,1832
000001000020100002120000222000011100201120,1,L,1833
000101000020100002120000222000011100201120,2,W,1834
000101000020100002120000222002011100201120,1,L,1835
000101000020100002120010222002011100201120,2,W,1836
000101000020100202120010222002011100201120,1,L,1837
000101000021100202120010222002011100201120,2,W,1838
000121000021100202120010222002011100201120,1,L,1839
000121000021100202120010222002011100201121,2,W,1840
000121000021100202120010222002011120201121,1,L,1841
000121000021100202120010222102011120201121,2,W,1842
000121000021100202122010222102011120201121,1,L,1843
000121000021100202122010222102011121201121,2,W,1844
000121000021120202122010222102011121201121,1,L,1845
000121001021120202122010222102011121201121,2,W,1846
000121201021120202122010222102011121201121,1,L,1847
010121201021120202122010222102011121201121,2,W,1848
010121201021120202122010222122011121201121,1,L,1849
010121201021120202122010222122011121211121,2,W,1850
010121201021120202122010222122211121211121,1,L,1851
010121201021120202122011222122211121211121,2,W,1852
010121201021120222122011222122211121211121,1,L,1853
010121201121120222122011222122211121211121,2,W,1854
012121201121120222122011222122211121211121,1,L,1855
012121201121120222122111222122211121211121,2,W,1856
000000000000000000000000000000000000000000,1,L,1857
000000000000000000000000000000000000001000,2,W,1858
000000000000000000000000000000000000201000,1,L,1859
000000000000000000000000000000000000201100,2,W,1860
000000000000000000000000000000000000201120,1,L,1861
000000000000000000000000000000001000201120,2,W,1862
000000000000000000000000000000021000201120,1,L,1863
000000000000000000000000010000021000201120,2,W,1864
000000000000000000200000010000021000201120,1,L,1865
000000000000000000200000010000021100201120,2,W,1866
000000000000000000200000012000021100201120,1,L,1867
000000000000000000200000012000021100201121,2,W,1868
000000000000000000200000012000021120201121,1,L,1869
000000000000000000200000012001021120201121,2,W,1870
000000000000000000220000012001021120201121,1,L,1871
000000000001000000220000012001021120201121,2,W,1872
000000000001000000220000012201021120201121,1,L,1873
000000000001000000221000012201021120201121,2,W,1874
000000000001200000221000012201021120201121,1,L,1875
000001000001200000221000012201021120201121,2,W,1876
000021000001200000221000012201021120201121,1,L,1877
000021000001200000221010012201021120201121,2,W,1878
000021000001220000221010012201021120201121,1,L,1879
000021000001220100221010012201021120201121,2,W,1880
000021002001220100221010012201021120201121,1,L,1881
000021102001220100221010012201021120201121,2,W,1882
000021102001220100221010012201021120221121,1,L,1883
000021102001220100221010012201121120221121,2,W,1884
000021102001220100221012012201121120221121,1,L,1885
000021102001220100221012112201121120221121,2,W,1886
000021102001220102221012112201121120221121,1,L,1887
000021102001220112221012112201121120221121,2,W,1888
000000000000000000000000000000000000000000,1,L,1889
000000000000000000000000000000000000000100,2,W,1890
000000000000000000000000000000000000002100,1,L,1891
000000000000000000000000000000000000102100,2,W,1892
000000000000000000000000000000020000102100,1,L,1893
000000000000000000000000100000020000102100,2,W,1894
000000000000000002000000100000020000102100,1,L,1895
000000000000000002000000100000021000102100,2,W,1896
000000000000000002000000120000021000102100,1,L,1897
000000000000000002100000120000021000102100,2,W,1898
000000000000000002100000120000021000102102,1,L,1899
000000000010000002100000120000021000102102,2,W,1900
000000000012000002100000120000021000102102,1,L,1901
000000000012000002100000120001021000102102,2,W,1902
000000000012000002100000120001021020102102,1,L,1903
000000000012000002100010120001021020102102,2,W,1904
000000000012000202100010120001021020102102,1,L,1905
000010000012000202100010120001021020102102,2,W,1906
000010000012000202100010120201021020102102,1,L,1907
000010000012000202100010120201021020112102,2,W,1908
000000000000000000000000000000000000000000,1,L,1909
000000000000000000000000000000000000001000,2,W,1910
000000000000000000000000000000000000201000,1,L,1911
000000000000000000000000000000000000201100,2,W,1912
000000000000000000000000000000000000201120,1,L,1913
000000000000000000000000000000001000201120,2,W,1914
000000000000000000000000000000021000201120,1,L,1915
000000000000000000000000000000021000201121,2,W,1916
000000000000000000000000020000021000201121,1,L,1917
000000000000000000000000020001021000201121,2,W,1918
000000000000000000000000220001021000201121,1,L,1919
000000000000000001000000220001021000201121,2,W,1920
000000000000000001200000220001021000201121,1,L,1921
000000000000000001200000220001021010201121,2,W,1922
000000000000000001200000220001021010221121,1,L,1923
000000000000000001200000220101021010221121,2,W,1924
000000000000000001202000220101021010221121,1,L,1925
000000000010000001202000220101021010221121,2,W,1926
000000000010000001202000220101021012221121,1,L,1927
000000000011000001202000220101021012221121,2,W,1928
000000000011000001202000220121021012221121,1,L,1929
000100000011000001202000220121021012221121,2,W,1930
000100000011000001202200220121021012221121,1,L,1931
000100000011001001202200220121021012221121,2,W,1932
000100000011001001202200220121221012221121,1,L,1933
000100010011001001202200220121221012221121,2,W,1934
200100010011001001202200220121221012221121,1,L,1935
200100010011001001202201220121221012221121,2,W,1936
200100010011001001202221220121221012221121,1,L,1937
200100010011001101202221220121221012221121,2,W,1938
200100012011001101202221220121221012221121,1,L,1939
210100012011001101202221220121221012221121,2,W,1940
210100012011001121202221220121221012221121,1,L,1941
210100012111001121202221220121221012221121,2,W,1942
212100012111001121202221220121221012221121,1,L,1943
212110012111001121202221220121221012221121,2,W,1944
212110012111001121202221220121221212221121,1,L,1945
212110012111001121202221221121221212221121,2,W,1946
000000000000000000000000000000000000000000,1,L,1947
000000000000000000000000000000000000001000,2,W,1948
000000000000000000000000000000000000201000,1,L,1949
000000000000000000000000000000000000201100,2,W,1950
000000000000000000000000000000000000201120,1,L,1951
000000000000000000000000000000010000201120,2,W,1952
000000000000000000000000200000010000201120,1,L,1953
000000000000000000000000200000011000201120,2,W,1954
000000000000000000000000220000011000201120,1,L,1955
000000000000000000100000220000011000201120,2,W,1956
000000000000000000100000220000011200201120,1,L,1957
000000000000000001100000220000011200201120,2,W,1958
000000000000000001100000222000011200201120,1,L,1959
000000000000000001110000222000011200201120,2,W,1960
000000000002000001110000222000011200201120,1,L,1961
000000000012000001110000222000011200201120,2,W,1962
000000000012000001110000222002011200201120,1,L,1963
000000000012000001110010222002011200201120,2,W,1964
000000000012000201110010222002011200201120,1,L,1965
000100000012000201110010222002011200201120,2,W,1966
000120000012000201110010222002011200201120,1,L,1967
000120001012000201110010222002011200201120,2,W,1968
000120001012000201110010222002011200221120,1,L,1969
000120001012100201110010222002011200221120,2,W,1970
000120001012100201110010222002011200221122,1,L,1971
000121001012100201110010222002011200221122,2,W,1972
000121001012100201110010222002011202221122,1,L,1973
000121001012100201110010222002111202221122,2,W,1974
000000000000000000000000000000000000000000,1,L,1975
000000000000000000000000000000000000001000,2,W,1976
000000000000000000000000000000000000201000,1,L,1977
000000000000000000000000000000000001201000,2,W,1978
000000000000000000000000000000000001201200,1,L,1979
000000000000000000000000000000010001201200,2,W,1980
000000000000000000000000200000010001201200,1,L,1981
000000000000000000000000200001010001201200,2,W,1982
000000000000000002000000200001010001201200,1,L,1983
000000000000000002000000200001011001201200,2,W,1984
000000000020000002000000200001011001201200,1,L,1985
000100000020000002000000200001011001201200,2,W,1986
000100000020000002000000220001011001201200,1,L,1987
000100000020000002000000220001011001201201,2,W,1988
000100000020000002200000220001011001201201,1,L,1989
000100000020000002200000220011011001201201,2,W,1990
000100000022000002200000220011011001201201,1,L,1991
000100000022000002200000220011011011201201,2,W,1992
000000000000000000000000000000000000000000,1,L,1993
000000000000000000000000000000000000001000,2,W,1994
000000000000000000000000000000000002001000,1,L,1995
000000000000000000000000000010000002001000,2,W,1996
000000000000000000000000000010000002001200,1,L,1997
000000000000000000000000000010010002001200,2,W,1998
000000000000000000000000200010010002001200,1,L,1999
000000000000000001000000200010010002001200,2,W,2000
000000000000000001000000200010010002201200,1,L,2001
000000000000000001000000200011010002201200,2,W,2002
000000000000000001000000200011012002201200,1,L,2003
000000000000000001000100200011012002201200,2,W,2004
000000000000002001000100200011012002201200,1,L,2005
000000000000002001000100210011012002201200,2,W,2006
000000000000002001000100210011012002201220,1,L,2007
000000000000002001000100210011012102201220,2,W,2008
000000000000002001000100210011012102201222,1,L,2009
000000000000002001000100211011012102201222,2,W,2010
000000000000002001020100211011012102201222,1,L,2011
000000000000002001120100211011012102201222,2,W,2012
000000000020002001120100211011012102201222,1,L,2013
000100000020002001120100211011012102201222,2,W,2014
000100000022002001120100211011012102201222,1,L,2015
000110000022002001120100211011012102201222,2,W,2016
000110000022202001120100211011012102201222,1,L,2017
000111000022202001120100211011012102201222,2,W,2018
000111000022202001120100211011012122201222,1,L,2019
000111000022202001120100211111012122201222,2,W,2020
000111000022202001122100211111012122201222,1,L,2021
000111000022212001122100211111012122201222,2,W,2022
000111200022212001122100211111012122201222,1,L,2023
000111200022212001122110211111012122201222,2,W,2024
000111200022212201122110211111012122201222,1,L,2025
000111200022212201122110211111012122211222,2,W,2026
000111200022212201122110211111212122211222,1,L,2027
000111210022212201122110211111212122211222,2,W,2028
200111210022212201122110211111212122211222,1,L,2029
200111210022212201122111211111212122211222,2,W,2030
200111212022212201122111211111212122211222,1,L,2031
200111212022212211122111211111212122211222,2,W,2032
000000000000000000000000000000000000000000,1,L,2033
000000000000000000000000000000000000001000,2,W,2034
000000000000000000000000000000000000201000,1,L,2035
000000000000000000000000000000000000201100,2,W,2036
000000000000000000000000000000000000201120,1,L,2037
000000000000000000000000000000000001201120,2,W,2038
000000000000000000000000000020000001201120,1,L,2039
000000000000000000000000000020000001211120,2,W,2040
000000000000000000000000000020200001211120,1,L,2041
000000000000000000000001000020200001211120,2,W,2042
000000000000000000000001000022200001211120,1,L,2043
000000000000000000000001000022210001211120,2,W,2044
000000000000000000000001200022210001211120,1,L,2045
000000000000000000000001200022210001211121,2,W,2046
000000000000000002000001200022210001211121,1,L,2047
000000000000000012000001200022210001211121,2,W,2048
000000000200000012000001200022210001211121,1,L,2049
000000000200000012000001200022210011211121,2,W,2050
000000000220000012000001200022210011211121,1,L,2051
000100000220000012000001200022210011211121,2,W,2052
000100000220000012000001200022212011211121,1,L,2053
000100000220000012000001200022212111211121,2,W,2054
000100000220000012000001220022212111211121,1,L,2055
000100000220000012100001220022212111211121,2,W,2056
000100000222000012100001220022212111211121,1,L,2057
000100000222000012100001220122212111211121,2,W,2058
000100000222000012102001220122212111211121,1,L,2059
000100000222000012102101220122212111211121,2,W,2060
000120000222000012102101220122212111211121,1,L,2061
000120000222001012102101220122212111211121,2,W,2062
000120020222001012102101220122212111211121,1,L,2063
001120020222001012102101220122212111211121,2,W,2064
001120020222001012102101222122212111211121,1,L,2065
101120020222001012102101222122212111211121,2,W,2066
101120020222001012122101222122212111211121,1,L,2067
101120020222101012122101222122212111211121,2,W,2068
101122020222101012122101222122212111211121,1,L,2069
101122020222101012122111222122212111211121,2,W,2070
101122020222101212122111222122212111211121,1,L,2071
101122021222101212122111222122212111211121,2,W,2072
000000000000000000000000000000000000000000,1,L,2073
000000000000000000000000000000000000100000,2,W,2074
000000000000000000000000000000000000102000,1,L,2075
000000000000000000000000000000000000102100,2,W,2076
000000000000000000000000000000020000102100,1,L,2077
000000000000000000000000100000020000102100,2,W,2078
000000000000000002000000100000020000102100,1,L,2079
000000000000000002000000100000020001102100,2,W,2080
000000000000000002000000100000022001102100,1,L,2081
000000000000000002000000100001022001102100,2,W,2082
000000000000000002000000100021022001102100,1,L,2083
000000000000000002000010100021022001102100,2,W,2084
000000000000000202000010100021022001102100,1,L,2085
000000000000000202000010110021022001102100,2,W,2086
000000000000000202200010110021022001102100,1,L,2087
000000000010000202200010110021022001102100,2,W,2088
000000000010000202200010110021022001122100,1,L,2089
000000000010000202200010110021122001122100,2,W,2090
000000000010000202200012110021122001122100,1,L,2091
000000000010000212200012110021122001122100,2,W,2092
000000000012000212200012110021122001122100,1,L,2093
000100000012000212200012110021122001122100,2,W,2094
000120000012000212200012110021122001122100,1,L,2095
000120001012000212200012110021122001122100,2,W,2096
000120001212000212200012110021122001122100,1,L,2097
010120001212000212200012110021122001122100,2,W,2098
012120001212000212200012110021122001122100,1,L,2099
012120001212000212200112110021122001122100,2,W,2100
012120001212000212200112110021122001122120,1,L,2101
012120001212000212200112110021122101122120,2,W,2102
012120001212000212200112112021122101122120,1,L,2103
012120001212000212210112112021122101122120,2,W,2104
012120001212200212210112112021122101122120,1,L,2105
012121001212200212210112112021122101122120,2,W,2106
012121001212202212210112112021122101122120,1,L,2107
012121011212202212210112112021122101122120,2,W,2108
212121011212202212210112112021122101122120,1,L,2109
212121011212202212210112112021122101122121,2,W,2110
212121011212202212210112112021122121122121,1,L,2111
212121011212202212210112112121122121122121,2,W,2112
000000000000000000000000000000000000000000,1,L,2113
000000000000000000000000000000000000000001,2,W,2114
000000000000000000000000000000000000002001,1,L,2115
000000000000000000000000000000000000012001,2,W,2116
000000000000000000000000000000020000012001,1,L,2117
000000000000000000000000100000020000012001,2,W,2118
000000000000000002000000100000020000012001,1,L,2119
000000000000000002000000100000020010012001,2,W,2120
000000000000000002000000100000020010212001,1,L,2121
000000000000000002000000100001020010212001,2,W,2122
000000000000000002000020100001020010212001,1,L,2123
000000000000000002000020100001020010212101,2,W,2124
000000000000000002000020100001022010212101,1,L,2125
000000000000000002000020100001122010212101,2,W,2126
000000000020000002000020100001122010212101,1,L,2127
000000000020000002000020110001122010212101,2,W,2128
000000000020000002000022110001122010212101,1,L,2129
000000000020000012000022110001122010212101,2,W,2130
000000000220000012000022110001122010212101,1,L,2131
001000000220000012000022110001122010212101,2,W,2132
001200000220000012000022110001122010212101,1,L,2133
001200000220000012000022110001122010212111,2,W,2134
001200000220000012200022110001122010212111,1,L,2135
001200000221000012200022110001122010212111,2,W,2136
001200000221000012200022110201122010212111,1,L,2137
001200000221000012200022110201122011212111,2,W,2138
001200000221000212200022110201122011212111,1,L,2139
001200000221000212201022110201122011212111,2,W,2140
001200002221000212201022110201122011212111,1,L,2141
011200002221000212201022110201122011212111,2,W,2142
011220002221000212201022110201122011212111,1,L,2143
011220002221000212201022110201122111212111,2,W,2144
011220002221000212201022110221122111212111,1,L,2145
011220002221000212201022111221122111212111,2,W,2146
000000000000000000000000000000000000000000,1,L,2147
000000000000000000000000000000000000001000,2,W,2148
000000000000000000000000000000000000201000,1,L,2149
000000000000000000000000000000000000201100,2,W,2150
000000000000000000000000000000000000201120,1,L,2151
000000000000000000000000000000001000201120,2,W,2152
000000000000000000000000000000021000201120,1,L,2153
000000000000000000000000010000021000201120,2,W,2154
000000000000000000200000010000021000201120,1,L,2155
000000000000000000200000010000021100201120,2,W,2156
000000000000000000200000012000021100201120,1,L,2157
000000000000000000200000012000021100201121,2,W,2158
000000000000000000200000012000021120201121,1,L,2159
000000000000000000210000012000021120201121,2,W,2160
000000000000000000210000012002021120201121,1,L,2161
000000000001000000210000012002021120201121,2,W,2162
000000000001000000210020012002021120201121,1,L,2163
000000000001000100210020012002021120201121,2,W,2164
000000000001000100210020012002021122201121,1,L,2165
000000000001000100210020012102021122201121,2,W,2166
000000000001000100210020012102021122221121,1,L,2167
000000000001000100210020012102121122221121,2,W,2168
000000000001000100210022012102121122221121,1,L,2169
000000000001000100211022012102121122221121,2,W,2170
000000000001020100211022012102121122221121,1,L,2171
000000000001020100211022012112121122221121,2,W,2172
000000000001020100211222012112121122221121,1,L,2173
000000000001020100211222112112121122221121,2,W,2174
000000000000000000000000000000000000000000,1,L,2175
000000000000000000000000000000000000001000,2,W,2176
000000000000000000000000000000000000201000,1,L,2177
000000000000000000000000000000000001201000,2,W,2178
000000000000000000000000000000000001201200,1,L,2179
000000000000000000000000000000010001201200,2,W,2180
000000000000000000000000200000010001201200,1,L,2181
000000000000000000000000200010010001201200,2,W,2182
000000000000000000000000200012010001201200,1,L,2183
000000000000000000000010200012010001201200,2,W,2184
000000000000000000000210200012010001201200,1,L,2185
000000000000000100000210200012010001201200,2,W,2186
000000002000000100000210200012010001201200,1,L,2187
010000002000000100000210200012010001201200,2,W,2188
010000002000000100000210200012012001201200,1,L,2189
010000002000000101000210200012012001201200,2,W,2190
010000002000002101000210200012012001201200,1,L,2191
010000002000002101000210200012012001201210,2,W,2192
010000022000002101000210200012012001201210,1,L,2193
110000022000002101000210200012012001201210,2,W,2194
110000022000002101000210220012012001201210,1,L,2195
110000022000002101100210220012012001201210,2,W,2196
110000022020002101100210220012012001201210,1,L,2197
110000022020002101100210220012012001211210,2,W,2198
110200022020002101100210220012012001211210,1,L,2199
110200022021002101100210220012012001211210,2,W,2200
110200022021002101100210220012012001211212,1,L,2201
110200022021002101100210220012112001211212,2,W,2202
110220022021002101100210220012112001211212,1,L,2203
110220022021002101100210220012112011211212,2,W,2204
110220022021002101100210220012112211211212,1,L,2205
110220022021002101100211220012112211211212,2,W,2206
110220022021002121100211220012112211211212,1,L,2207
110220022121002121100211220012112211211212,2,W,2208
112220022121002121100211220012112211211212,1,L,2209
112220022121002121100211220112112211211212,2,W,2210
112220022121002121100211222112112211211212,1,L,2211
112220022121002121110211222112112211211212,2,W,2212
112220022121002121112211222112112211211212,1,L,2213
112220022121102121112211222112112211211212,2,W,2214
000000000000000000000000000000000000000000,1,D,2215
000000000000000000000000000000000000001000,2,D,2216
000000000000000000000000000000000000201000,1,D,2217
000000000000000000000000000000000000201100,2,D,2218
000000000000000000000000000000000000201120,1,D,2219
000000000000000000000000000000001000201120,2,D,2220
000000000000000000000000000000021000201120,1,D,2221
000000000000000000000000010000021000201120,2,D,2222
000000000000000000200000010000021000201120,1,D,2223
000000000000000000200000010000021100201120,2,D,2224
000000000000000000200000012000021100201120,1,D,2225
000000000000000000200000012000021100201121,2,D,2226
000000000000000000200000012000021120201121,1,D,2227
000000000000000000210000012000021120201121,2,D,2228
000000000000000000210000012002021120201121,1,D,2229
000000000000000000210000012102021120201121,2,D,2230
000000000000000000210020012102021120201121,1,D,2231
000000000000000100210020012102021120201121,2,D,2232
000000000002000100210020012102021120201121,1,D,2233
000000000002000100211020012102021120201121,2,D,2234
000000000002020100211020012102021120201121,1,D,2235
000000000002120100211020012102021120201121,2,D,2236
000000002002120100211020012102021120201121,1,D,2237
000010002002120100211020012102021120201121,2,D,2238
020010002002120100211020012102021120201121,1,D,2239
020010102002120100211020012102021120201121,2,D,2240
020010102002120100211020012102021122201121,1,D,2241
020010102002120100211020112102021122201121,2,D,2242
020010102002120102211020112102021122201121,1,D,2243
020010102012120102211020112102021122201121,2,D,2244
020010102012120102211020112122021122201121,1,D,2245
020010102012120102211120112122021122201121,2,D,2246
020210102012120102211120112122021122201121,1,D,2247
020210102012120102211120112122021122211121,2,D,2248
020210102012122102211120112122021122211121,1,D,2249
020210102012122102211120112122121122211121,2,D,2250
020212102012122102211120112122121122211121,1,D,2251
020212102012122102211121112122121122211121,2,D,2252
020212102012122122211121112122121122211121,1,D,2253
020212112012122122211121112122121122211121,2,D,2254
020212112212122122211121112122121122211121,1,D,2255
021212112212122122211121112122121122211121,2,D,2256
000000000000000000000000000000000000000000,1,L,2257
000000000000000000000000000000000000001000,2,W,2258
000000000000000000000000000000000000201000,1,L,2259
000000000000000000000000000000000000201100,2,W,2260
000000000000000000000000000000000000201120,1,L,2261
000000000000000000000000000000001000201120,2,W,2262
000000000000000000000000000000001002201120,1,L,2263
000000000000000000000000000001001002201120,2,W,2264
000000000000000000000000000001001202201120,1,L,2265
000000000000000000000000001001001202201120,2,W,2266
000000000000000000000000021001001202201120,1,L,2267
000000000000000000000000021001011202201120,2,W,2268
000000000000000000200000021001011202201120,1,L,2269
000000000001000000200000021001011202201120,2,W,2270
000000000001000000220000021001011202201120,1,L,2271
000000000001000000220000121001011202201120,2,W,2272
000000000001000002220000121001011202201120,1,L,2273
000000000001000002220000121001011202201121,2,W,2274
000000000021000002220000121001011202201121,1,L,2275
000000000021000002220000121011011202201121,2,W,2276
000000000021200002220000121011011202201121,1,L,2277
000000000021200002220000121011011212201121,2,W,2278
000200000021200002220000121011011212201121,1,L,2279
000200000021200002220100121011011212201121,2,W,2280
000200000021202002220100121011011212201121,1,L,2281
000210000021202002220100121011011212201121,2,W,2282
000212000021202002220100121011011212201121,1,L,2283
000212000021202002220110121011011212201121,2,W,2284
000212000021202202220110121011011212201121,1,L,2285
000212000021202202220110121111011212201121,2,W,2286
000000000000000000000000000000000000000000,1,L,2287
000000000000000000000000000000000000001000,2,W,2288
000000000000000000000000000000000000201000,1,L,2289
000000000000000000000000000000000000201100,2,W,2290
000000000000000000000000000000000000201120,1,L,2291
000000000000000000000000000000010000201120,2,W,2292
000000000000000000000000200000010000201120,1,L,2293
000000000000000001000000200000010000201120,2,W,2294
000000000000000001000000200000010000201122,1,L,2295
000000000000000001000000200000011000201122,2,W,2296
000000000000000001000000220000011000201122,1,L,2297
000000000000000001100000220000011000201122,2,W,2298
000000000000000001100000220000011020201122,1,L,2299
000000000000000001100000220000011020211122,2,W,2300
000000000000000001100000220002011020211122,1,L,2301
000000000000000001100000220002111020211122,2,W,2302
000000000000000001100000220002111220211122,1,L,2303
000000000000000001100000220002111221211122,2,W,2304
000000000000000001100020220002111221211122,1,L,2305
000000000000000101100020220002111221211122,2,W,2306
000000000000000101100022220002111221211122,1,L,2307
000000000000000101100022220012111221211122,2,W,2308
000000000000000000000000000000000000000000,1,W,2309
000000000000000000000000000000000000001000,2,L,2310
000000000000000000000000000000000000201000,1,W,2311
000000000000000000000000000000000000201010,2,L,2312
000000000000000000000000000000020000201010,1,W,2313
000000000000000000000000000000020000201110,2,L,2314
000000000000000000000000000000020000221110,1,W,2315
000000000000000000000000000000000000000000,1,W,2316
000000000000000000000000000000000000001000,2,L,2317
000000000000000000000000000000000000201000,1,W,2318
000000000000000000000000000000000000201100,2,L,2319
000000000000000000000000000000000000201120,1,W,2320
000000000000000000000000000000001000201120,2,L,2321
000000000000000000000000000000001200201120,1,W,2322
000000000000000000000000010000001200201120,2,L,2323
000000000000000000200000010000001200201120,1,W,2324
000000000000000000200000011000001200201120,2,L,2325
000000000000000000220000011000001200201120,1,W,2326
000000000001000000220000011000001200201120,2,L,2327
000000000001200000220000011000001200201120,1,W,2328
000000000001200000220000011001001200201120,2,L,2329
000000000001200000220000011001001200221120,1,W,2330
000000000001200000220000011001011200221120,2,L,2331
000000000001200000220000211001011200221120,1,W,2332
000000000001200000220000211001111200221120,2,L,2333
000000000001200002220000211001111200221120,1,W,2334
000000000001200002220000211001111201221120,2,L,2335
000000000001200002220020211001111201221120,1,W,2336
000000000000000000000000000000000000000000,1,L,2337
000000000000000000000000000000000000001000,2,W,2338
000000000000000000000000000000000000201000,1,L,2339
000000000000000000000000000000000000201001,2,W,2340
000000000000000000000000000000000000201201,1,L,2341
000000000000000000000000000000000000201211,2,W,2342
000000000000000000000000000002000000201211,1,L,2343
000000000000000000000000000002010000201211,2,W,2344
000000000000000000000000000002010200201211,1,L,2345
000000000000000000000000001002010200201211,2,W,2346
000000000000000000000000201002010200201211,1,L,2347
000000000000000000000010201002010200201211,2,W,2348
000000000000000002000010201002010200201211,1,L,2349
000000000010000002000010201002010200201211,2,W,2350
000000000010000002000010201002010200221211,1,L,2351
000000000010000002000010201002010201221211,2,W,2352
000000000010000002000010201002210201221211,1,L,2353
000000000010000002000010201012210201221211,2,W,2354
000000000010000202000010201012210201221211,1,L,2355
000000000010000202000010201012211201221211,2,W,2356
000000000010000202000010201012211221221211,1,L,2357
000000000010000202000110201012211221221211,2,W,2358
000000000010002202000110201012211221221211,1,L,2359
000100000010002202000110201012211221221211,2,W,2360
000100002010002202000110201012211221221211,1,L,2361
000100002010002202000110211012211221221211,2,W,2362
000000000000000000000000000000000000000000,1,L,2363
000000000000000000000000000000000000001000,2,W,2364
000000000000000000000000000000000000201000,1,L,2365
000000000000000000000000000000000000201100,2,W,2366
000000000000000000000000000000000000201120,1,L,2367
000000000000000000000000000000001000201120,2,W,2368
000000000000000000000000000002001000201120,1,L,2369
000000000000000000000000000002011000201120,2,W,2370
000000000000000000000000200002011000201120,1,L,2371
000000000000000000000000200002011100201120,2,W,2372
000000000000000000000020200002011100201120,1,L,2373
000000000000000001000020200002011100201120,2,W,2374
000000000000000000000000000000000000000000,1,W,2375
000000000000000000000000000000000000001000,2,L,2376
000000000000000000000000000000000000201000,1,W,2377
000000000000000000000000000000000000201100,2,L,2378
000000000000000000000000000000000000201120,1,W,2379
000000000000000000000000000000000001201120,2,L,2380
000000000000000000000000000000020001201120,1,W,2381
000000000000000000000000000010020001201120,2,L,2382
000000000000000000000000000010022001201120,1,W,2383
000000000000000000000000000010022101201120,2,L,2384
000000000000000000000000200010022101201120,1,W,2385
000000000000000000000100200010022101201120,2,L,2386
000000000000002000000100200010022101201120,1,W,2387
000000000000002000000100210010022101201120,2,L,2388
000000000000002002000100210010022101201120,1,W,2389
000000000010002002000100210010022101201120,2,L,2390
000200000010002002000100210010022101201120,1,W,2391
000200000010002002100100210010022101201120,2,L,2392
000200000010002002100100212010022101201120,1,W,2393
000200000011002002100100212010022101201120,2,L,2394
000220000011002002100100212010022101201120,1,W,2395
000220000011002002100100212011022101201120,2,L,2396
000220020011002002100100212011022101201120,1,W,2397
000220020011002002100110212011022101201120,2,L,2398
000220020011002002120110212011022101201120,1,W,2399
000220020011002102120110212011022101201120,2,L,2400
000220022011002102120110212011022101201120,1,W,2401
000220022011102102120110212011022101201120,2,L,2402
000222022011102102120110212011022101201120,1,W,2403
000222022011102102120110212011022101211120,2,L,2404
000222022011102102120110212011022101211122,1,W,2405
000222022011102102120110212011122101211122,2,L,2406
000222022011102102120112212011122101211122,1,W,2407
000222022011102112120112212011122101211122,2,L,2408
200222022011102112120112212011122101211122,1,W,2409
000000000000000000000000000000000000000000,1,L,2410
000000000000000000000000000000000000001000,2,W,2411
000000000000000000000000000000000000201000,1,L,2412
000000000000000000000000000000000000201100,2,W,2413
000000000000000000000000000000000000201120,1,L,2414
000000000000000000000000000000000001201120,2,W,2415
000000000000000000000000000000020001201120,1,L,2416
000000000000000000000000000010020001201120,2,W,2417
000000000000000000000000000010022001201120,1,L,2418
000000000000000000000000000010022101201120,2,W,2419
000000000000000000000000200010022101201120,1,L,2420
000000000000000000000100200010022101201120,2,W,2421
000000000000002000000100200010022101201120,1,L,2422
000000000000002000000100210010022101201120,2,W,2423
000000000000002002000100210010022101201120,1,L,2424
000000000010002002000100210010022101201120,2,W,2425
000000000010002002200100210010022101201120,1,L,2426
000000000010002002200100210011022101201120,2,W,2427
000000000012002002200100210011022101201120,1,L,2428
000000000012002002200110210011022101201120,2,W,2429
000000000012002202200110210011022101201120,1,L,2430
000000010012002202200110210011022101201120,2,W,2431
000000010012002202200110212011022101201120,1,L,2432
000000010012002202210110212011022101201120,2,W,2433
000000010012202202210110212011022101201120,1,L,2434
000001010012202202210110212011022101201120,2,W,2435
000001012012202202210110212011022101201120,1,L,2436
000011012012202202210110212011022101201120,2,W,2437
020011012012202202210110212011022101201120,1,L,2438
020111012012202202210110212011022101201120,2,W,2439
020111012012202202210110212011022101221120,1,L,2440
020111012012202202210110212011122101221120,2,W,2441
220111012012202202210110212011122101221120,1,L,2442
220111012012202202210111212011122101221120,2,W,2443
000000000000000000000000000000000000000000,1,L,2444
000000000000000000000000000000000000001000,2,W,2445
000000000000000000000000000000000000201000,1,L,2446
000000000000000000000000000000000000201100,2,W,2447
000000000000000000000000000000000002201100,1,L,2448
000000000000000000000000000000010002201100,2,W,2449
000000000000000000000000000000010002201120,1,L,2450
000000000000000000000000000000011002201120,2,W,2451
000000000000000000000000020000011002201120,1,L,2452
000000000000000000000000120000011002201120,2,W,2453
000000000000000002000000120000011002201120,1,L,2454
000000000000000002000000120000011102201120,2,W,2455
000000000000000002200000120000011102201120,1,L,2456
000000000001000002200000120000011102201120,2,W,2457
000000000021000002200000120000011102201120,1,L,2458
000000000021000002200000121000011102201120,2,W,2459
000000000021000002220000121000011102201120,1,L,2460
000000000021000002220000121001011102201120,2,W,2461
000000000021000002220000121021011102201120,1,L,2462
000000000021000002220100121021011102201120,2,W,2463
000000000021000002220120121021011102201120,1,L,2464
000000000021000102220120121021011102201120,2,W,2465
000000002021000102220120121021011102201120,1,L,2466
000100002021000102220120121021011102201120,2,W,2467
020100002021000102220120121021011102201120,1,L,2468
020110002021000102220120121021011102201120,2,W,2469
020110002021200102220120121021011102201120,1,L,2470
020111002021200102220120121021011102201120,2,W,2471
020111002021202102220120121021011102201120,1,L,2472
020111002021202102220120121021011102211120,2,W,2473
020111002021202102220120121021211102211120,1,L,2474
020111002021202102220121121021211102211120,2,W,2475
000000000000000000000000000000000000000000,1,W,2476
000000000000000000000000000000000000001000,2,L,2477
000000000000000000000000000000000000201000,1,W,2478
000000000000000000000000000000000000201010,2,L,2479
000000000000000000000000000000000000201210,1,W,2480
000000000000000000000000000000000100201210,2,L,2481
000000000000000000000000002000000100201210,1,W,2482
000000000000000000000000002000010100201210,2,L,2483
000000000000000000000000002000012100201210,1,W,2484
000000000000000000000000102000012100201210,2,L,2485
000000000000000002000000102000012100201210,1,W,2486
000000000000000002000000102000012101201210,2,L,2487
000000000000000002000000122000012101201210,1,W,2488
000000000000000002100000122000012101201210,2,L,2489
000000000002000002100000122000012101201210,1,W,2490
000000000002000002100000122001012101201210,2,L,2491
000000000002000002120000122001012101201210,1,W,2492
000000000002100002120000122001012101201210,2,L,2493
000000000002100002120000122001012101221210,1,W,2494
000000000000000000000000000000000000000000,1,D,2495
000000000000000000000000000000000000001000,2,D,2496
000000000000000000000000000000000000201000,1,D,2497
000000000000000000000000000001000000201000,2,D,2498
000000000000000000000000000001000000201020,1,D,2499
000000000000000000000000000001000000211020,2,D,2500
000000000000000000000000000001200000211020,1,D,2501
000000000000000000000001000001200000211020,2,D,2502
000000000000000000000021000001200000211020,1,D,2503
000000000000000010000021000001200000211020,2,D,2504
000000000000000210000021000001200000211020,1,D,2505
000000000100000210000021000001200000211020,2,D,2506
002000000100000210000021000001200000211020,1,D,2507
002000000100000210000021000001200001211020,2,D,2508
002000002100000210000021000001200001211020,1,D,2509
012000002100000210000021000001200001211020,2,D,2510
012000002100000210000021000001220001211020,1,D,2511
012000002100000210000021000001220101211020,2,D,2512
012000002100000210000021002001220101211020,1,D,2513
012000002100000210010021002001220101211020,2,D,2514
012000002100200210010021002001220101211020,1,D,2515
012000002100200210010021002001220101211120,2,D,2516
012000002100200210010021002001222101211120,1,D,2517
012000002100200210010021012001222101211120,2,D,2518
012000002100200210210021012001222101211120,1,D,2519
012000002101200210210021012001222101211120,2,D,2520
012002002101200210210021012001222101211120,1,D,2521
012002002101200210210021112001222101211120,2,D,2522
012002002101200212210021112001222101211120,1,D,2523
012002002111200212210021112001222101211120,2,D,2524
012202002111200212210021112001222101211120,1,D,2525
012212002111200212210021112001222101211120,2,D,2526
012212002111200212210021112021222101211120,1,D,2527
012212002111200212210121112021222101211120,2,D,2528
012212002111202212210121112021222101211120,1,D,2529
012212012111202212210121112021222101211120,2,D,2530
212212012111202212210121112021222101211120,1,D,2531
212212012111202212210121112021222101211121,2,D,2532
212212012111202212210121112021222121211121,1,D,2533
212212012111202212210121112121222121211121,2,D,2534
212212012111202212212121112121222121211121,1,D,2535
212212012111212212212121112121222121211121,2,D,2536
000000000000000000000000000000000000000000,1,W,2537
000000000000000000000000000000000000001000,2,L,2538
000000000000000000000000000000000000201000,1,W,2539
000000000000000000000000000000000000201001,2,L,2540
000000000000000000000000000000000000201201,1,W,2541
000000000000000000000000000000000000201211,2,L,2542
000000000000000000000000000002000000201211,1,W,2543
000000000000000000000000000002010000201211,2,L,2544
000000000000000000000000000002010200201211,1,W,2545
000000000000000000000000000002010210201211,2,L,2546
000000000000000000000000200002010210201211,1,W,2547
000000000000000000000000200102010210201211,2,L,2548
000000000000000000002000200102010210201211,1,W,2549
000000000000000000002000200102010211201211,2,L,2550
000000000000000000002000200102012211201211,1,W,2551
000000000000000001002000200102012211201211,2,L,2552
000000000000000001002000200122012211201211,1,W,2553
000000000000000001002010200122012211201211,2,L,2554
000000000000000001002010220122012211201211,1,W,2555
000000000000000001102010220122012211201211,2,L,2556
000000000000000001102010222122012211201211,1,W,2557
000000000000000001112010222122012211201211,2,L,2558
000000000002000001112010222122012211201211,1,W,2559
000000000002100001112010222122012211201211,2,L,2560
000000000002100001112010222122012211221211,1,W,2561
000000000012100001112010222122012211221211,2,L,2562
000000000012100001112010222122212211221211,1,W,2563
000000000012100001112011222122212211221211,2,L,2564
000000000012100021112011222122212211221211,1,W,2565
000100000012100021112011222122212211221211,2,L,2566
000100000212100021112011222122212211221211,1,W,2567
000110000212100021112011222122212211221211,2,L,2568
000110000212100221112011222122212211221211,1,W,2569
000110001212100221112011222122212211221211,2,L,2570
000112001212100221112011222122212211221211,1,W,2571
001112001212100221112011222122212211221211,2,L,2572
001112001212120221112011222122212211221211,1,W,2573
000000000000000000000000000000000000000000,1,L,2574
000000000000000000000000000000000000001000,2,W,2575
000000000000000000000000000000000000201000,1,L,2576
000000000000000000000000000000000000201100,2,W,2577
000000000000000000000000000000000000201120,1,L,2578
000000000000000000000000000000001000201120,2,W,2579
000000000000000000000000000000021000201120,1,L,2580
000000000000000000000000010000021000201120,2,W,2581
000000000000000000200000010000021000201120,1,L,2582
000000000001000000200000010000021000201120,2,W,2583
000000000001000000200000210000021000201120,1,L,2584
000000000001000001200000210000021000201120,2,W,2585
000000000001000001200000210000021200201120,1,L,2586
000000000001000001200000211000021200201120,2,W,2587
000020000001000001200000211000021200201120,1,L,2588
000020000011000001200000211000021200201120,2,W,2589
000020000011000001200000211002021200201120,1,L,2590
000020000011000001200010211002021200201120,2,W,2591
000220000011000001200010211002021200201120,1,L,2592
000220000011000001200010211002021200211120,2,W,2593
000220000011000001200010211002221200211120,1,L,2594
000220000011000001200011211002221200211120,2,W,2595
000220000011000201200011211002221200211120,1,L,2596
000220000011000201200011211002221201211120,2,W,2597
000000000000000000000000000000000000000000,1,W,2598
000000000000000000000000000000000000001000,2,L,2599
000000000000000000000000000000000002001000,1,W,2600
000000000000000000000000000000000002001100,2,L,2601
000000000000000000000000000000000002001120,1,W,2602
000000000000000000000000000000010002001120,2,L,2603
000000000000000000000000000000010202001120,1,W,2604
000000000000000000000000000000010202011120,2,L,2605
000000000000000000000000000000010202211120,1,W,2606
000000000000000000000000000000110202211120,2,L,2607
000000000000000000000000000002110202211120,1,W,2608
000000000000000000000001000002110202211120,2,L,2609
000000000000000020000001000002110202211120,1,W,2610
000000000000000020000011000002110202211120,2,L,2611
000000000000000020000011002002110202211120,1,W,2612
000000000000000000000000000000000000000000,1,D,2613
000000000000000000000000000000000000001000,2,D,2614
000000000000000000000000000000000000001020,1,D,2615
000000000000000000000000000000000000011020,2,D,2616
000000000000000000000000000000000000211020,1,D,2617
000000000000000000000000000000100000211020,2,D,2618
000000000000000000000000000000120000211020,1,D,2619
000000000000000000000001000000120000211020,2,D,2620
000000000000000020000001000000120000211020,1,D,2621
000000000000000020000001000001120000211020,2,D,2622
000000000000000020000021000001120000211020,1,D,2623
000000000000000020000021000001120000211021,2,D,2624
000000000000000220000021000001120000211021,1,D,2625
000000000000000220000021000001120001211021,2,D,2626
000000000000000220000021000021120001211021,1,D,2627
000000000100000220000021000021120001211021,2,D,2628
000000000100000220000021000021120201211021,1,D,2629
000000000100000220000021000021120211211021,2,D,2630
000000000100000220000021002021120211211021,1,D,2631
000000000100000220010021002021120211211021,2,D,2632
000000002100000220010021002021120211211021,1,D,2633
010000002100000220010021002021120211211021,2,D,2634
010000002100200220010021002021120211211021,1,D,2635
010000002100200220010021002121120211211021,2,D,2636
010000002100200220012021002121120211211021,1,D,2637
010001002100200220012021002121120211211021,2,D,2638
010001002100200220012221002121120211211021,1,D,2639
010001002100201220012221002121120211211021,2,D,2640
010001022100201220012221002121120211211021,1,D,2641
110001022100201220012221002121120211211021,2,D,2642
112001022100201220012221002121120211211021,1,D,2643
112001022100201220012221002121120211211121,2,D,2644
112001022100221220012221002121120211211121,1,D,2645
112001022100221220012221002121121211211121,2,D,2646
112001222100221220012221002121121211211121,1,D,2647
112001222100221220012221012121121211211121,2,D,2648
112001222100221220212221012121121211211121,1,D,2649
112001222100221220212221112121121211211121,2,D,2650
112001222100221222212221112121121211211121,1,D,2651
112001222110221222212221112121121211211121,2,D,2652
112201222110221222212221112121121211211121,1,D,2653
112201222111221222212221112121121211211121,2,D,2654
000000000000000000000000000000000000000000,1,D,2655
000000000000000000000000000000000000001000,2,D,2656
000000000000000000000000000000000000201000,1,D,2657
000000000000000000000000000000000000201001,2,D,2658
000000000000000000000000000000000000201201,1,D,2659
000000000000000000000000000000000000201211,2,D,2660
000000000000000000000000000002000000201211,1,D,2661
000000000000000000000000000002010000201211,2,D,2662
000000000000000000000000000002012000201211,1,D,2663
000000000000000000000000010002012000201211,2,D,2664
000000000000000000000000210002012000201211,1,D,2665
000000000000000001000000210002012000201211,2,D,2666
000000000000000001000000210002012200201211,1,D,2667
000000000000000001100000210002012200201211,2,D,2668
000000000020000001100000210002012200201211,1,D,2669
000000000021000001100000210002012200201211,2,D,2670
000020000021000001100000210002012200201211,1,D,2671
000020000021000001100010210002012200201211,2,D,2672
000020000021000201100010210002012200201211,1,D,2673
000020000021000201100010210002012200211211,2,D,2674
000020000021000201100010210002212200211211,1,D,2675
000020001021000201100010210002212200211211,2,D,2676
000020001021000201100010210002212202211211,1,D,2677
000020001021000201100011210002212202211211,2,D,2678
000020001021000221100011210002212202211211,1,D,2679
000020001121000221100011210002212202211211,2,D,2680
020020001121000221100011210002212202211211,1,D,2681
020120001121000221100011210002212202211211,2,D,2682
020120001121000221100011210022212202211211,1,D,2683
020120001121000221100011210022212212211211,2,D,2684
020120001121000221100211210022212212211211,1,D,2685
020120001121001221100211210022212212211211,2,D,2686
022120001121001221100211210022212212211211,1,D,2687
022120001121001221100211210122212212211211,2,D,2688
022120001121001221102211210122212212211211,1,D,2689
022120001121001221102211211122212212211211,2,D,2690
022120001121001221122211211122212212211211,1,D,2691
022120001121101221122211211122212212211211,2,D,2692
022122001121101221122211211122212212211211,1,D,2693
022122011121101221122211211122212212211211,2,D,2694
222122011121101221122211211122212212211211,1,D,2695
222122011121111221122211211122212212211211,2,D,2696
