board,mark,label,move_num
000000000000000000000000000000000000000000,1,L,1
000000000000000000000000000000000000001000,2,W,2
000000000000000000000000000000020000001000,1,L,3
000000000000000000000000000000020000001010,2,W,4
000000000000000000000000200000020000001010,1,L,5
000000000000000001000000200000020000001010,2,W,6
000000000020000001000000200000020000001010,1,L,7
000100000020000001000000200000020000001010,2,W,8
000100000020000001000000200000020000001012,1,L,9
000100000020000001000000200000020000101012,2,W,10
000100000020000001000000200000020000101212,1,L,11
000100000020000001000000200000020010101212,2,W,12
000100000020000001000000200000022010101212,1,L,13
000100000020000001000000200100022010101212,2,W,14
000100000020000001000000220100022010101212,1,L,15
000100000020000001001000220100022010101212,2,W,16
000100000020020001001000220100022010101212,1,L,17
000100100020020001001000220100022010101212,2,W,18
000000000000000000000000000000000000000000,1,W,19
000000000000000000000000000000000000001000,2,L,20
000000000000000000000000000000000000001002,1,W,21
000000000000000000000000000000000000011002,2,L,22
000000000000000000000000000000020000011002,1,W,23
000000000000000000000000100000020000011002,2,L,24
000000000000000002000000100000020000011002,1,W,25
000000000010000002000000100000020000011002,2,L,26
000200000010000002000000100000020000011002,1,W,27
000200000010000002000000100000020000011102,2,L,28
000200000010000002000000100000020000011122,1,W,29
000200000010000002000000100000021000011122,2,L,30
000200000010000002000000100000021200011122,1,W,31
000200000010000002000000110000021200011122,2,L,32
000200000010000002000000110000021220011122,1,W,33
000000000000000000000000000000000000000000,1,L,34
000000000000000000000000000000000000000010,2,W,35
000000000000000000000000000000000000002010,1,L,36
000000000000000000000000000000000100002010,2,W,37
000000000000000000000000000000020100002010,1,L,38
000000000000000000000000100000020100002010,2,W,39
000000000000000002000000100000020100002010,1,L,40
000000000010000002000000100000020100002010,2,W,41
000000000010000002000000100000020102002010,1,L,42
000100000010000002000000100000020102002010,2,W,43
000100000010000002000000100000020102002210,1,L,44
000100000010000002000000100000020102002211,2,W,45
000100000010000002000000100000022102002211,1,L,46
000100000010000002000000100000022112002211,2,W,47
000100000010000002000000100200022112002211,1,L,48
000100000010000002000000100210022112002211,2,W,49
000100000010000002002000100210022112002211,1,L,50
000100000010010002002000100210022112002211,2,W,51
000100200010010002002000100210022112002211,1,L,52
000100200010010002002000110210022112002211,2,W,53
000100200010010002202000110210022112002211,1,L,54
000100200011010002202000110210022112002211,2,W,55
000100200011010002202000110210022112202211,1,L,56
000110200011010002202000110210022112202211,2,W,57
000110200011010002202000112210022112202211,1,L,58
000110200011010002202100112210022112202211,2,W,59
000110200011012002202100112210022112202211,1,L,60
000110200011012002202100112210022112212211,2,W,61
000110220011012002202100112210022112212211,1,L,62
000110220011012002212100112210022112212211,2,W,63
000110220011012002212100112210222112212211,1,L,64
000110220011112002212100112210222112212211,2,W,65
000000000000000000000000000000000000000000,1,L,66
000000000000000000000000000000000000001000,2,W,67
000000000000000000000000000000020000001000,1,L,68
000000000000000000000000100000020000001000,2,W,69
000000000000000002000000100000020000001000,1,L,70
000000000010000002000000100000020000001000,2,W,71
000200000010000002000000100000020000001000,1,L,72
000200000010000002000000100000020000011000,2,W,73
000200000010000002000000100000020000211000,1,L,74
000200000010000002000000100000020000211100,2,W,75
000200000010000002000000100000022000211100,1,L,76
000200000010000002000000100000022001211100,2,W,77
000200000010000002000000120000022001211100,1,L,78
000200000010000002100000120000022001211100,2,W,79
000200000010000002100000120020022001211100,1,L,80
000200000011000002100000120020022001211100,2,W,81
000220000011000002100000120020022001211100,1,L,82
000220000011000002100000120020122001211100,2,W,83
000220000011000002100000120020122001211120,1,L,84
000220000011000002100000120020122101211120,2,W,85
000220000011000002100000122020122101211120,1,L,86
000220000011000002100000122021122101211120,2,W,87
000220000011000002120000122021122101211120,1,L,88
000220000011000002120001122021122101211120,2,W,89
000220000011200002120001122021122101211120,1,L,90
000220000011200002120011122021122101211120,2,W,91
000000000000000000000000000000000000000000,1,L,92
000000000000000000000000000000000000001000,2,W,93
000000000000000000000000000000000002001000,1,L,94
000000000000000000000000000000010002001000,2,W,95
000000000000000000000000200000010002001000,1,L,96
000000000000000000000000200000010002001001,2,W,97
000000000000000000000000200000010002001201,1,L,98
000000000000000001000000200000010002001201,2,W,99
000000000020000001000000200000010002001201,1,L,100
000100000020000001000000200000010002001201,2,W,101
000100000020000001000000200000012002001201,1,L,102
000100000020000001000000210000012002001201,2,W,103
000100000020000001000000210000012002021201,1,L,104
000100000020000001000000210000012002021211,2,W,105
000100000020000001200000210000012002021211,1,L,106
000100000020000001200000210000012102021211,2,W,107
000100000020000001200000210000212102021211,1,L,108
000100000020000001200000210000212112021211,2,W,109
000100000020000001200002210000212112021211,1,L,110
000100000020000001200002211000212112021211,2,W,111
000000000000000000000000000000000000000000,1,W,112
000000000000000000000000000000000000001000,2,L,113
000000000000000000000000000000020000001000,1,W,114
000000000000000000000000100000020000001000,2,L,115
000000000000000000000000100000020000201000,1,W,116
000000000000000001000000100000020000201000,2,L,117
000000000000000001000000100000020000201200,1,W,118
000000000010000001000000100000020000201200,2,L,119
000200000010000001000000100000020000201200,1,W,120
000200000010000001000000100000021000201200,2,L,121
000200000010000001000000120000021000201200,1,W,122
000200000010000001100000120000021000201200,2,L,123
000200000012000001100000120000021000201200,1,W,124
000210000012000001100000120000021000201200,2,L,125
000210000012000001100000120000021000221200,1,W,126
000210000012000001100000120000121000221200,2,L,127
000210000012000001100002120000121000221200,1,W,128
000210000012000011100002120000121000221200,2,L,129
000210000012000011100002120002121000221200,1,W,130
000210000112000011100002120002121000221200,2,L,131
000210000112000011100022120002121000221200,1,W,132
000000000000000000000000000000000000000000,1,W,133
000000000000000000000000000000000000001000,2,L,134
000000000000000000000000000000020000001000,1,W,135
000000000000000000000000100000020000001000,2,L,136
000000000000000002000000100000020000001000,1,W,137
000000000010000002000000100000020000001000,2,L,138
000200000010000002000000100000020000001000,1,W,139
000200000010000002000000100000020000001100,2,L,140
000200000010000002000000100000020000001102,1,W,141
000200000010000002000000100000021000001102,2,L,142
000200000010000002000000120000021000001102,1,W,143
000200000010000002100000120000021000001102,2,L,144
000200000012000002100000120000021000001102,1,W,145
000210000012000002100000120000021000001102,2,L,146
000210000012000002100000120000021000021102,1,W,147
000210000012000002100000120000121000021102,2,L,148
000210000012000002100002120000121000021102,1,W,149
000210000012000002100002120000121000021112,2,L,150
000210000012000002100002120000121020021112,1,W,151
000000000000000000000000000000000000000000,1,W,152
000000000000000000000000000000000000001000,2,L,153
000000000000000000000000000000020000001000,1,W,154
000000000000000000000000100000020000001000,2,L,155
000000000000000002000000100000020000001000,1,W,156
000000000010000002000000100000020000001000,2,L,157
000200000010000002000000100000020000001000,1,W,158
000200000010000002000000100000020000001100,2,L,159
000200000010000002000000100000020000021100,1,W,160
000200000010000002000000100000021000021100,2,L,161
000200000010000002000000100000021000021102,1,W,162
000200000010000002000000110000021000021102,2,L,163
000200000010000002000000110000021000021122,1,W,164
000000000000000000000000000000000000000000,1,W,165
000000000000000000000000000000000001000000,2,L,166
000000000000000000000000000020000001000000,1,W,167
000000000000000000000000000020000001000010,2,L,168
000000000000000000000000000020000001002010,1,W,169
000000000000000000000000000020000001012010,2,L,170
000000000000000000000000000020020001012010,1,W,171
000000000000000000000000100020020001012010,2,L,172
000000000000000002000000100020020001012010,1,W,173
000000000010000002000000100020020001012010,2,L,174
000200000010000002000000100020020001012010,1,W,175
000200000010000002000000100020020001012110,2,L,176
000200000010000002000000100020020201012110,1,W,177
000200000010000002000000100020021201012110,2,L,178
000200000010000002000000102020021201012110,1,W,179
000200000010000002000000112020021201012110,2,L,180
000200000010000002200000112020021201012110,1,W,181
000200000011000002200000112020021201012110,2,L,182
000200000011000002220000112020021201012110,1,W,183
000200000011100002220000112020021201012110,2,L,184
000202000011100002220000112020021201012110,1,W,185
000212000011100002220000112020021201012110,2,L,186
000212000011100002220000112020221201012110,1,W,187
000212000011100002220100112020221201012110,2,L,188
000212000011100002220102112020221201012110,1,W,189
000212000011100002220102112020221201112110,2,L,190
000212000011100002220102112022221201112110,1,W,191
000000000000000000000000000000000000000000,1,L,192
000000000000000000000000000000000000001000,2,W,193
000000000000000000000000000000020000001000,1,L,194
000000000000000000000000100000020000001000,2,W,195
000000000000000002000000100000020000001000,1,L,196
000000000010000002000000100000020000001000,2,W,197
000200000010000002000000100000020000001000,1,L,198
000200000010000002000000100000020000001100,2,W,199
000200000010000002000000100000022000001100,1,L,200
000200000010000002000000100000022000011100,2,W,201
000200000010000002000000100000022002011100,1,L,202
000200000010000002000000110000022002011100,2,W,203
000200000010000002200000110000022002011100,1,L,204
000200000011000002200000110000022002011100,2,W,205
000200000011000002200000110000022002011120,1,L,206
000210000011000002200000110000022002011120,2,W,207
000210000011000002200000110000222002011120,1,L,208
000210000011000002200000110010222002011120,2,W,209
000000000000000000000000000000000000000000,1,W,210
000000000000000000000000000000000000001000,2,L,211
000000000000000000000000000000020000001000,1,W,212
000000000000000000000000100000020000001000,2,L,213
000000000000000002000000100000020000001000,1,W,214
000000000010000002000000100000020000001000,2,L,215
000200000010000002000000100000020000001000,1,W,216
000200000010000002000000100000020000001100,2,L,217
000200000010000002000000100000022000001100,1,W,218
000200000010000002000000110000022000001100,2,L,219
000200000010000002200000110000022000001100,1,W,220
000200000010000002200000110000022000101100,2,L,221
000200000012000002200000110000022000101100,1,W,222
000210000012000002200000110000022000101100,2,L,223
000210000012000002200000110000022000121100,1,W,224
000210000012000002200000110000122000121100,2,L,225
000210000012000002200000110000122000121120,1,W,226
000210000012000002200001110000122000121120,2,L,227
000210000012000002200001110000122000121122,1,W,228
000210000012000012200001110000122000121122,2,L,229
000210000012000012200001110002122000121122,1,W,230
000000000000000000000000000000000000000000,1,W,231
000000000000000000000000000000000000000010,2,L,232
000000000000000000000000000000000000002010,1,W,233
000000000000000000000000000000000000002011,2,L,234
000000000000000000000000000000020000002011,1,W,235
000000000000000000000000100000020000002011,2,L,236
000000000000000002000000100000020000002011,1,W,237
000000000010000002000000100000020000002011,2,L,238
000200000010000002000000100000020000002011,1,W,239
000200000010000002000000100000020001002011,2,L,240
000200000010000002000000100000020001002211,1,W,241
000200000010000002000000100010020001002211,2,L,242
000200000010000002000000100010020021002211,1,W,243
000200000010000002000000100010021021002211,2,L,244
000200000010000002000000100210021021002211,1,W,245
000200000010000002000000110210021021002211,2,L,246
000200000010000002000000110210021221002211,1,W,247
000200000010000002100000110210021221002211,2,L,248
000200000010000002102000110210021221002211,1,W,249
000200000010010002102000110210021221002211,2,L,250
000200200010010002102000110210021221002211,1,W,251
000000000000000000000000000000000000000000,1,L,252
000000000000000000000000000000000000000001,2,W,253
000000000000000000000000000000000000002001,1,L,254
000000000000000000000000000000010000002001,2,W,255
000000000000000000000000000000010000022001,1,L,256
000000000000000000000000100000010000022001,2,W,257
000000000000000000000000100000010020022001,1,L,258
000000000000000001000000100000010020022001,2,W,259
000000000020000001000000100000010020022001,1,L,260
000100000020000001000000100000010020022001,2,W,261
000100000020000001000000100000010020022201,1,L,262
000100000020000001000000100000010020022211,2,W,263
000100000020000001000000100000012020022211,1,L,264
000100000020000001000000100000112020022211,2,W,265
000100000020000001000000120000112020022211,1,L,266
000100000020000001000000120000112120022211,2,W,267
000000000000000000000000000000000000000000,1,W,268
000000000000000000000000000000000000001000,2,L,269
000000000000000000000000000000020000001000,1,W,270
000000000000000000000000100000020000001000,2,L,271
000000000000000002000000100000020000001000,1,W,272
000000000000000002000000100000020000101000,2,L,273
000000000020000002000000100000020000101000,1,W,274
000000000020000002000000100000020000101100,2,L,275
000000000020000002000000100000020000101120,1,W,276
000000000020000002000000100000020000101121,2,L,277
000000000020000002000000100000020020101121,1,W,278
000000000020000002000000100100020020101121,2,L,279
000000000020000002000000100100022020101121,1,W,280
000000000020000002001000100100022020101121,2,L,281
000000000020020002001000100100022020101121,1,W,282
000000100020020002001000100100022020101121,2,L,283
000200100020020002001000100100022020101121,1,W,284
000200100020020002001000110100022020101121,2,L,285
000200100020020002201000110100022020101121,1,W,286
000200100020020002201000110100022020111121,2,L,287
000200100020020002201000110100222020111121,1,W,288
000200100021020002201000110100222020111121,2,L,289
000220100021020002201000110100222020111121,1,W,290
000000000000000000000000000000000000000000,1,W,291
000000000000000000000000000000000000000100,2,L,292
000000000000000000000000000000000002000100,1,W,293
000000000000000000000000000000000002001100,2,L,294
000000000000000000000000000000020002001100,1,W,295
000000000000000000000000100000020002001100,2,L,296
000000000000000002000000100000020002001100,1,W,297
000000000000000002000000100000020002011100,2,L,298
000000000000000002000000100000220002011100,1,W,299
000000000000000000000000000000000000000000,1,W,300
000000000000000000000000000000000000001000,2,L,301
000000000000000000000000000000020000001000,1,W,302
000000000000000000000000000000020001001000,2,L,303
000000000000000000000000200000020001001000,1,W,304
000000000000000001000000200000020001001000,2,L,305
000000000020000001000000200000020001001000,1,W,306
000100000020000001000000200000020001001000,2,L,307
000100000020000001000000200000020001001200,1,W,308
000100000020000001000000200000021001001200,2,L,309
000100000020000001000000220000021001001200,1,W,310
000100000020000001100000220000021001001200,2,L,311
000100000020000001100000220000021001001220,1,W,312
000100000020000001100000220000021001101220,2,L,313
000100000022000001100000220000021001101220,1,W,314
000100000022000001100000220000021001101221,2,L,315
000120000022000001100000220000021001101221,1,W,316
000120000022000001100000220000021101101221,2,L,317
000120000022000001100000220000021101121221,1,W,318
000120000022000001100000220000021111121221,2,L,319
000120000022000001100000220000221111121221,1,W,320
000120000022000001100000220001221111121221,2,L,321
000120000022000001100002220001221111121221,1,W,322
000120000022000001100002221001221111121221,2,L,323
000120000022000001100002221201221111121221,1,W,324
000120000022000001110002221201221111121221,2,L,325
000120000022200001110002221201221111121221,1,W,326
000120000022200001110002221211221111121221,2,L,327
000120000022200001110202221211221111121221,1,W,328
000120000022200001110212221211221111121221,2,L,329
000122000022200001110212221211221111121221,1,W,330
000000000000000000000000000000000000000000,1,L,331
000000000000000000000000000000000000001000,2,W,332
000000000000000000000000000000000002001000,1,L,333
000000000000000000000000000000010002001000,2,W,334
000000000000000000000000200000010002001000,1,L,335
000000000000000001000000200000010002001000,2,W,336
000000000020000001000000200000010002001000,1,L,337
000100000020000001000000200000010002001000,2,W,338
000100000020000001000000200000010002001200,1,L,339
000100000020000001000000200000010002001201,2,W,340
000100000020000001000000200000012002001201,1,L,341
000100000020000001000000210000012002001201,2,W,342
000100000020000001200000210000012002001201,1,L,343
000100000021000001200000210000012002001201,2,W,344
000100000021000001200000210000012002201201,1,L,345
000110000021000001200000210000012002201201,2,W,346
000110000021000001200000210000012002221201,1,L,347
000110000021000001200000210001012002221201,2,W,348
000110000021000001200000210001212002221201,1,L,349
000110000021000001200010210001212002221201,2,W,350
000110000021000001200012210001212002221201,1,L,351
000110000021000001200012210001212002221211,2,W,352
000110000021000001200012210021212002221211,1,L,353
000110000021000001200012210021212102221211,2,W,354
000110000021000001200012212021212102221211,1,L,355
000110000021000001210012212021212102221211,2,W,356
000000000000000000000000000000000000000000,1,W,357
000000000000000000000000000000000000001000,2,L,358
000000000000000000000000000000000000001002,1,W,359
000000000000000000000000000000010000001002,2,L,360
000000000000000000000000200000010000001002,1,W,361
000000000000000001000000200000010000001002,2,L,362
000000000020000001000000200000010000001002,1,W,363
000100000020000001000000200000010000001002,2,L,364
000100000020000001000000200000010000001202,1,W,365
000100000020000001000000200000011000001202,2,L,366
000100000020000001000000220000011000001202,1,W,367
000100000020000001100000220000011000001202,2,L,368
000100000022000001100000220000011000001202,1,W,369
000110000022000001100000220000011000001202,2,L,370
000110000022000001100000220000011000001222,1,W,371
000110000022000001100000220000011010001222,2,L,372
000110000022000001100000220000011012001222,1,W,373
000110000022000001100000220100011012001222,2,L,374
000110000022000001100000220100011012021222,1,W,375
000110000022000001100000220100011112021222,2,L,376
000110000022000001100000220100211112021222,1,W,377
000110000022000001100000221100211112021222,2,L,378
000110000022000001100000221120211112021222,1,W,379
000110000022000001110000221120211112021222,2,L,380
000110000022200001110000221120211112021222,1,W,381
000111000022200001110000221120211112021222,2,L,382
000111000022200001110002221120211112021222,1,W,383
000000000000000000000000000000000000000000,1,W,384
000000000000000000000000000000000000001000,2,L,385
000000000000000000000000000000000000001002,1,W,386
000000000000000000000000000000000000101002,2,L,387
000000000000000000000000000002000000101002,1,W,388
000000000000000000000000000002010000101002,2,L,389
000000000000000000000000200002010000101002,1,W,390
000000000000000001000000200002010000101002,2,L,391
000000000020000001000000200002010000101002,1,W,392
000000000020000001000000200002010000101012,2,L,393
000200000020000001000000200002010000101012,1,W,394
000200000020000001000000200002010001101012,2,L,395
000200000020000001000000200002010001101212,1,W,396
000200000020000001000000200002011001101212,2,L,397
000200000020000001000000220002011001101212,1,W,398
000200000020000001100000220002011001101212,2,L,399
000200000020000001100000220002011021101212,1,W,400
000200000021000001100000220002011021101212,2,L,401
000200000021000001100000220002011021121212,1,W,402
000210000021000001100000220002011021121212,2,L,403
000210000021000001100000220002211021121212,1,W,404
000210000021000001100001220002211021121212,2,L,405
000210000021000021100001220002211021121212,1,W,406
000210000021000021100001220002211121121212,2,L,407
000210000221000021100001220002211121121212,1,W,408
000210000221000021100001221002211121121212,2,L,409
000210000221000021100001221022211121121212,1,W,410
000210000221000021100001221122211121121212,2,L,411
000210000221000021100201221122211121121212,1,W,412
000000000000000000000000000000000000000000,1,L,413
000000000000000000000000000000000000001000,2,W,414
000000000000000000000000000000020000001000,1,L,415
000000000000000000000000100000020000001000,2,W,416
000000000000000002000000100000020000001000,1,L,417
000000000010000002000000100000020000001000,2,W,418
000200000010000002000000100000020000001000,1,L,419
000200000010000002000000100000020000001100,2,W,420
000200000010000002000000100000020000001102,1,L,421
000200000010000002000000100000020000001112,2,W,422
000200000010000002000000100000020020001112,1,L,423
000200000010000002000000100000021020001112,2,W,424
000200000010000002000000100200021020001112,1,L,425
000200000010000002000000110200021020001112,2,W,426
000000000000000000000000000000000000000000,1,W,427
000000000000000000000000000000000000001000,2,L,428
000000000000000000000000000000020000001000,1,W,429
000000000000000000000000000000020000001010,2,L,430
000000000000000000000000200000020000001010,1,W,431
000000000000000000000000200000020000011010,2,L,432
000000000000000000000000200000220000011010,1,W,433
000000000000000001000000200000220000011010,2,L,434
000000000020000001000000200000220000011010,1,W,435
000000000020000001000000200000220000111010,2,L,436
000000000020000001000000200000220000111210,1,W,437
000000000020000001000000200001220000111210,2,L,438
000000000020000001000000200001222000111210,1,W,439
000000000020000001000000210001222000111210,2,L,440
000000000020000001200000210001222000111210,1,W,441
000000000021000001200000210001222000111210,2,L,442
000020000021000001200000210001222000111210,1,W,443
000120000021000001200000210001222000111210,2,L,444
000120000021000001200002210001222000111210,1,W,445
000120000021000001200002210001222100111210,2,L,446
000120000021000001200002210001222102111210,1,W,447
000000000000000000000000000000000000000000,1,W,448
000000000000000000000000000000000000001000,2,L,449
000000000000000000000000000000020000001000,1,W,450
000000000000000000000000000000020000001010,2,L,451
000000000000000000000000000000020000021010,1,W,452
000000000000000000000000100000020000021010,2,L,453
000000000000000002000000100000020000021010,1,W,454
000000000010000002000000100000020000021010,2,L,455
000000000010000002000000100000020000221010,1,W,456
000000000010000002000000100000020100221010,2,L,457
000000000010000002000000100000020100221210,1,W,458
000000000010000002000000100000021100221210,2,L,459
000000000010000002000000100000021100221212,1,W,460
000000000010000002000000110000021100221212,2,L,461
000000000010000002000000110002021100221212,1,W,462
000000000010000002100000110002021100221212,2,L,463
000000000012000002100000110002021100221212,1,W,464
000010000012000002100000110002021100221212,2,L,465
000210000012000002100000110002021100221212,1,W,466
000210000012000002100000110002121100221212,2,L,467
000210000012000002100000110002121102221212,1,W,468
000210000012000002100000110012121102221212,2,L,469
000210000012000002100002110012121102221212,1,W,470
000210000012000002100002110012121112221212,2,L,471
000210000012000002100022110012121112221212,1,W,472
000000000000000000000000000000000000000000,1,W,473
000000000000000000000000000000000000001000,2,L,474
000000000000000000000000000000020000001000,1,W,475
000000000000000000000000100000020000001000,2,L,476
000000000000000000000000100000020000201000,1,W,477
000000000000000001000000100000020000201000,2,L,478
000000000000000001000000100000020000201200,1,W,479
000000000010000001000000100000020000201200,2,L,480
000200000010000001000000100000020000201200,1,W,481
000200000010000001000000100000021000201200,2,L,482
000200000010000001000000120000021000201200,1,W,483
000200000010000001100000120000021000201200,2,L,484
000200000012000001100000120000021000201200,1,W,485
000210000012000001100000120000021000201200,2,L,486
000210000012000001100000120000021000221200,1,W,487
000210000012000001100000120000121000221200,2,L,488
000210000012000001100002120000121000221200,1,W,489
000210000012000011100002120000121000221200,2,L,490
000210000212000011100002120000121000221200,1,W,491
001210000212000011100002120000121000221200,2,L,492
001210000212000011100002120002121000221200,1,W,493
000000000000000000000000000000000000000000,1,W,494
000000000000000000000000000000000000001000,2,L,495
000000000000000000000000000000020000001000,1,W,496
000000000000000000000000100000020000001000,2,L,497
000000000000000002000000100000020000001000,1,W,498
000000000010000002000000100000020000001000,2,L,499
000200000010000002000000100000020000001000,1,W,500
000200000010000002000000100000020000101000,2,L,501
000200000010000002000000100000020000101200,1,W,502
000200000010000002000000100000021000101200,2,L,503
000200000010000002000000100000021002101200,1,W,504
000200000010000002000000100000021002101201,2,L,505
000200000010000002000000120000021002101201,1,W,506
000200000010000002000000120010021002101201,2,L,507
000200000010000002200000120010021002101201,1,W,508
000200000011000002200000120010021002101201,2,L,509
000220000011000002200000120010021002101201,1,W,510
000220000011000002200000120010021002111201,2,L,511
000220000011000002200000120010021002111221,1,W,512
000220000011000002200000120010121002111221,2,L,513
000220000011000002200000120010121202111221,1,W,514
000220000011000002200100120010121202111221,2,L,515
000220000011000002200100122010121202111221,1,W,516
000220000011001002200100122010121202111221,2,L,517
000220000011001002200102122010121202111221,1,W,518
000220000011001002210102122010121202111221,2,L,519
000220000011001022210102122010121202111221,1,W,520
000220000111001022210102122010121202111221,2,L,521
000220000111001022210102122010121222111221,1,W,522
001220000111001022210102122010121222111221,2,L,523
001220000111001022210102122210121222111221,1,W,524
001220000111001022211102122210121222111221,2,L,525
001220000111021022211102122210121222111221,1,W,526
000000000000000000000000000000000000000000,1,L,527
000000000000000000000000000000000001000000,2,W,528
000000000000000000000000000000000001002000,1,L,529
000000000000000000000000000000010001002000,2,W,530
000000000000000000000000200000010001002000,1,L,531
000000000000000001000000200000010001002000,2,W,532
000000000000000001000000200000010001002200,1,L,533
000000000010000001000000200000010001002200,2,W,534
000200000010000001000000200000010001002200,1,L,535
000200000010000001000000200000011001002200,2,W,536
000200000010000001000000220000011001002200,1,L,537
000200000010000001000000220000011001102200,2,W,538
000200000010000001200000220000011001102200,1,L,539
000200000011000001200000220000011001102200,2,W,540
000220000011000001200000220000011001102200,1,L,541
000220000011000001200000220000011001112200,2,W,542
000220000011000001200000220000011001112220,1,L,543
000220000011000001200000220000111001112220,2,W,544
000220000011000001200000220000111201112220,1,L,545
000220000011000001200000220000111201112221,2,W,546
000220000011000001200000222000111201112221,1,L,547
000220000011000001200001222000111201112221,2,W,548
000220000011000001200001222002111201112221,1,L,549
000220000011000001200011222002111201112221,2,W,550
000000000000000000000000000000000000000000,1,L,551
000000000000000000000000000000000000000001,2,W,552
000000000000000000000000000000000000002001,1,L,553
000000000000000000000000000000010000002001,2,W,554
000000000000000000000000200000010000002001,1,L,555
000000000000000001000000200000010000002001,2,W,556
000000000020000001000000200000010000002001,1,L,557
000100000020000001000000200000010000002001,2,W,558
000100000020000001000000200000010000002201,1,L,559
000100000020000001000000200000010000012201,2,W,560
000100000020000001000000200000012000012201,1,L,561
000100000020000001000000200000012000012211,2,W,562
000100000020000001000000220000012000012211,1,L,563
000100000020000001000000220000012100012211,2,W,564
000000000000000000000000000000000000000000,1,L,565
000000000000000000000000000000000000001000,2,W,566
000000000000000000000000000000020000001000,1,L,567
000000000000000000000000100000020000001000,2,W,568
000000000000000002000000100000020000001000,1,L,569
000000000010000002000000100000020000001000,2,W,570
000200000010000002000000100000020000001000,1,L,571
000200000010000002000000100000020000001100,2,W,572
000200000010000002000000100000022000001100,1,L,573
000200000010000002000000100000022000101100,2,W,574
000200000010000002000000120000022000101100,1,L,575
000200000010000002100000120000022000101100,2,W,576
000200000012000002100000120000022000101100,1,L,577
000210000012000002100000120000022000101100,2,W,578
000210000012000002100000120000022000121100,1,L,579
000210000012000002100000120001022000121100,2,W,580
000210000012000002100000120001222000121100,1,L,581
000210000012000002100001120001222000121100,2,W,582
000210000012000022100001120001222000121100,1,L,583
000210000112000022100001120001222000121100,2,W,584
002210000112000022100001120001222000121100,1,L,585
002210000112000022100001120001222000121110,2,W,586
000000000000000000000000000000000000000000,1,L,587
000000000000000000000000000000000000000001,2,W,588
000000000000000000000000000000000000002001,1,L,589
000000000000000000000000000000010000002001,2,W,590
000000000000000000000000200000010000002001,1,L,591
000000000000000001000000200000010000002001,2,W,592
000000000020000001000000200000010000002001,1,L,593
000100000020000001000000200000010000002001,2,W,594
000100000020000001000000200000010000002201,1,L,595
000100000020000001000000200000011000002201,2,W,596
000100000020000001000000220000011000002201,1,L,597
000100000020000001100000220000011000002201,2,W,598
000100000022000001100000220000011000002201,1,L,599
000110000022000001100000220000011000002201,2,W,600
000110000022000001100000220000011000202201,1,L,601
000110000022000001100000220000011000212201,2,W,602
000110000022000001100000220000211000212201,1,L,603
000110000022000001100000220000211000212211,2,W,604
000110000022000001100002220000211000212211,1,L,605
000110000022000001100002220000211010212211,2,W,606
000110000022000001100002220200211010212211,1,L,607
000110000022000001100002220200211110212211,2,W,608
000110000022000021100002220200211110212211,1,L,609
000110000022000021100002220201211110212211,2,W,610
000000000000000000000000000000000000000000,1,L,611
000000000000000000000000000000000000001000,2,W,612
000000000000000000000000000000020000001000,1,L,613
000000000000000000000000100000020000001000,2,W,614
000000000000000002000000100000020000001000,1,L,615
000000000010000002000000100000020000001000,2,W,616
000200000010000002000000100000020000001000,1,L,617
000200000010000002000000100000020000001100,2,W,618
000200000010000002000000100000022000001100,1,L,619
000200000010000002000000110000022000001100,2,W,620
000200000010000002200000110000022000001100,1,L,621
000200000011000002200000110000022000001100,2,W,622
000200000011000002200000110000022002001100,1,L,623
000210000011000002200000110000022002001100,2,W,624
000210000011000002200000110000022002021100,1,L,625
000210000011000002200000110010022002021100,2,W,626
000210000011000002200000110010222002021100,1,L,627
000210000011000002200001110010222002021100,2,W,628
000210000011000022200001110010222002021100,1,L,629
000210000111000022200001110010222002021100,2,W,630
002210000111000022200001110010222002021100,1,L,631
002210000111000022200001110010222002021110,2,W,632
000000000000000000000000000000000000000000,1,W,633
000000000000000000000000000000000000001000,2,L,634
000000000000000000000000000000020000001000,1,W,635
000000000000000000000000000000020000001001,2,L,636
000000000000000000000000200000020000001001,1,W,637
000000000000000000000000200000020000011001,2,L,638
000000000000000000000000200000020000011201,1,W,639
000000000000000000000000200000020000011211,2,L,640
000000000000000000000000200000020002011211,1,W,641
000000000000000001000000200000020002011211,2,L,642
000000000000000001000000200000020002211211,1,W,643
000000000010000001000000200000020002211211,2,L,644
000200000010000001000000200000020002211211,1,W,645
000200000010000001000000200000021002211211,2,L,646
000200000010000001000000220000021002211211,1,W,647
000200000010000001100000220000021002211211,2,L,648
000200000012000001100000220000021002211211,1,W,649
000210000012000001100000220000021002211211,2,L,650
000210000012000001100000220000221002211211,1,W,651
000210000012000001100001220000221002211211,2,L,652
000210000012000001100001220020221002211211,1,W,653
000210000012000011100001220020221002211211,2,L,654
000210000012000011100001220022221002211211,1,W,655
000210000112000011100001220022221002211211,2,L,656
002210000112000011100001220022221002211211,1,W,657
000000000000000000000000000000000000000000,1,W,658
000000000000000000000000000000000000000001,2,L,659
000000000000000000000000000000000000002001,1,W,660
000000000000000000000000000000000000012001,2,L,661
000000000000000000000000000000020000012001,1,W,662
000000000000000000000000100000020000012001,2,L,663
000000000000000002000000100000020000012001,1,W,664
000000000010000002000000100000020000012001,2,L,665
000000000010000002000000100000220000012001,1,W,666
000100000010000002000000100000220000012001,2,L,667
000100000010000002000000100000220000012201,1,W,668
000100000010000002000000100000221000012201,2,L,669
000100000010000002000000120000221000012201,1,W,670
000100000010000002000000120000221000012211,2,L,671
000100000010000002000000120000221200012211,1,W,672
000100000010000002000000121000221200012211,2,L,673
000100000010000002000002121000221200012211,1,W,674
000100000010000002000002121000221210012211,2,L,675
000100000010000002020002121000221210012211,1,W,676
000100000010100002020002121000221210012211,2,L,677
000102000010100002020002121000221210012211,1,W,678
000000000000000000000000000000000000000000,1,L,679
000000000000000000000000000000000000001000,2,W,680
000000000000000000000000000000020000001000,1,L,681
000000000000000000000000100000020000001000,2,W,682
000000000000000000000000100000020000021000,1,L,683
000000000000000001000000100000020000021000,2,W,684
000000000020000001000000100000020000021000,1,L,685
000100000020000001000000100000020000021000,2,W,686
000100000020000001000000100000020000021200,1,L,687
000100000020000001000000100000021000021200,2,W,688
000100000020000001000000120000021000021200,1,L,689
000100000020000001000000120000021000021210,2,W,690
000100000020000001200000120000021000021210,1,L,691
000100000020000001200000120000121000021210,2,W,692
000100000022000001200000120000121000021210,1,L,693
000100000022000001200000120000121100021210,2,W,694
000000000000000000000000000000000000000000,1,W,695
000000000000000000000000000000000000010000,2,L,696
000000000000000000000000000000000000012000,1,W,697
000000000000000000000000000000000001012000,2,L,698
000000000000000000000000000000200001012000,1,W,699
000000000000000000000000000000210001012000,2,L,700
000000000000000000000000200000210001012000,1,W,701
000000000000000001000000200000210001012000,2,L,702
000000000000000001000000200000210001012002,1,W,703
000000000000000001000001200000210001012002,2,L,704
000000000020000001000001200000210001012002,1,W,705
000000000020000001000001200010210001012002,2,L,706
000200000020000001000001200010210001012002,1,W,707
000200000020000011000001200010210001012002,2,L,708
000200000020000011000001200010210001012202,1,W,709
000200000020000011000001200010211001012202,2,L,710
000200000020000011000001200010211021012202,1,W,711
000200000020000011000001210010211021012202,2,L,712
000200000020000011000001210010211021012222,1,W,713
000200000020000011000001210010211121012222,2,L,714
000200000020000011000001212010211121012222,1,W,715
000000000000000000000000000000000000000000,1,L,716
000000000000000000000000000000000000001000,2,W,717
000000000000000000000000000000020000001000,1,L,718
000000000000000000000000100000020000001000,2,W,719
000000000000000002000000100000020000001000,1,L,720
000000000000000002000000100000020001001000,2,W,721
000000000020000002000000100000020001001000,1,L,722
000100000020000002000000100000020001001000,2,W,723
000100000020000002000000100000020001201000,1,L,724
000100000020000002000000100000020001201100,2,W,725
000100000020000002000000100000022001201100,1,L,726
000100000020000002000000110000022001201100,2,W,727
000100000020000002200000110000022001201100,1,L,728
000100000020000002200000110000022001201101,2,W,729
000100000022000002200000110000022001201101,1,L,730
000110000022000002200000110000022001201101,2,W,731
000110000022000002200000110000022001221101,1,L,732
000110000022000002200000110000022001221111,2,W,733
000110000022000002200000110000222001221111,1,L,734
000110000022000002200000110000222101221111,2,W,735
000110000022000002200002110000222101221111,1,L,736
000110000022000002200002110010222101221111,2,W,737
000110000022000002200002112010222101221111,1,L,738
000110000022000002210002112010222101221111,2,W,739
000110000022200002210002112010222101221111,1,L,740
000111000022200002210002112010222101221111,2,W,741
000000000000000000000000000000000000000000,1,L,742
000000000000000000000000000000000000001000,2,W,743
000000000000000000000000000000020000001000,1,L,744
000000000000000000000000100000020000001000,2,W,745
000000000000000002000000100000020000001000,1,L,746
000000000000000002000000100000020000001001,2,W,747
000000000020000002000000100000020000001001,1,L,748
000000000020000002000000100000020000101001,2,W,749
000200000020000002000000100000020000101001,1,L,750
000200000020000002000000100000020010101001,2,W,751
000200000020000002000000100000020010101021,1,L,752
000200000020000002000000100000020010101121,2,W,753
000200000020000002000000100200020010101121,1,L,754
000200000020000002000000100200020110101121,2,W,755
000200000020000002002000100200020110101121,1,L,756
000200000020000002002000100200021110101121,2,W,757
000200000020020002002000100200021110101121,1,L,758
000200100020020002002000100200021110101121,2,W,759
000200100020020002002000120200021110101121,1,L,760
000200100020020002102000120200021110101121,2,W,761
000200100022020002102000120200021110101121,1,L,762
000210100022020002102000120200021110101121,2,W,763
000210100022020002102000120200021110121121,1,L,764
000210100022020002102000120200121110121121,2,W,765
000210100022020002102002120200121110121121,1,L,766
000210100022020002102002121200121110121121,2,W,767
000000000000000000000000000000000000000000,1,W,768
000000000000000000000000000000000000001000,2,L,769
000000000000000000000000000000020000001000,1,W,770
000000000000000000000000100000020000001000,2,L,771
000000000000000002000000100000020000001000,1,W,772
000000000000000002000000100000020000011000,2,L,773
000000000020000002000000100000020000011000,1,W,774
000100000020000002000000100000020000011000,2,L,775
000100000020000002000000100000020000011200,1,W,776
000100000020000002000000100000020000011210,2,L,777
000100000020000002000000100000022000011210,1,W,778
000100000020000002000000100000022100011210,2,L,779
000100000020000002000000100000022100211210,1,W,780
000100000020000002000000110000022100211210,2,L,781
000100000020000002200000110000022100211210,1,W,782
000100000021000002200000110000022100211210,2,L,783
000120000021000002200000110000022100211210,1,W,784
000120000021000002200000110001022100211210,2,L,785
000120000021000002200000110001022102211210,1,W,786
000120000021000002200000110011022102211210,2,L,787
000120000021000002200000110011222102211210,1,W,788
000120000021000002200001110011222102211210,2,L,789
000120000021000002200001110011222102211212,1,W,790
000120000021000012200001110011222102211212,2,L,791
000120000221000012200001110011222102211212,1,W,792
001120000221000012200001110011222102211212,2,L,793
001120000221000012200001110011222122211212,1,W,794
000000000000000000000000000000000000000000,1,L,795
000000000000000000000000000000000000001000,2,W,796
000000000000000000000000000000020000001000,1,L,797
000000000000000000000000000000020000001100,2,W,798
000000000000000000000000200000020000001100,1,L,799
000000000000000000000000200000020000101100,2,W,800
000000000000000000000000200000022000101100,1,L,801
000000000000000001000000200000022000101100,2,W,802
000000000020000001000000200000022000101100,1,L,803
000100000020000001000000200000022000101100,2,W,804
000100000020000001000000220000022000101100,1,L,805
000100000020000001100000220000022000101100,2,W,806
000100000020000001100000220000022000101120,1,L,807
000100000020000001100000220000022000101121,2,W,808
000100000022000001100000220000022000101121,1,L,809
000100000022000001100000220000022010101121,2,W,810
000120000022000001100000220000022010101121,1,L,811
000120000022000001100000220000022010111121,2,W,812
000120000022000001100000220200022010111121,1,L,813
000120000022000001100000220200122010111121,2,W,814
000120000022000001100002220200122010111121,1,L,815
000120000022000001100002220200122110111121,2,W,816
000000000000000000000000000000000000000000,1,L,817
000000000000000000000000000000000000001000,2,W,818
000000000000000000000000000000000000201000,1,L,819
000000000000000000000000000000010000201000,2,W,820
000000000000000000000000000000010000201002,1,L,821
000000000000000000000000000000010000211002,2,W,822
000000000000000000000000000000010000211202,1,L,823
000000000000000000000000000000011000211202,2,W,824
000000000000000000000000000002011000211202,1,L,825
000000000000000000000000010002011000211202,2,W,826
000000000000000000000000210002011000211202,1,L,827
000000000000000000100000210002011000211202,2,W,828
000000000002000000100000210002011000211202,1,L,829
000010000002000000100000210002011000211202,2,W,830
000010000002000002100000210002011000211202,1,L,831
000010000002000002100000210002011000211212,2,W,832
000010000022000002100000210002011000211212,1,L,833
000010000022000002100000210002011100211212,2,W,834
000000000000000000000000000000000000000000,1,L,835
000000000000000000000000000000000000000100,2,W,836
000000000000000000000000000000000000020100,1,L,837
000000000000000000000000000000000000021100,2,W,838
000000000000000000000000000000000000021102,1,L,839
000000000000000000000000000000000000021112,2,W,840
000000000000000000000000000000000200021112,1,L,841
000000000000000000000000001000000200021112,2,W,842
000000000000000000020000001000000200021112,1,L,843
000000000000000000020000001000000210021112,2,W,844
000000000000200000020000001000000210021112,1,L,845
000000000000200000020000001000001210021112,2,W,846
000002000000200000020000001000001210021112,1,L,847
000002000000200000020000001000101210021112,2,W,848
000002000000200000020000001000101210221112,1,L,849
000002000000200000020000011000101210221112,2,W,850
000002000000200000220000011000101210221112,1,L,851
000002000001200000220000011000101210221112,2,W,852
000022000001200000220000011000101210221112,1,L,853
000022000001200000220000011000111210221112,2,W,854
000022000001200000220000211000111210221112,1,L,855
000022000001200000220000211100111210221112,2,W,856
000022000001200000220000211102111210221112,1,L,857
000022000001200001220000211102111210221112,2,W,858
000022000001200001220020211102111210221112,1,L,859
000022000011200001220020211102111210221112,2,W,860
000022000011200001222020211102111210221112,1,L,861
000122000011200001222020211102111210221112,2,W,862
000122000011220001222020211102111210221112,1,L,863
000122000011220001222020211102111211221112,2,W,864
000122000011220001222022211102111211221112,1,L,865
000122100011220001222022211102111211221112,2,W,866
000122100011220001222022211122111211221112,1,L,867
000122100011220011222022211122111211221112,2,W,868
000122100211220011222022211122111211221112,1,L,869
001122100211220011222022211122111211221112,2,W,870
000000000000000000000000000000000000000000,1,W,871
000000000000000000000000000000000000000100,2,L,872
000000000000000000000000000000000000002100,1,W,873
000000000000000000000000000000010000002100,2,L,874
000000000000000000000000200000010000002100,1,W,875
000000000000000000000000200000011000002100,2,L,876
000000000000000002000000200000011000002100,1,W,877
000000000010000002000000200000011000002100,2,L,878
000200000010000002000000200000011000002100,1,W,879
000200000010000002000000210000011000002100,2,L,880
000200000010000002000000210000011000002102,1,W,881
000000000000000000000000000000000000000000,1,L,882
000000000000000000000000000000000000001000,2,W,883
000000000000000000000000000000020000001000,1,L,884
000000000000000000000000000000020001001000,2,W,885
000000000000000000000000000020020001001000,1,L,886
000000000000000000000000100020020001001000,2,W,887
000000000000000000000200100020020001001000,1,L,888
000000000000000001000200100020020001001000,2,W,889
000000000020000001000200100020020001001000,1,L,890
000100000020000001000200100020020001001000,2,W,891
000100000020002001000200100020020001001000,1,L,892
000100010020002001000200100020020001001000,2,W,893
000100010020002001000200100020020001001200,1,L,894
000100010020002001000200100020021001001200,2,W,895
000100010020002001000200120020021001001200,1,L,896
100100010020002001000200120020021001001200,2,W,897
100100010020002001200200120020021001001200,1,L,898
100100010021002001200200120020021001001200,2,W,899
100100010021002001200200120020021001001202,1,L,900
100110010021002001200200120020021001001202,2,W,901
100110010021002001200200120020021001021202,1,L,902
100110010021002001200200120020021001121202,2,W,903
100110010021002001200200120020221001121202,1,L,904
100110010021002001200200120020221001121212,2,W,905
100110010021002001200202120020221001121212,1,L,906
100110010021002001200202120020221101121212,2,W,907
000000000000000000000000000000000000000000,1,L,908
000000000000000000000000000000000001000000,2,W,909
000000000000000000000000000000000001002000,1,L,910
000000000000000000000000000000010001002000,2,W,911
000000000000000000000000000020010001002000,1,L,912
000000000000000000000000100020010001002000,2,W,913
000000000000000002000000100020010001002000,1,L,914
000000000000000002000000100020010001102000,2,W,915
000000000020000002000000100020010001102000,1,L,916
000100000020000002000000100020010001102000,2,W,917
000100000020000002000000100020010001102020,1,L,918
000100000020000002000000100020010001102120,2,W,919
000100000020000002000000100022010001102120,1,L,920
000100000020000002000000100022010001102121,2,W,921
000100000020000002000000100022012001102121,1,L,922
000100000020000002000000100022012101102121,2,W,923
000100000020000002000000120022012101102121,1,L,924
000100000020000002000000120022012111102121,2,W,925
000100000020000002200000120022012111102121,1,L,926
000100000020000002200000120122012111102121,2,W,927
000000000000000000000000000000000000000000,1,L,928
000000000000000000000000000000000000001000,2,W,929
000000000000000000000000000000020000001000,1,L,930
000000000000000000000000100000020000001000,2,W,931
000000000000000002000000100000020000001000,1,L,932
000000000010000002000000100000020000001000,2,W,933
000200000010000002000000100000020000001000,1,L,934
000200000010000002000000100000020000001100,2,W,935
000200000010000002000000100000022000001100,1,L,936
000200000010000002000000100000022000001110,2,W,937
000200000010000002000000100000022000001112,1,L,938
000200000010000002000000110000022000001112,2,W,939
000200000010000002000000110000022020001112,1,L,940
000200000010000002100000110000022020001112,2,W,941
000200000010000002100000110200022020001112,1,L,942
000200000011000002100000110200022020001112,2,W,943
000000000000000000000000000000000000000000,1,W,944
000000000000000000000000000000000000001000,2,L,945
000000000000000000000000000000020000001000,1,W,946
000000000000000000000000100000020000001000,2,L,947
000000000000000002000000100000020000001000,1,W,948
000000000010000002000000100000020000001000,2,L,949
000200000010000002000000100000020000001000,1,W,950
000200000010000002000000100000020000001100,2,L,951
000200000010000002000000100000022000001100,1,W,952
000200000010000002000000110000022000001100,2,L,953
000200000010000002200000110000022000001100,1,W,954
000200000011000002200000110000022000001100,2,L,955
000220000011000002200000110000022000001100,1,W,956
000220000011000002200000110000022000011100,2,L,957
000220000011000002200000110000022000011120,1,W,958
000220000011000002200000110000122000011120,2,L,959
000220000011000002200000110000122200011120,1,W,960
000220000011000002200001110000122200011120,2,L,961
000220000011000002200001112000122200011120,1,W,962
000000000000000000000000000000000000000000,1,W,963
000000000000000000000000000000000000001000,2,L,964
000000000000000000000000000000020000001000,1,W,965
000000000000000000000000100000020000001000,2,L,966
000000000000000002000000100000020000001000,1,W,967
000000000000000002000000100000020000001100,2,L,968
000000000000000002000000100000020000021100,1,W,969
000000000000000002000000100000020000021110,2,L,970
000000000000000002000000100000020200021110,1,W,971
000000000000000002000000101000020200021110,2,L,972
000000000000000002020000101000020200021110,1,W,973
000000000000000002020000101000020200121110,2,L,974
000000000000000002020000101000020200121112,1,W,975
000000000000000002020000101000021200121112,2,L,976
000000000000000002020000121000021200121112,1,W,977
000000000000000002020000121000021201121112,2,L,978
000000000020000002020000121000021201121112,1,W,979
000000000020000002020000121001021201121112,2,L,980
000200000020000002020000121001021201121112,1,W,981
000200000020000002020000121011021201121112,2,L,982
000200000020000002020000121011221201121112,1,W,983
000200000020000002020001121011221201121112,2,L,984
000200000020000002020021121011221201121112,1,W,985
000000000000000000000000000000000000000000,1,W,986
000000000000000000000000000000000000100000,2,L,987
000000000000000000000000000000000000102000,1,W,988
000000000000000000000000000000010000102000,2,L,989
000000000000000000000000200000010000102000,1,W,990
000000000000000001000000200000010000102000,2,L,991
000000000020000001000000200000010000102000,1,W,992
000100000020000001000000200000010000102000,2,L,993
000100000020000001000000200000010000102020,1,W,994
000100000020000001000000200000010001102020,2,L,995
000100000020000001000000200000010201102020,1,W,996
000100000020000001000000200000010201102120,2,L,997
000100000020000001000000200000012201102120,1,W,998
000100000020000001000000210000012201102120,2,L,999
000100000020000001200000210000012201102120,1,W,1000
000100000020000001200000210000012201102121,2,L,1001
000100000022000001200000210000012201102121,1,W,1002
000100000022000001200000210000012211102121,2,L,1003
000120000022000001200000210000012211102121,1,W,1004
000120000022000001200000210100012211102121,2,L,1005
000120000022000001200000210100012211122121,1,W,1006
000120000022000001200000210110012211122121,2,L,1007
000120000022000001200000210112012211122121,1,W,1008
000000000000000000000000000000000000000000,1,L,1009
000000000000000000000000000000000001000000,2,W,1010
000000000000000000000000000000000001002000,1,L,1011
000000000000000000000000000000010001002000,2,W,1012
000000000000000000000000200000010001002000,1,L,1013
000000000000000001000000200000010001002000,2,W,1014
000000000020000001000000200000010001002000,1,L,1015
000100000020000001000000200000010001002000,2,W,1016
000100000020000001000000200000010001002200,1,L,1017
000100000020000001000000200000011001002200,2,W,1018
000100000020000001000000220000011001002200,1,L,1019
000100000020000001100000220000011001002200,2,W,1020
000100000022000001100000220000011001002200,1,L,1021
000110000022000001100000220000011001002200,2,W,1022
000110000022000001100000220000011001022200,1,L,1023
000110000022000001100000220000011001022210,2,W,1024
000110000022000001100000220000011201022210,1,L,1025
000110000022000001100000221000011201022210,2,W,1026
000110000022000001100000221000211201022210,1,L,1027
000110000022000001110000221000211201022210,2,W,1028
000000000000000000000000000000000000000000,1,W,1029
000000000000000000000000000000000000001000,2,L,1030
000000000000000000000000000000020000001000,1,W,1031
000000000000000000000000100000020000001000,2,L,1032
000000000000000002000000100000020000001000,1,W,1033
000000000000000002000000100000020000001100,2,L,1034
000000000020000002000000100000020000001100,1,W,1035
000000000020000002000000100000021000001100,2,L,1036
000200000020000002000000100000021000001100,1,W,1037
000200000020000002000000110000021000001100,2,L,1038
000200000020000002200000110000021000001100,1,W,1039
000200000021000002200000110000021000001100,2,L,1040
000220000021000002200000110000021000001100,1,W,1041
000220000021000002200000110000021000011100,2,L,1042
000220000021000002200000110000021002011100,1,W,1043
000220000021000002200000110000121002011100,2,L,1044
000220000021000002200000110000121002011120,1,W,1045
000220000021000002200001110000121002011120,2,L,1046
000220000021000002200001110000121202011120,1,W,1047
000000000000000000000000000000000000000000,1,L,1048
000000000000000000000000000000000000100000,2,W,1049
000000000000000000000000000000000000102000,1,L,1050
000000000000000000000000000000000000102100,2,W,1051
000000000000000000000000000000020000102100,1,L,1052
000000000000000000000000100000020000102100,2,W,1053
000000000000000002000000100000020000102100,1,L,1054
000000000000000002000000100000020000112100,2,W,1055
000000000000000002000000100000220000112100,1,L,1056
000000000000000002000000100000221000112100,2,W,1057
000000000000000002000000120000221000112100,1,L,1058
000000000000000002100000120000221000112100,2,W,1059
000000000000000002100000120002221000112100,1,L,1060
000000000001000002100000120002221000112100,2,W,1061
000020000001000002100000120002221000112100,1,L,1062
000020000011000002100000120002221000112100,2,W,1063
000020000011000002100000120002221000112120,1,L,1064
000120000011000002100000120002221000112120,2,W,1065
000120000011000002100000120002221200112120,1,L,1066
000120000011000002100001120002221200112120,2,W,1067
000120000011000002100001122002221200112120,1,L,1068
000120000011000012100001122002221200112120,2,W,1069
000000000000000000000000000000000000000000,1,W,1070
000000000000000000000000000000000000001000,2,L,1071
000000000000000000000000000000020000001000,1,W,1072
000000000000000000000000100000020000001000,2,L,1073
000000000000000002000000100000020000001000,1,W,1074
000000000000000002000000100000020000011000,2,L,1075
000000000020000002000000100000020000011000,1,W,1076
000000000020000002000000100000020000111000,2,L,1077
000000000020000002000000100000020000111200,1,W,1078
000100000020000002000000100000020000111200,2,L,1079
000100000020000002000000100000220000111200,1,W,1080
000100000020000002000000100000221000111200,2,L,1081
000100000020000002000000120000221000111200,1,W,1082
000100000020000002100000120000221000111200,2,L,1083
000100000022000002100000120000221000111200,1,W,1084
000110000022000002100000120000221000111200,2,L,1085
000110000022000002100000120002221000111200,1,W,1086
000110000022000002100000120002221000111210,2,L,1087
000110000022000002100020120002221000111210,1,W,1088
000110000022000002100020120002221100111210,2,L,1089
000110000022000002100020120002221100111212,1,W,1090
000110000022000002100020121002221100111212,2,L,1091
000110000022000002100022121002221100111212,1,W,1092
000000000000000000000000000000000000000000,1,L,1093
000000000000000000000000000000000000001000,2,W,1094
000000000000000000000000000000020000001000,1,L,1095
000000000000000000000000100000020000001000,2,W,1096
000000000000000002000000100000020000001000,1,L,1097
000000000000000002000000100000020001001000,2,W,1098
000000000020000002000000100000020001001000,1,L,1099
000100000020000002000000100000020001001000,2,W,1100
000100000020000002000000100000020001001200,1,L,1101
000100000020000002000000100000021001001200,2,W,1102
000100000020000002000000120000021001001200,1,L,1103
000100000020000002000000120000021001101200,2,W,1104
000100000020000002200000120000021001101200,1,L,1105
000100000021000002200000120000021001101200,2,W,1106
000100000021000002200000120000021001101220,1,L,1107
000100000021000002200000120000021001101221,2,W,1108
000120000021000002200000120000021001101221,1,L,1109
000120000021000002200000120000021001111221,2,W,1110
000120000021000002200000120000221001111221,1,L,1111
000120000021000002200000120001221001111221,2,W,1112
000120000021000002200002120001221001111221,1,L,1113
000120000021000012200002120001221001111221,2,W,1114
000120000021000012200022120001221001111221,1,L,1115
000120000021000012200022120001221101111221,2,W,1116
000000000000000000000000000000000000000000,1,W,1117
000000000000000000000000000000000000001000,2,L,1118
000000000000000000000000000000020000001000,1,W,1119
000000000000000000000000000000020001001000,2,L,1120
000000000000000000000000200000020001001000,1,W,1121
000000000000000001000000200000020001001000,2,L,1122
000000000000000001000000200020020001001000,1,W,1123
000000000010000001000000200020020001001000,2,L,1124
000200000010000001000000200020020001001000,1,W,1125
000200000010000001000000200020020001011000,2,L,1126
000200000010000001000000200020020001011020,1,W,1127
000200000010000001000000200020020001011120,2,L,1128
000200000010000001000000200020020001211120,1,W,1129
000200000010000001000000200020021001211120,2,L,1130
000200000010000001000000220020021001211120,1,W,1131
000200000010000001100000220020021001211120,2,L,1132
000200000012000001100000220020021001211120,1,W,1133
000210000012000001100000220020021001211120,2,L,1134
000210000012000001100000220020221001211120,1,W,1135
000210000012000001100000220020221101211120,2,L,1136
000210000012000001100002220020221101211120,1,W,1137
000210000012000011100002220020221101211120,2,L,1138
000210000212000011100002220020221101211120,1,W,1139
000210000212000011100002220020221101211121,2,L,1140
002210000212000011100002220020221101211121,1,W,1141
002210000212000011100002221020221101211121,2,L,1142
002210000212000011120002221020221101211121,1,W,1143
000000000000000000000000000000000000000000,1,W,1144
000000000000000000000000000000000000100000,2,L,1145
000000000000000000000000000000000002100000,1,W,1146
000000000000000000000000000000000002101000,2,L,1147
000000000000000000000000000000020002101000,1,W,1148
000000000000000000000000100000020002101000,2,L,1149
000000000000000002000000100000020002101000,1,W,1150
000000000010000002000000100000020002101000,2,L,1151
000200000010000002000000100000020002101000,1,W,1152
000200000010000002000000100000020002101100,2,L,1153
000200000010000002000000100000022002101100,1,W,1154
000200000010000002000000110000022002101100,2,L,1155
000200000010000002200000110000022002101100,1,W,1156
000200000011000002200000110000022002101100,2,L,1157
000220000011000002200000110000022002101100,1,W,1158
000220000011000002200000110000022002111100,2,L,1159
000220000011000002200000110000022002111120,1,W,1160
000220000011000002200000110000022102111120,2,L,1161
000220000011000002200000112000022102111120,1,W,1162
000220000011000002200000112000122102111120,2,L,1163
000220000011000002220000112000122102111120,1,W,1164
000220000011000002220001112000122102111120,2,L,1165
000220000011200002220001112000122102111120,1,W,1166
000000000000000000000000000000000000000000,1,W,1167
000000000000000000000000000000000000001000,2,L,1168
000000000000000000000000000000020000001000,1,W,1169
000000000000000000000000100000020000001000,2,L,1170
000000000000000000000000100000020000001200,1,W,1171
000000000000000001000000100000020000001200,2,L,1172
000000000020000001000000100000020000001200,1,W,1173
000000000020000001000000100000020000101200,2,L,1174
000200000020000001000000100000020000101200,1,W,1175
000200000020000001000000100000021000101200,2,L,1176
000200000020000001000000100000021000121200,1,W,1177
000200000020000001000000100000021000121210,2,L,1178
000200000020000001000000100000021002121210,1,W,1179
000200000020000001000000110000021002121210,2,L,1180
000200000020000001200000110000021002121210,1,W,1181
000200000020000001200000110000021002121211,2,L,1182
000200000020000001200000110000221002121211,1,W,1183
000200000020000001200000110000221102121211,2,L,1184
000200000022000001200000110000221102121211,1,W,1185
000200000022000001200000110010221102121211,2,L,1186
000200000022000001200000110010221122121211,1,W,1187
000200000022000001200000111010221122121211,2,L,1188
000220000022000001200000111010221122121211,1,W,1189
000000000000000000000000000000000000000000,1,W,1190
000000000000000000000000000000000000000010,2,L,1191
000000000000000000000000000000000000002010,1,W,1192
000000000000000000000000000000000000002011,2,L,1193
000000000000000000000000000000020000002011,1,W,1194
000000000000000000000000100000020000002011,2,L,1195
000000000000000002000000100000020000002011,1,W,1196
000000000000000002000000100000020010002011,2,L,1197
000000000020000002000000100000020010002011,1,W,1198
000100000020000002000000100000020010002011,2,L,1199
000100000020000002000000100000020010002211,1,W,1200
000100000020000002000000100100020010002211,2,L,1201
000100000020000002000000100100020010022211,1,W,1202
000100000020000002000000100100020110022211,2,L,1203
000100000020000002000000100100022110022211,1,W,1204
000100000020000002000000101100022110022211,2,L,1205
000100000020000002000000121100022110022211,1,W,1206
000100000020000002100000121100022110022211,2,L,1207
000100000022000002100000121100022110022211,1,W,1208
000100000022000002100000121100122110022211,2,L,1209
000120000022000002100000121100122110022211,1,W,1210
000120000022000002100000121100122111022211,2,L,1211
000120000022000002100002121100122111022211,1,W,1212
000000000000000000000000000000000000000000,1,W,1213
000000000000000000000000000000000000001000,2,L,1214
000000000000000000000000000000020000001000,1,W,1215
000000000000000000000000000000020001001000,2,L,1216
000000000000000000000000200000020001001000,1,W,1217
000000000000000001000000200000020001001000,2,L,1218
000000000000000001000000200000020001001020,1,W,1219
000000000010000001000000200000020001001020,2,L,1220
000200000010000001000000200000020001001020,1,W,1221
000200000010000001000000200000020001001021,2,L,1222
000200000010000001000000200020020001001021,1,W,1223
000200000010000001000000200020020001001121,2,L,1224
000200000010000001000000200020020021001121,1,W,1225
000200000010000001000000200020021021001121,2,L,1226
000200000010000001000000200020021221001121,1,W,1227
000200000010000001000000210020021221001121,2,L,1228
000200000010000001000000210220021221001121,1,W,1229
000000000000000000000000000000000000000000,1,L,1230
000000000000000000000000000000000000001000,2,W,1231
000000000000000000000000000000000000001200,1,L,1232
000000000000000000000000000000010000001200,2,W,1233
000000000000000000000000200000010000001200,1,L,1234
000000000000000000000000200000010000101200,2,W,1235
000000000000000002000000200000010000101200,1,L,1236
000000000000000002000000200000011000101200,2,W,1237
000000000020000002000000200000011000101200,1,L,1238
000100000020000002000000200000011000101200,2,W,1239
000100000020000002000000220000011000101200,1,L,1240
000100000020000002100000220000011000101200,2,W,1241
000100000022000002100000220000011000101200,1,L,1242
000110000022000002100000220000011000101200,2,W,1243
000110000022000002100000220000011000121200,1,L,1244
000110000022000002100000220000011000121210,2,W,1245
000110000022000002100000220000211000121210,1,L,1246
000110000022000002100000220000211000121211,2,W,1247
000110000022000002100000220000211020121211,1,L,1248
000110000022000002100000220000211120121211,2,W,1249
000110000022000002100002220000211120121211,1,L,1250
000110000022000002100002221000211120121211,2,W,1251
000110000022000002120002221000211120121211,1,L,1252
000110000022100002120002221000211120121211,2,W,1253
000000000000000000000000000000000000000000,1,W,1254
000000000000000000000000000000000000001000,2,L,1255
000000000000000000000000000000020000001000,1,W,1256
000000000000000000000000100000020000001000,2,L,1257
000000000000000002000000100000020000001000,1,W,1258
000000000010000002000000100000020000001000,2,L,1259
000000000010000002000000100000020000001020,1,W,1260
000100000010000002000000100000020000001020,2,L,1261
000100000010000002000000100000020000001220,1,W,1262
000100000010000002000000100000020100001220,2,L,1263
000100000010000002000000100000022100001220,1,W,1264
000100000010000002000000100000022100001221,2,L,1265
000100000010000002000000100000022100021221,1,W,1266
000100000010000002000000101000022100021221,2,L,1267
000100000010000002000000101000022120021221,1,W,1268
000100000010000002010000101000022120021221,2,L,1269
000100000010200002010000101000022120021221,1,W,1270
000100000010200002010000101000122120021221,2,L,1271
000102000010200002010000101000122120021221,1,W,1272
000102000010200002010000111000122120021221,2,L,1273
000102000010200002210000111000122120021221,1,W,1274
000000000000000000000000000000000000000000,1,W,1275
000000000000000000000000000000000000001000,2,L,1276
000000000000000000000000000000020000001000,1,W,1277
000000000000000000000000000000020000101000,2,L,1278
000000000000000000000000200000020000101000,1,W,1279
000000000000000000000000200000020000101100,2,L,1280
000000000000000002000000200000020000101100,1,W,1281
000000000010000002000000200000020000101100,2,L,1282
000200000010000002000000200000020000101100,1,W,1283
000200000010000002000000200000020000111100,2,L,1284
000200000010000002000000200002020000111100,1,W,1285
000200000010000002000000200002021000111100,2,L,1286
000200000010000002000000220002021000111100,1,W,1287
000200000010000002100000220002021000111100,2,L,1288
000200000010000002100000220002221000111100,1,W,1289
000200000011000002100000220002221000111100,2,L,1290
000220000011000002100000220002221000111100,1,W,1291
000220000011000002100001220002221000111100,2,L,1292
000220000011000022100001220002221000111100,1,W,1293
000220000111000022100001220002221000111100,2,L,1294
000220000111000022100001220002221000111120,1,W,1295
001220000111000022100001220002221000111120,2,L,1296
001220000111000022100001220002221000111122,1,W,1297
001220000111000022100001220002221100111122,2,L,1298
001220000111000022100001220002221120111122,1,W,1299
000000000000000000000000000000000000000000,1,W,1300
000000000000000000000000000000000000000010,2,L,1301
000000000000000000000000000000000000002010,1,W,1302
000000000000000000000000000000000000012010,2,L,1303
000000000000000000000000000000020000012010,1,W,1304
000000000000000000000000100000020000012010,2,L,1305
000000000000000002000000100000020000012010,1,W,1306
000000000000000002000000100000020100012010,2,L,1307
000000000020000002000000100000020100012010,1,W,1308
000100000020000002000000100000020100012010,2,L,1309
000100000020000002000000100000020100012210,1,W,1310
000100000020000002000000100000020101012210,2,L,1311
000100000020000002000000100020020101012210,1,W,1312
000100000020000002000000101020020101012210,2,L,1313
000100000020000002000000101020022101012210,1,W,1314
000000000000000000000000000000000000000000,1,L,1315
000000000000000000000000000000000000000100,2,W,1316
000000000000000000000000000000000000002100,1,L,1317
000000000000000000000000000000010000002100,2,W,1318
000000000000000000000000200000010000002100,1,L,1319
000000000000000000000000200000010000102100,2,W,1320
000000000000000002000000200000010000102100,1,L,1321
000000000010000002000000200000010000102100,2,W,1322
000200000010000002000000200000010000102100,1,L,1323
000200000010000002000000200000011000102100,2,W,1324
000200000010000002000000220000011000102100,1,L,1325
000200000010000002100000220000011000102100,2,W,1326
000200000012000002100000220000011000102100,1,L,1327
000210000012000002100000220000011000102100,2,W,1328
000210000012000002100000220000011000122100,1,L,1329
000210000012000002100000220000111000122100,2,W,1330
000210000012000002100002220000111000122100,1,L,1331
000210000012000002100002220000111000122110,2,W,1332
000210000012000002100002220000111200122110,1,L,1333
000210000012000012100002220000111200122110,2,W,1334
000000000000000000000000000000000000000000,1,W,1335
000000000000000000000000000000000000000100,2,L,1336
000000000000000000000000000000000000002100,1,W,1337
000000000000000000000000000000010000002100,2,L,1338
000000000000000000000000200000010000002100,1,W,1339
000000000000000001000000200000010000002100,2,L,1340
000000000000000001000000200000010000002102,1,W,1341
000000000010000001000000200000010000002102,2,L,1342
000000000010000001000000200000010000022102,1,W,1343
000000000010000001000000200000010000022112,2,L,1344
000000000010000001000000200000010000222112,1,W,1345
000000000010000001000000200000011000222112,2,L,1346
000000000010000001000000220000011000222112,1,W,1347
000000000010000001100000220000011000222112,2,L,1348
000000000012000001100000220000011000222112,1,W,1349
000010000012000001100000220000011000222112,2,L,1350
000210000012000001100000220000011000222112,1,W,1351
000210000012000001100000220000111000222112,2,L,1352
000210000012000001100002220000111000222112,1,W,1353
000210000012000011100002220000111000222112,2,L,1354
000210000012000011100002220002111000222112,1,W,1355
000210000112000011100002220002111000222112,2,L,1356
002210000112000011100002220002111000222112,1,W,1357
000000000000000000000000000000000000000000,1,W,1358
000000000000000000000000000000000000001000,2,L,1359
000000000000000000000000000000020000001000,1,W,1360
000000000000000000000000100000020000001000,2,L,1361
000000000000000000000000100000020002001000,1,W,1362
000000000000000000000000100000020002001010,2,L,1363
000000000000000002000000100000020002001010,1,W,1364
000000000010000002000000100000020002001010,2,L,1365
000200000010000002000000100000020002001010,1,W,1366
000200000010000002000000100000020002001110,2,L,1367
000200000010000002000000100000020002001112,1,W,1368
000200000010000002000000100000021002001112,2,L,1369
000200000010000002000000100000021022001112,1,W,1370
000200000010000002000000100010021022001112,2,L,1371
000200000010000002000000100210021022001112,1,W,1372
000200000010000002000000110210021022001112,2,L,1373
000200000010000002200000110210021022001112,1,W,1374
000200000011000002200000110210021022001112,2,L,1375
000200000011000002200000110210021022201112,1,W,1376
000210000011000002200000110210021022201112,2,L,1377
000210000011000002200000110210021022221112,1,W,1378
000210000011000002200000110210121022221112,2,L,1379
000210000011000002200200110210121022221112,1,W,1380
000210000011000002200201110210121022221112,2,L,1381
000210000011000002200201110210121222221112,1,W,1382
000000000000000000000000000000000000000000,1,L,1383
000000000000000000000000000000000000000001,2,W,1384
000000000000000000000000000000000000020001,1,L,1385
000000000000000000000000000000000010020001,2,W,1386
000000000000000000000000000000000010020201,1,L,1387
000000000000000000000000000000000010021201,2,W,1388
000000000000000000000000000200000010021201,1,L,1389
000000000000000000000000000200000010021211,2,W,1390
000000000000000000000000000200000210021211,1,L,1391
000000000000000000000000001200000210021211,2,W,1392
000000000000000000000000001200200210021211,1,L,1393
000000000000000000010000001200200210021211,2,W,1394
000000000000200000010000001200200210021211,1,L,1395
000001000000200000010000001200200210021211,2,W,1396
000001000000200000010000001200220210021211,1,L,1397
000001000000200000011000001200220210021211,2,W,1398
000001000000200000011000201200220210021211,1,L,1399
000001000000210000011000201200220210021211,2,W,1400
000001000000210002011000201200220210021211,1,L,1401
000001100000210002011000201200220210021211,2,W,1402
000000000000000000000000000000000000000000,1,L,1403
000000000000000000000000000000000000001000,2,W,1404
000000000000000000000000000000000000201000,1,L,1405
000000000000000000000000000000000000201100,2,W,1406
000000000000000000000000000000000000201102,1,L,1407
000000000000000000000000000000010000201102,2,W,1408
000000000000000000000000000000010000201122,1,L,1409
000000000000000000000000000000010010201122,2,W,1410
000000000000000000000000000200010010201122,1,L,1411
000000000000000000001000000200010010201122,2,W,1412
000000000000020000001000000200010010201122,1,L,1413
000000100000020000001000000200010010201122,2,W,1414
000000100000020000001000200200010010201122,1,L,1415
000000100000020001001000200200010010201122,2,W,1416
000000100020020001001000200200010010201122,1,L,1417
000100100020020001001000200200010010201122,2,W,1418
000100100020020001001000200200012010201122,1,L,1419
000100100020020001001000210200012010201122,2,W,1420
000100100020020001201000210200012010201122,1,L,1421
000100100020020001201000210200012011201122,2,W,1422
000100100022020001201000210200012011201122,1,L,1423
000110100022020001201000210200012011201122,2,W,1424
000110100022020001201000210200012011221122,1,L,1425
000110100022020001201000210200112011221122,2,W,1426
000110100022020001201002210200112011221122,1,L,1427
000110100022020001201002210200112111221122,2,W,1428
000000000000000000000000000000000000000000,1,W,1429
000000000000000000000000000000000000001000,2,L,1430
000000000000000000000000000000020000001000,1,W,1431
000000000000000000000000000000020000001010,2,L,1432
000000000000000000000000200000020000001010,1,W,1433
000000000000000001000000200000020000001010,2,L,1434
000000000020000001000000200000020000001010,1,W,1435
000100000020000001000000200000020000001010,2,L,1436
000100000020000001000000200000020000001210,1,W,1437
000100000020000001000000200000020000001211,2,L,1438
000100000020000001000000200000022000001211,1,W,1439
000100000020000001000000210000022000001211,2,L,1440
000100000020000001000000210000022000021211,1,W,1441
000100000020000001000000210000022001021211,2,L,1442
000100000020000001200000210000022001021211,1,W,1443
000100000020000001200000210000022101021211,2,L,1444
000100000020000001200000210000222101021211,1,W,1445
000100000020000001200000211000222101021211,2,L,1446
000100000020000001200002211000222101021211,1,W,1447
000000000000000000000000000000000000000000,1,W,1448
000000000000000000000000000000000001000000,2,L,1449
000000000000000000000000000000000001002000,1,W,1450
000000000000000000000000000000010001002000,2,L,1451
000000000000000000000000200000010001002000,1,W,1452
000000000000000001000000200000010001002000,2,L,1453
000000000020000001000000200000010001002000,1,W,1454
000100000020000001000000200000010001002000,2,L,1455
000100000020000001000000200000010001022000,1,W,1456
000100000020000001000000200000010001022100,2,L,1457
000100000020000001000000200000210001022100,1,W,1458
000100000020000001000000200000210001022110,2,L,1459
000100000020000001000000200000212001022110,1,W,1460
000100000020000001000000200000212101022110,2,L,1461
000100000020000001000000220000212101022110,1,W,1462
000100000020000001000000221000212101022110,2,L,1463
000100000020000001200000221000212101022110,1,W,1464
000000000000000000000000000000000000000000,1,L,1465
000000000000000000000000000000000000000010,2,W,1466
000000000000000000000000000000000000002010,1,L,1467
000000000000000000000000000000000000002110,2,W,1468
000000000000000000000000000000000000002112,1,L,1469
000000000000000000000000000000000010002112,2,W,1470
000000000000000000000000000000000210002112,1,L,1471
000000000000000000000000000100000210002112,2,W,1472
000000000000000000002000000100000210002112,1,L,1473
000000000000010000002000000100000210002112,2,W,1474
000000200000010000002000000100000210002112,1,L,1475
000000200000010000002000000100010210002112,2,W,1476
000000200000010000002000200100010210002112,1,L,1477
000000200000010001002000200100010210002112,2,W,1478
000000200000010001002000200100010210202112,1,L,1479
000000200010010001002000200100010210202112,2,W,1480
000200200010010001002000200100010210202112,1,L,1481
000200200010010001002000200100011210202112,2,W,1482
000200200010010001002000220100011210202112,1,L,1483
000200200010010001002000220101011210202112,2,W,1484
000200200010010001202000220101011210202112,1,L,1485
000200200011010001202000220101011210202112,2,W,1486
000220200011010001202000220101011210202112,1,L,1487
000220200011010001202000220101011210212112,2,W,1488
000220200011010001202000222101011210212112,1,L,1489
000220200011010001202000222101111210212112,2,W,1490
000000000000000000000000000000000000000000,1,W,1491
000000000000000000000000000000000000001000,2,L,1492
000000000000000000000000000000020000001000,1,W,1493
000000000000000000000000100000020000001000,2,L,1494
000000000000000002000000100000020000001000,1,W,1495
000000000010000002000000100000020000001000,2,L,1496
000200000010000002000000100000020000001000,1,W,1497
000200000010000002000000100000020000001100,2,L,1498
000200000010000002000000100000022000001100,1,W,1499
000200000010000002000000110000022000001100,2,L,1500
000200000010000002200000110000022000001100,1,W,1501
000200000010000002200000110000022000001110,2,L,1502
000200000010000002200000110000022000001112,1,W,1503
000200000011000002200000110000022000001112,2,L,1504
000200000011000002200000110000022020001112,1,W,1505
000210000011000002200000110000022020001112,2,L,1506
000210000011000002200000110000022020201112,1,W,1507
000000000000000000000000000000000000000000,1,L,1508
000000000000000000000000000000000000001000,2,W,1509
000000000000000000000000000000020000001000,1,L,1510
000000000000000000000000100000020000001000,2,W,1511
000000000000000002000000100000020000001000,1,L,1512
000000000010000002000000100000020000001000,2,W,1513
000200000010000002000000100000020000001000,1,L,1514
000200000010000002000000100000020000001010,2,W,1515
000200000010000002000000100000020000001210,1,L,1516
000200000010000002000000100000021000001210,2,W,1517
000200000010000002000000100000021000001212,1,L,1518
000200000010000002000000100000021001001212,2,W,1519
000200000010000002000000100000021021001212,1,L,1520
000200000010000002000000100010021021001212,2,W,1521
000200000010000002000000100010021021201212,1,L,1522
000200000010000002000100100010021021201212,2,W,1523
000200000010000002000100100210021021201212,1,L,1524
000200000010000002000100110210021021201212,2,W,1525
000000000000000000000000000000000000000000,1,L,1526
000000000000000000000000000000000000001000,2,W,1527
000000000000000000000000000000020000001000,1,L,1528
000000000000000000000000100000020000001000,2,W,1529
000000000000000002000000100000020000001000,1,L,1530
000000000010000002000000100000020000001000,2,W,1531
000200000010000002000000100000020000001000,1,L,1532
000200000010000002000000100000020000001100,2,W,1533
000200000010000002000000100000022000001100,1,L,1534
000200000010000002000000110000022000001100,2,W,1535
000200000010000002200000110000022000001100,1,L,1536
000200000011000002200000110000022000001100,2,W,1537
000220000011000002200000110000022000001100,1,L,1538
000220000011000002200000110000022000011100,2,W,1539
000220000011000002200000110000222000011100,1,L,1540
000220000011000002200001110000222000011100,2,W,1541
000220000011000002200001110000222000011120,1,L,1542
000220000011000012200001110000222000011120,2,W,1543
000000000000000000000000000000000000000000,1,L,1544
000000000000000000000000000000000000000100,2,W,1545
000000000000000000000000000000000000002100,1,L,1546
000000000000000000000000000000010000002100,2,W,1547
000000000000000000000000200000010000002100,1,L,1548
000000000000000000000000200000010001002100,2,W,1549
000000000000000002000000200000010001002100,1,L,1550
000000000010000002000000200000010001002100,2,W,1551
000000000010000002000000200000010001002120,1,L,1552
000000000010000002000000200000010001002121,2,W,1553
000000000010000002000000200000010021002121,1,L,1554
000000000010000002000000200100010021002121,2,W,1555
000000000010000002002000200100010021002121,1,L,1556
000000000010000002002000200100010021012121,2,W,1557
000000000010000002002000200100010221012121,1,L,1558
000000000010000002002000201100010221012121,2,W,1559
000000000010000002022000201100010221012121,1,L,1560
000000000010100002022000201100010221012121,2,W,1561
000002000010100002022000201100010221012121,1,L,1562
000102000010100002022000201100010221012121,2,W,1563
000102000010100002022000201100012221012121,1,L,1564
000102000010100002022000211100012221012121,2,W,1565
000102000010120002022000211100012221012121,1,L,1566
000102000010120002122000211100012221012121,2,W,1567
000102000012120002122000211100012221012121,1,L,1568
000102000012120002122000211100112221012121,2,W,1569
000122000012120002122000211100112221012121,1,L,1570
000122000012120002122001211100112221012121,2,W,1571
000000000000000000000000000000000000000000,1,W,1572
000000000000000000000000000000000000000001,2,L,1573
000000000000000000000000000000000000002001,1,W,1574
000000000000000000000000000000010000002001,2,L,1575
000000000000000000000000200000010000002001,1,W,1576
000000000000000001000000200000010000002001,2,L,1577
000000000000000001000000200000010000002021,1,W,1578
000000000010000001000000200000010000002021,2,L,1579
000200000010000001000000200000010000002021,1,W,1580
000200000010000001000000200000010000002121,2,L,1581
000200000010000001000000200000010020002121,1,W,1582
000200000010000001000000200000011020002121,2,L,1583
000200000010000001000000200200011020002121,1,W,1584
000200000010000001000000210200011020002121,2,L,1585
000200000010000001002000210200011020002121,1,W,1586
000200000010010001002000210200011020002121,2,L,1587
000200200010010001002000210200011020002121,1,W,1588
000000000000000000000000000000000000000000,1,L,1589
000000000000000000000000000000000000000100,2,W,1590
000000000000000000000000000000000000002100,1,L,1591
000000000000000000000000000000010000002100,2,W,1592
000000000000000000000000200000010000002100,1,L,1593
000000000000000001000000200000010000002100,2,W,1594
000000000020000001000000200000010000002100,1,L,1595
000100000020000001000000200000010000002100,2,W,1596
000100000020000001000000200000010000002120,1,L,1597
000100000020000001000000200000010000002121,2,W,1598
000100000020000001000000200000012000002121,1,L,1599
000100000020000001000000210000012000002121,2,W,1600
000100000020000001200000210000012000002121,1,L,1601
000100000020000001200000210000012010002121,2,W,1602
000100000022000001200000210000012010002121,1,L,1603
000100000022000001200000210100012010002121,2,W,1604
000120000022000001200000210100012010002121,1,L,1605
000120000022000001200000210100012010012121,2,W,1606
000120000022000001200000210100212010012121,1,L,1607
000120000022000001200000210100212110012121,2,W,1608
000120000022000001200002210100212110012121,1,L,1609
000120000022000001200002211100212110012121,2,W,1610
000000000000000000000000000000000000000000,1,W,1611
000000000000000000000000000000000001000000,2,L,1612
000000000000000000000000000000000001002000,1,W,1613
000000000000000000000000000000010001002000,2,L,1614
000000000000000000000000200000010001002000,1,W,1615
000000000000000001000000200000010001002000,2,L,1616
000000000000000001000000200020010001002000,1,W,1617
000000000010000001000000200020010001002000,2,L,1618
000200000010000001000000200020010001002000,1,W,1619
000200000010000001000000200020010001002001,2,L,1620
000200000010000001000000200020010001002201,1,W,1621
000200000010000001000000200020010001012201,2,L,1622
000200000010000001000000200020010001212201,1,W,1623
000200000010000001000000200020010001212211,2,L,1624
000200000010000001000000200020012001212211,1,W,1625
000200000010000001000000210020012001212211,2,L,1626
000200000010000001200000210020012001212211,1,W,1627
000200000011000001200000210020012001212211,2,L,1628
000200000011000001200000210020212001212211,1,W,1629
000210000011000001200000210020212001212211,2,L,1630
000210000011000001200000210020212201212211,1,W,1631
000210000011000001200001210020212201212211,2,L,1632
000210000011000001200001212020212201212211,1,W,1633
000000000000000000000000000000000000000000,1,L,1634
000000000000000000000000000000000000001000,2,W,1635
000000000000000000000000000000020000001000,1,L,1636
000000000000000000000000100000020000001000,2,W,1637
000000000000000002000000100000020000001000,1,L,1638
000000000000000002000000100000020001001000,2,W,1639
000000000000000002000000100000020001001200,1,L,1640
000000000010000002000000100000020001001200,2,W,1641
000200000010000002000000100000020001001200,1,L,1642
000200000010000002000000100000021001001200,2,W,1643
000200000010000002000000120000021001001200,1,L,1644
000200000010000002000000120000021001001210,2,W,1645
000200000010000002000000120000021001201210,1,L,1646
000200000010000002100000120000021001201210,2,W,1647
000200000010000002100000120000021001201212,1,L,1648
000200000010000002100000120010021001201212,2,W,1649
000200000010000002100000120010021021201212,1,L,1650
000200000011000002100000120010021021201212,2,W,1651
000200000011000002100000120210021021201212,1,L,1652
000210000011000002100000120210021021201212,2,W,1653
000210000011000002100000120210021021221212,1,L,1654
000210000011000002100000120210121021221212,2,W,1655
000000000000000000000000000000000000000000,1,L,1656
000000000000000000000000000000000000001000,2,W,1657
000000000000000000000000000000020000001000,1,L,1658
000000000000000000000000100000020000001000,2,W,1659
000000000000000002000000100000020000001000,1,L,1660
000000000010000002000000100000020000001000,2,W,1661
000000000010000002000000100000020000001002,1,L,1662
000100000010000002000000100000020000001002,2,W,1663
000100000010000002000000100000020020001002,1,L,1664
000100000010000002000000100000020020001102,2,W,1665
000100000010000002000000100200020020001102,1,L,1666
000100000010000002000000100200021020001102,2,W,1667
000100000010000002000000120200021020001102,1,L,1668
000100000010000002000000120200021021001102,2,W,1669
000100000010000002200000120200021021001102,1,L,1670
000100000010000002200000120200021021001112,2,W,1671
000100000012000002200000120200021021001112,1,L,1672
000100000012000002200000120200021021101112,2,W,1673
000000000000000000000000000000000000000000,1,W,1674
000000000000000000000000000000000000001000,2,L,1675
000000000000000000000000000000020000001000,1,W,1676
000000000000000000000000100000020000001000,2,L,1677
000000000000000002000000100000020000001000,1,W,1678
000000000010000002000000100000020000001000,2,L,1679
000000000010000002000000100000020000001200,1,W,1680
000000000010000002000000100000020000001201,2,L,1681
000200000010000002000000100000020000001201,1,W,1682
000200000010000002000000100000021000001201,2,L,1683
000200000010000002000000120000021000001201,1,W,1684
000200000010000002100000120000021000001201,2,L,1685
000200000012000002100000120000021000001201,1,W,1686
000200000012000002100000120000021000001211,2,L,1687
000200000012000002100000120000021020001211,1,W,1688
000200000012000002100000120100021020001211,2,L,1689
000200000012000002100000120100021020201211,1,W,1690
000210000012000002100000120100021020201211,2,L,1691
000210000012000002100000120100021020221211,1,W,1692
000210000012000002100000120100121020221211,2,L,1693
000210000012000002100002120100121020221211,1,W,1694
000210000012000002100002120100121120221211,2,L,1695
000210000012000002100002122100121120221211,1,W,1696
000000000000000000000000000000000000000000,1,W,1697
000000000000000000000000000000000000001000,2,L,1698
000000000000000000000000000000020000001000,1,W,1699
000000000000000000000000100000020000001000,2,L,1700
000000000000000002000000100000020000001000,1,W,1701
000000000010000002000000100000020000001000,2,L,1702
000200000010000002000000100000020000001000,1,W,1703
000200000010000002000000100000020000001001,2,L,1704
000200000010000002000000100000020000001201,1,W,1705
000200000010000002000000100000020000101201,2,L,1706
000200000010000002000000100000022000101201,1,W,1707
000200000010000002000000110000022000101201,2,L,1708
000200000010000002000000110000022000101221,1,W,1709
000200000010000002100000110000022000101221,2,L,1710
000200000010000002100000110000022020101221,1,W,1711
000200000010000002100000110001022020101221,2,L,1712
000200000010000002100000110201022020101221,1,W,1713
000200000011000002100000110201022020101221,2,L,1714
000200000011000002102000110201022020101221,1,W,1715
000000000000000000000000000000000000000000,1,D,1716
000000000000000000000000000000000000001000,2,D,1717
000000000000000000000000000000000002001000,1,D,1718
000000000000000000000000000000010002001000,2,D,1719
000000000000000000000000200000010002001000,1,D,1720
000000000000000001000000200000010002001000,2,D,1721
000000000020000001000000200000010002001000,1,D,1722
000100000020000001000000200000010002001000,2,D,1723
000100000020000001000000200000010002001002,1,D,1724
000100000020000001000000200000010002001102,2,D,1725
000100000020000001000000200000012002001102,1,D,1726
000100000020000001000000200010012002001102,2,D,1727
000100000020000001000000220010012002001102,1,D,1728
000100000020000001100000220010012002001102,2,D,1729
000100000020000001100000220010012002021102,1,D,1730
000100000020000001100000220010012002021112,2,D,1731
000100000020000001100000220010012202021112,1,D,1732
000100000020000001100000221010012202021112,2,D,1733
000100000020000001120000221010012202021112,1,D,1734
000100000020100001120000221010012202021112,2,D,1735
000100000020100001120000221010012222021112,1,D,1736
000101000020100001120000221010012222021112,2,D,1737
000101000022100001120000221010012222021112,1,D,1738
000101000022100001120000221110012222021112,2,D,1739
000121000022100001120000221110012222021112,1,D,1740
000121000022100001120000221110112222021112,2,D,1741
000121000022100001120200221110112222021112,1,D,1742
000121000022100001120201221110112222021112,2,D,1743
000121000022100001120201221110112222221112,1,D,1744
000121000022100011120201221110112222221112,2,D,1745
000121000222100011120201221110112222221112,1,D,1746
000121000222100011120201221111112222221112,2,D,1747
002121000222100011120201221111112222221112,1,D,1748
002121000222100011120211221111112222221112,2,D,1749
002121000222100211120211221111112222221112,1,D,1750
002121001222100211120211221111112222221112,2,D,1751
022121001222100211120211221111112222221112,1,D,1752
022121001222100211121211221111112222221112,2,D,1753
022121001222120211121211221111112222221112,1,D,1754
022121101222120211121211221111112222221112,2,D,1755
022121101222122211121211221111112222221112,1,D,1756
022121111222122211121211221111112222221112,2,D,1757
000000000000000000000000000000000000000000,1,W,1758
000000000000000000000000000000000000001000,2,L,1759
000000000000000000000000000000000000001200,1,W,1760
000000000000000000000000000000010000001200,2,L,1761
000000000000000000000000200000010000001200,1,W,1762
000000000000000001000000200000010000001200,2,L,1763
000000000020000001000000200000010000001200,1,W,1764
000100000020000001000000200000010000001200,2,L,1765
000100000020000001000000200000012000001200,1,W,1766
000100000020000001000000210000012000001200,2,L,1767
000100000020000001200000210000012000001200,1,W,1768
000100000021000001200000210000012000001200,2,L,1769
000120000021000001200000210000012000001200,1,W,1770
000120000021000001200000210000012000011200,2,L,1771
000120000021000001200000210000012002011200,1,W,1772
000120000021000001200000210000012002011210,2,L,1773
000120000021000001200000210000012202011210,1,W,1774
000120000021000001200000210000012202011211,2,L,1775
000120000021000001200000210000212202011211,1,W,1776
000120000021000001200001210000212202011211,2,L,1777
000120000021000001200001210020212202011211,1,W,1778
000120000021000001200001211020212202011211,2,L,1779
000120000021000021200001211020212202011211,1,W,1780
000000000000000000000000000000000000000000,1,L,1781
000000000000000000000000000000000000000010,2,W,1782
000000000000000000000000000000000000002010,1,L,1783
000000000000000000000000000000010000002010,2,W,1784
000000000000000000000000200000010000002010,1,L,1785
000000000000000000000000200000010001002010,2,W,1786
000000000000000002000000200000010001002010,1,L,1787
000000000000000002000000200000010001012010,2,W,1788
000000000000000002000000200000010001012210,1,L,1789
000000000000000002000000200000010101012210,2,W,1790
000000000000000002000000202000010101012210,1,L,1791
000000000000000002010000202000010101012210,2,W,1792
000000000000200002010000202000010101012210,1,L,1793
000001000000200002010000202000010101012210,2,W,1794
000001000020200002010000202000010101012210,1,L,1795
000001000020200002010000202000010101012211,2,W,1796
000000000000000000000000000000000000000000,1,W,1797
000000000000000000000000000000000000001000,2,L,1798
000000000000000000000000000000020000001000,1,W,1799
000000000000000000000000000000020001001000,2,L,1800
000000000000000000000000000020020001001000,1,W,1801
000000000000000000000000000020020001011000,2,L,1802
000000000000000000000200000020020001011000,1,W,1803
000000000000000000000200000020020001111000,2,L,1804
000000000000000000000200200020020001111000,1,W,1805
000000000000000001000200200020020001111000,2,L,1806
000000000020000001000200200020020001111000,1,W,1807
000000000020000001000200200020020001111001,2,L,1808
000200000020000001000200200020020001111001,1,W,1809
000000000000000000000000000000000000000000,1,W,1810
000000000000000000000000000000000000001000,2,L,1811
000000000000000000000000000000020000001000,1,W,1812
000000000000000000000000000000020000001010,2,L,1813
000000000000000000000000200000020000001010,1,W,1814
000000000000000001000000200000020000001010,2,L,1815
000000000020000001000000200000020000001010,1,W,1816
000000000020000001000000200000020000001110,2,L,1817
000000000020000001000000200000020002001110,1,W,1818
000000000000000000000000000000000000000000,1,W,1819
000000000000000000000000000000000000001000,2,L,1820
000000000000000000000000000000020000001000,1,W,1821
000000000000000000000000100000020000001000,2,L,1822
000000000000000000000000100000020002001000,1,W,1823
000000000000000000000000100000020002001100,2,L,1824
000000000000000002000000100000020002001100,1,W,1825
000000000010000002000000100000020002001100,2,L,1826
000200000010000002000000100000020002001100,1,W,1827
000200000010000002000000100000021002001100,2,L,1828
000200000010000002000000120000021002001100,1,W,1829
000200000010000002100000120000021002001100,2,L,1830
000200000012000002100000120000021002001100,1,W,1831
000210000012000002100000120000021002001100,2,L,1832
000210000012000002100000120000021002021100,1,W,1833
000210000012000002100000120000121002021100,2,L,1834
000210000012000002100002120000121002021100,1,W,1835
000210000012000002100002120000121002021110,2,L,1836
000210000012000002100002120000121002021112,1,W,1837
000210000012000002100002120010121002021112,2,L,1838
000210000012000002100002120010121202021112,1,W,1839
000000000000000000000000000000000000000000,1,W,1840
000000000000000000000000000000000000100000,2,L,1841
000000000000000000000000000000000000100002,1,W,1842
000000000000000000000000000000000000101002,2,L,1843
000000000000000000000000000000000002101002,1,W,1844
000000000000000000000000000010000002101002,2,L,1845
000000000000000000000000000010020002101002,1,W,1846
000000000000000000000000100010020002101002,2,L,1847
000000000000000002000000100010020002101002,1,W,1848
000000000010000002000000100010020002101002,2,L,1849
000200000010000002000000100010020002101002,1,W,1850
000200000010000002000000100010020002101102,2,L,1851
000200000010000002000000100010022002101102,1,W,1852
000200000010000002000000110010022002101102,2,L,1853
000200000010000002000000110012022002101102,1,W,1854
000200000010000002100000110012022002101102,2,L,1855
000200000010000002100000110012022022101102,1,W,1856
000200000011000002100000110012022022101102,2,L,1857
000200000011000002100200110012022022101102,1,W,1858
000000000000000000000000000000000000000000,1,L,1859
000000000000000000000000000000000000001000,2,W,1860
000000000000000000000000000000000000001200,1,L,1861
000000000000000000000000000000010000001200,2,W,1862
000000000000000000000000200000010000001200,1,L,1863
000000000000000001000000200000010000001200,2,W,1864
000000000020000001000000200000010000001200,1,L,1865
000000000020000001000000200000010000101200,2,W,1866
000000000020000001000000200000012000101200,1,L,1867
000100000020000001000000200000012000101200,2,W,1868
000100000020000001000000220000012000101200,1,L,1869
000100000020000001100000220000012000101200,2,W,1870
000100000020000001100000220000012000101220,1,L,1871
000100000020000001100000220000012000101221,2,W,1872
000100000020000001100000220000012002101221,1,L,1873
000100000020000001100000220000012012101221,2,W,1874
000100000020000001100000220200012012101221,1,L,1875
000100000020000001100000220210012012101221,2,W,1876
000100000022000001100000220210012012101221,1,L,1877
000100000022000001101000220210012012101221,2,W,1878
000120000022000001101000220210012012101221,1,L,1879
000120000022000001101000220210012012111221,2,W,1880
000120000022000001101000220212012012111221,1,L,1881
000120000022000001101000220212112012111221,2,W,1882
000120000022000001101002220212112012111221,1,L,1883
000120000022000001101002220212112112111221,2,W,1884
000000000000000000000000000000000000000000,1,L,1885
000000000000000000000000000000000000001000,2,W,1886
000000000000000000000000000000000000001002,1,L,1887
000000000000000000000000000000000010001002,2,W,1888
000000000000000000000000000000020010001002,1,L,1889
000000000000000000000000100000020010001002,2,W,1890
000000000000000000000000100000020012001002,1,L,1891
000000000000000001000000100000020012001002,2,W,1892
000000000020000001000000100000020012001002,1,L,1893
000100000020000001000000100000020012001002,2,W,1894
000100000020000001000000100000020012001202,1,L,1895
000100000020000001000000100000021012001202,2,W,1896
000100000020000001000000120000021012001202,1,L,1897
000100000020000001100000120000021012001202,2,W,1898
000100000022000001100000120000021012001202,1,L,1899
000110000022000001100000120000021012001202,2,W,1900
000110000022000001100000120020021012001202,1,L,1901
000110000022000001100000120020021012011202,2,W,1902
000110000022000001100000120020221012011202,1,L,1903
000110000022000001100000120020221012011212,2,W,1904
000110000022000001100002120020221012011212,1,L,1905
000110000022000001100002120020221112011212,2,W,1906
000110000022000021100002120020221112011212,1,L,1907
000110000022000021100002121020221112011212,2,W,1908
000000000000000000000000000000000000000000,1,W,1909
000000000000000000000000000000000000001000,2,L,1910
000000000000000000000000000000020000001000,1,W,1911
000000000000000000000000100000020000001000,2,L,1912
000000000000000002000000100000020000001000,1,W,1913
000000000010000002000000100000020000001000,2,L,1914
000200000010000002000000100000020000001000,1,W,1915
000200000010000002000000100000020000001100,2,L,1916
000200000010000002000000100000022000001100,1,W,1917
000200000010000002000000110000022000001100,2,L,1918
000200000010000002000000110000022000001120,1,W,1919
000200000010000002000000110000022000101120,2,L,1920
000200000010000002000000110000022000101122,1,W,1921
000200000010000002100000110000022000101122,2,L,1922
000200000010000002100000110000022002101122,1,W,1923
000200000011000002100000110000022002101122,2,L,1924
000200000011000002100000110000022022101122,1,W,1925
000000000000000000000000000000000000000000,1,W,1926
000000000000000000000000000000000000100000,2,L,1927
000000000000000000000000000000000000102000,1,W,1928
000000000000000000000000000000000000102100,2,L,1929
000000000000000000000000000000020000102100,1,W,1930
000000000000000000000000100000020000102100,2,L,1931
000000000000000002000000100000020000102100,1,W,1932
000000000010000002000000100000020000102100,2,L,1933
000200000010000002000000100000020000102100,1,W,1934
000200000010000002000000100000021000102100,2,L,1935
000200000010000002000000100002021000102100,1,W,1936
000200000010000002000000100002021001102100,2,L,1937
000200000010000002000000100002021001122100,1,W,1938
000200000010000002000000110002021001122100,2,L,1939
000200000010000002200000110002021001122100,1,W,1940
000200000011000002200000110002021001122100,2,L,1941
000200000011000002200000110022021001122100,1,W,1942
000210000011000002200000110022021001122100,2,L,1943
000210000011000002200000110022021001122120,1,W,1944
000210000011000002200100110022021001122120,2,L,1945
000210000011000002200100110022221001122120,1,W,1946
000210000011000002200101110022221001122120,2,L,1947
000210000011000002200121110022221001122120,1,W,1948
000210000011000012200121110022221001122120,2,L,1949
000210000011000212200121110022221001122120,1,W,1950
000000000000000000000000000000000000000000,1,W,1951
000000000000000000000000000000000000001000,2,L,1952
000000000000000000000000000000020000001000,1,W,1953
000000000000000000000000100000020000001000,2,L,1954
000000000000000002000000100000020000001000,1,W,1955
000000000000000002000000100000020000001010,2,L,1956
000000000000000002000000100000020000201010,1,W,1957
000000000010000002000000100000020000201010,2,L,1958
000000000010000002000000100002020000201010,1,W,1959
000100000010000002000000100002020000201010,2,L,1960
000100000010000002000000100002020002201010,1,W,1961
000100000010000002000000100002020002201110,2,L,1962
000100000010000002000000100002022002201110,1,W,1963
000000000000000000000000000000000000000000,1,W,1964
000000000000000000000000000000000000000001,2,L,1965
000000000000000000000000000000000000002001,1,W,1966
000000000000000000000000000000010000002001,2,L,1967
000000000000000000000000200000010000002001,1,W,1968
000000000000000001000000200000010000002001,2,L,1969
000000000020000001000000200000010000002001,1,W,1970
000100000020000001000000200000010000002001,2,L,1971
000100000020000001000000200000010000002201,1,W,1972
000100000020000001000000200000011000002201,2,L,1973
000100000020000001000000220000011000002201,1,W,1974
000100000020000001100000220000011000002201,2,L,1975
000100000022000001100000220000011000002201,1,W,1976
000110000022000001100000220000011000002201,2,L,1977
000110000022000001100000220000011002002201,1,W,1978
000110000022000001100000220000011002002211,2,L,1979
000110000022000001100000220000011002022211,1,W,1980
000110000022000001100000220000011102022211,2,L,1981
000110000022000001100000220000211102022211,1,W,1982
000110000022000001100000221000211102022211,2,L,1983
000110000022000001100002221000211102022211,1,W,1984
000000000000000000000000000000000000000000,1,L,1985
000000000000000000000000000000000000100000,2,W,1986
000000000000000000000000000000000000102000,1,L,1987
000000000000000000000000000000010000102000,2,W,1988
000000000000000000000000200000010000102000,1,L,1989
000000000000000000000000200000010001102000,2,W,1990
000000000000000002000000200000010001102000,1,L,1991
000000000000000002000000200000010001112000,2,W,1992
000000000020000002000000200000010001112000,1,L,1993
000000000020000002000000200000010001112010,2,W,1994
000000000000000000000000000000000000000000,1,W,1995
000000000000000000000000000000000000001000,2,L,1996
000000000000000000000000000000020000001000,1,W,1997
000000000000000000000000100000020000001000,2,L,1998
000000000000000002000000100000020000001000,1,W,1999
000000000010000002000000100000020000001000,2,L,2000
000000000010000002000000100000020000201000,1,W,2001
000100000010000002000000100000020000201000,2,L,2002
000100000010000002000000100000020000201200,1,W,2003
000100000010000002000000100000021000201200,2,L,2004
000100000010000002000000120000021000201200,1,W,2005
000100000010000002100000120000021000201200,2,L,2006
000100000010000002100000120000021000201202,1,W,2007
000100000011000002100000120000021000201202,2,L,2008
000120000011000002100000120000021000201202,1,W,2009
000120000011000002100000120000021001201202,2,L,2010
000120000011000002100000120000021001221202,1,W,2011
000120000011000002100000120000021011221202,2,L,2012
000120000011000002100000120000221011221202,1,W,2013
000120000011000002100001120000221011221202,2,L,2014
000120000011000022100001120000221011221202,1,W,2015
000120000111000022100001120000221011221202,2,L,2016
000120000111000022100001120000221011221222,1,W,2017
001120000111000022100001120000221011221222,2,L,2018
001120000111000022100001120002221011221222,1,W,2019
001120000111000022100001120002221111221222,2,L,2020
001120000111000022100021120002221111221222,1,W,2021
000000000000000000000000000000000000000000,1,L,2022
000000000000000000000000000000000000001000,2,W,2023
000000000000000000000000000000020000001000,1,L,2024
000000000000000000000000100000020000001000,2,W,2025
000000000000000002000000100000020000001000,1,L,2026
000000000000000002000000100000020000001100,2,W,2027
000000000020000002000000100000020000001100,1,L,2028
000100000020000002000000100000020000001100,2,W,2029
000100000020000002000000100000022000001100,1,L,2030
000100000020000002000000110000022000001100,2,W,2031
000100000020000002200000110000022000001100,1,L,2032
000100000020000002200000110000022001001100,2,W,2033
000100000022000002200000110000022001001100,1,L,2034
000110000022000002200000110000022001001100,2,W,2035
000110000022000002200000110000022001021100,1,L,2036
000110000022000002200000110000022001021110,2,W,2037
000110000022000002200000110000222001021110,1,L,2038
000110000022000002200000110000222101021110,2,W,2039
000110000022000002200002110000222101021110,1,L,2040
000110000022000002200002111000222101021110,2,W,2041
000110000022000002220002111000222101021110,1,L,2042
000110000022100002220002111000222101021110,2,W,2043
000000000000000000000000000000000000000000,1,W,2044
000000000000000000000000000000000000000100,2,L,2045
000000000000000000000000000000000000002100,1,W,2046
000000000000000000000000000000010000002100,2,L,2047
000000000000000000000000000000010000202100,1,W,2048
000000000000000000000000100000010000202100,2,L,2049
000000000000000002000000100000010000202100,1,W,2050
000000000010000002000000100000010000202100,2,L,2051
000000000010000002000000100000012000202100,1,W,2052
000100000010000002000000100000012000202100,2,L,2053
000100000010000002000000100000012000222100,1,W,2054
000100000010000002000000110000012000222100,2,L,2055
000100000010000002200000110000012000222100,1,W,2056
000100000011000002200000110000012000222100,2,L,2057
000120000011000002200000110000012000222100,1,W,2058
000120000011000002200000110000112000222100,2,L,2059
000120000011000002200002110000112000222100,1,W,2060
000120000011000012200002110000112000222100,2,L,2061
000120000211000012200002110000112000222100,1,W,2062
001120000211000012200002110000112000222100,2,L,2063
001120000211000012200002110000112000222120,1,W,2064
001120000211000012200002110000112100222120,2,L,2065
001120000211000012200002112000112100222120,1,W,2066
001120000211000012210002112000112100222120,2,L,2067
001120000211200012210002112000112100222120,1,W,2068
001121000211200012210002112000112100222120,2,L,2069
001121000211200012210002112002112100222120,1,W,2070
001121000211200012210002112002112101222120,2,L,2071
001121000211200012210022112002112101222120,1,W,2072
001121000211200112210022112002112101222120,2,L,2073
001121002211200112210022112002112101222120,1,W,2074
001121002211200112210022112012112101222120,2,L,2075
021121002211200112210022112012112101222120,1,W,2076
021121002211200112210022112012112101222121,2,L,2077
021121002211200112210022112012112121222121,1,W,2078
000000000000000000000000000000000000000000,1,W,2079
000000000000000000000000000000000000001000,2,L,2080
000000000000000000000000000000020000001000,1,W,2081
000000000000000000000000000000020000001100,2,L,2082
000000000000000000000000000000022000001100,1,W,2083
000000000000000000000000100000022000001100,2,L,2084
000000000000000002000000100000022000001100,1,W,2085
000000000010000002000000100000022000001100,2,L,2086
000200000010000002000000100000022000001100,1,W,2087
000200000010000002000000110000022000001100,2,L,2088
000200000010000002000000110000022000001102,1,W,2089
000200000010000002100000110000022000001102,2,L,2090
000200000012000002100000110000022000001102,1,W,2091
000210000012000002100000110000022000001102,2,L,2092
000210000012000002100000110000022000021102,1,W,2093
000210000012000002100000110000122000021102,2,L,2094
000210000012000002100000110000122000221102,1,W,2095
000210000012000002100001110000122000221102,2,L,2096
000210000012000022100001110000122000221102,1,W,2097
000210000112000022100001110000122000221102,2,L,2098
002210000112000022100001110000122000221102,1,W,2099
002210000112000022100001110000122000221112,2,L,2100
002210000112000022100001110000122200221112,1,W,2101
000000000000000000000000000000000000000000,1,L,2102
000000000000000000000000000000000000001000,2,W,2103
000000000000000000000000000000020000001000,1,L,2104
000000000000000000000000100000020000001000,2,W,2105
000000000000000002000000100000020000001000,1,L,2106
000000000010000002000000100000020000001000,2,W,2107
000200000010000002000000100000020000001000,1,L,2108
000200000010000002000000100000020000001100,2,W,2109
000200000010000002000000100000022000001100,1,L,2110
000200000010000002000000110000022000001100,2,W,2111
000200000010000002200000110000022000001100,1,L,2112
000200000011000002200000110000022000001100,2,W,2113
000200000011000002200000110000022000021100,1,L,2114
000200000011000002200000110000022000021101,2,W,2115
000200000011000002200000110000022020021101,1,L,2116
000210000011000002200000110000022020021101,2,W,2117
000210000011000002200000110000222020021101,1,L,2118
000210000011000002200001110000222020021101,2,W,2119
000210000011000022200001110000222020021101,1,L,2120
000210000111000022200001110000222020021101,2,W,2121
000210000111000022200001110000222020021121,1,L,2122
000210000111000022200001110000222020121121,2,W,2123
000000000000000000000000000000000000000000,1,L,2124
000000000000000000000000000000000000001000,2,W,2125
000000000000000000000000000000020000001000,1,L,2126
000000000000000000000000100000020000001000,2,W,2127
000000000000000002000000100000020000001000,1,L,2128
000000000010000002000000100000020000001000,2,W,2129
000000000010000002000000100000020000021000,1,L,2130
000100000010000002000000100000020000021000,2,W,2131
000100000010000002000000100000020000021200,1,L,2132
000100000010000002000000100000120000021200,2,W,2133
000100000010000002000000100000122000021200,1,L,2134
000100000010000002000000100000122000021210,2,W,2135
000100000010000002000000100000122200021210,1,L,2136
000100000010000002000000100000122201021210,2,W,2137
000100000010000002000000102000122201021210,1,L,2138
000100000010000002000001102000122201021210,2,W,2139
000100000010000002020001102000122201021210,1,L,2140
000100000010100002020001102000122201021210,2,W,2141
000100000010100022020001102000122201021210,1,L,2142
000100000110100022020001102000122201021210,2,W,2143
000102000110100022020001102000122201021210,1,L,2144
000102000110100022020001112000122201021210,2,W,2145
000102000110100022220001112000122201021210,1,L,2146
000102000110100022220001112010122201021210,2,W,2147
002102000110100022220001112010122201021210,1,L,2148
002102000110100022220001112010122201021211,2,W,2149
000000000000000000000000000000000000000000,1,L,2150
000000000000000000000000000000000000001000,2,W,2151
000000000000000000000000000000020000001000,1,L,2152
000000000000000000000000100000020000001000,2,W,2153
000000000000000000000000100000020002001000,1,L,2154
000000000000000001000000100000020002001000,2,W,2155
000000000000000001000000100000020002001002,1,L,2156
000000000010000001000000100000020002001002,2,W,2157
000200000010000001000000100000020002001002,1,L,2158
000200000010000001000000100000020002001012,2,W,2159
000200000010000001000000100000020002001212,1,L,2160
000200000010000001000000100000021002001212,2,W,2161
000200000010000001000000100000021022001212,1,L,2162
000200000010000001000000110000021022001212,2,W,2163
000200000010000001000000110200021022001212,1,L,2164
000200000010000001100000110200021022001212,2,W,2165
000000000000000000000000000000000000000000,1,W,2166
000000000000000000000000000000000000001000,2,L,2167
000000000000000000000000000000020000001000,1,W,2168
000000000000000000000000100000020000001000,2,L,2169
000000000000000002000000100000020000001000,1,W,2170
000000000000000002000000100000020000001100,2,L,2171
000000000020000002000000100000020000001100,1,W,2172
000000000020000002000000100000021000001100,2,L,2173
000200000020000002000000100000021000001100,1,W,2174
000200000020000002000000110000021000001100,2,L,2175
000200000020000002200000110000021000001100,1,W,2176
000200000020000002200000110000021000001101,2,L,2177
000200000022000002200000110000021000001101,1,W,2178
000210000022000002200000110000021000001101,2,L,2179
000210000022000002200000110000021000021101,1,W,2180
000210000022000002200000110000121000021101,2,L,2181
000210000022000002200002110000121000021101,1,W,2182
000210000022000002200002110000121000021111,2,L,2183
000210000022000002200002110000121200021111,1,W,2184
000210000022000002200002111000121200021111,2,L,2185
000210000022000002220002111000121200021111,1,W,2186
000210000022100002220002111000121200021111,2,L,2187
000210000022100002220002111000121202021111,1,W,2188
000000000000000000000000000000000000000000,1,W,2189
000000000000000000000000000000000000001000,2,L,2190
000000000000000000000000000000020000001000,1,W,2191
000000000000000000000000100000020000001000,2,L,2192
000000000000000002000000100000020000001000,1,W,2193
000000000000000002000000100000020000011000,2,L,2194
000000000020000002000000100000020000011000,1,W,2195
000000000020000002000000100000020000011010,2,L,2196
000000000020000002000000100000020000011012,1,W,2197
000000000020000002000000100000020000011112,2,L,2198
000000000020000002000000100000020200011112,1,W,2199
000000000020000002000000101000020200011112,2,L,2200
000000000020000002000000101000220200011112,1,W,2201
000000000020000002010000101000220200011112,2,L,2202
000000000020200002010000101000220200011112,1,W,2203
000001000020200002010000101000220200011112,2,L,2204
000201000020200002010000101000220200011112,1,W,2205
000201000020200002010000101000221200011112,2,L,2206
000201000020200002010000121000221200011112,1,W,2207
000201000020200002010001121000221200011112,2,L,2208
000201000020200002210001121000221200011112,1,W,2209
000000000000000000000000000000000000000000,1,W,2210
000000000000000000000000000000000000001000,2,L,2211
000000000000000000000000000000020000001000,1,W,2212
000000000000000000000000000000020000001001,2,L,2213
000000000000000000000000200000020000001001,1,W,2214
000000000000000000000000200000020000011001,2,L,2215
000000000000000002000000200000020000011001,1,W,2216
000000000010000002000000200000020000011001,2,L,2217
000000000010000002000000200000020000211001,1,W,2218
000000000010000002000000200000020000211101,2,L,2219
000000000010000002000000200000022000211101,1,W,2220
000000000010000002000000210000022000211101,2,L,2221
000000000010000002200000210000022000211101,1,W,2222
000000000011000002200000210000022000211101,2,L,2223
000000000011000002200000210002022000211101,1,W,2224
000100000011000002200000210002022000211101,2,L,2225
000100000011000002200000210002022020211101,1,W,2226
000110000011000002200000210002022020211101,2,L,2227
000110000011000002200000210002222020211101,1,W,2228
000000000000000000000000000000000000000000,1,L,2229
000000000000000000000000000000000000001000,2,W,2230
000000000000000000000000000000020000001000,1,L,2231
000000000000000000000000100000020000001000,2,W,2232
000000000000000000000000100000020000001200,1,L,2233
000000000000000001000000100000020000001200,2,W,2234
000000000020000001000000100000020000001200,1,L,2235
000100000020000001000000100000020000001200,2,W,2236
000100000020000001000000100000022000001200,1,L,2237
000100000020000001000000110000022000001200,2,W,2238
000100000020000001200000110000022000001200,1,L,2239
000100000021000001200000110000022000001200,2,W,2240
000100000021000001200000110000022000001202,1,L,2241
000110000021000001200000110000022000001202,2,W,2242
000110000021000001200000110000022000021202,1,L,2243
000110000021000001200000110000022000021212,2,W,2244
000110000021000001200000110000222000021212,1,L,2245
000110000021000001200000110000222100021212,2,W,2246
000110000021000001200002110000222100021212,1,L,2247
000110000021000001200002111000222100021212,2,W,2248
000000000000000000000000000000000000000000,1,L,2249
000000000000000000000000000000000000001000,2,W,2250
000000000000000000000000000000020000001000,1,L,2251
000000000000000000000000100000020000001000,2,W,2252
000000000000000002000000100000020000001000,1,L,2253
000000000010000002000000100000020000001000,2,W,2254
000200000010000002000000100000020000001000,1,L,2255
000200000010000002000000100000020000001100,2,W,2256
000200000010000002000000100000022000001100,1,L,2257
000200000010000002000000110000022000001100,2,W,2258
000200000010000002200000110000022000001100,1,L,2259
000200000010000002200000110000022000001101,2,W,2260
000200000012000002200000110000022000001101,1,L,2261
000210000012000002200000110000022000001101,2,W,2262
000210000012000002200000110000022000021101,1,L,2263
000210000012000002200000110000122000021101,2,W,2264
000210000012000002200000110000122002021101,1,L,2265
000210000012000002200000110010122002021101,2,W,2266
000210000012000002200002110010122002021101,1,L,2267
000210000012000002200002110010122002021111,2,W,2268
000210000012000002200002110010122202021111,1,L,2269
000210000012000002200002111010122202021111,2,W,2270
000210000012000002220002111010122202021111,1,L,2271
000210000012000012220002111010122202021111,2,W,2272
000210000012000012220002111010122202221111,1,L,2273
000210000012000012220002111010122212221111,2,W,2274
000210000012200012220002111010122212221111,1,L,2275
000210000112200012220002111010122212221111,2,W,2276
000000000000000000000000000000000000000000,1,W,2277
000000000000000000000000000000000000001000,2,L,2278
000000000000000000000000000000000000001002,1,W,2279
000000000000000000000000000000010000001002,2,L,2280
000000000000000000000000200000010000001002,1,W,2281
000000000000000000000000200000010000001012,2,L,2282
000000000000000002000000200000010000001012,1,W,2283
000000000000000002000000200000010000001112,2,L,2284
000000000000000002000000200000010020001112,1,W,2285
000000000000000002000000200100010020001112,2,L,2286
000000000000000002002000200100010020001112,1,W,2287
000000000000010002002000200100010020001112,2,L,2288
000000200000010002002000200100010020001112,1,W,2289
000000200010010002002000200100010020001112,2,L,2290
000200200010010002002000200100010020001112,1,W,2291
000200200010010002002000200100011020001112,2,L,2292
000200200010010002002000220100011020001112,1,W,2293
000200200010010002002000220100011020101112,2,L,2294
000200200010010002202000220100011020101112,1,W,2295
000200200011010002202000220100011020101112,2,L,2296
000220200011010002202000220100011020101112,1,W,2297
000000000000000000000000000000000000000000,1,L,2298
000000000000000000000000000000000000001000,2,W,2299
000000000000000000000000000000020000001000,1,L,2300
000000000000000000000000100000020000001000,2,W,2301
000000000000000000000000100000020002001000,1,L,2302
000000000000000001000000100000020002001000,2,W,2303
000000000000000001000000100000020002021000,1,L,2304
000000000010000001000000100000020002021000,2,W,2305
000200000010000001000000100000020002021000,1,L,2306
000200000010000001000000100010020002021000,2,W,2307
000200000010000001000000100010020002021200,1,L,2308
000200000010000001000000100010021002021200,2,W,2309
000200000010000001000000100010021002021220,1,L,2310
000200000010000001000000110010021002021220,2,W,2311
000200000010000001000000110010021202021220,1,L,2312
000200000010000001100000110010021202021220,2,W,2313
000200000010000001100000112010021202021220,1,L,2314
000200000010000001100000112010021202121220,2,W,2315
000200000012000001100000112010021202121220,1,L,2316
000210000012000001100000112010021202121220,2,W,2317
000210000012000001100000112010021202121222,1,L,2318
000210000012000001100000112010121202121222,2,W,2319
000210000012000001100002112010121202121222,1,L,2320
000210000012000011100002112010121202121222,2,W,2321
000210000012000011100002112012121202121222,1,L,2322
000210000112000011100002112012121202121222,2,W,2323
000210000112000011100022112012121202121222,1,L,2324
000210000112000011100022112012121212121222,2,W,2325
000000000000000000000000000000000000000000,1,W,2326
000000000000000000000000000000000000001000,2,L,2327
000000000000000000000000000000020000001000,1,W,2328
000000000000000000000000100000020000001000,2,L,2329
000000000000000002000000100000020000001000,1,W,2330
000000000010000002000000100000020000001000,2,L,2331
000200000010000002000000100000020000001000,1,W,2332
000200000010000002000000100000020000001100,2,L,2333
000200000010000002000000100000022000001100,1,W,2334
000200000010000002000000110000022000001100,2,L,2335
000200000010000002000000110000022002001100,1,W,2336
000200000010000002100000110000022002001100,2,L,2337
000200000010000002100000110000022002001120,1,W,2338
000200000011000002100000110000022002001120,2,L,2339
000200000011000002100000110000022002001122,1,W,2340
000000000000000000000000000000000000000000,1,L,2341
000000000000000000000000000000000000001000,2,W,2342
000000000000000000000000000000020000001000,1,L,2343
000000000000000000000000000000020000001010,2,W,2344
000000000000000000000000200000020000001010,1,L,2345
000000000000000001000000200000020000001010,2,W,2346
000000000020000001000000200000020000001010,1,L,2347
000100000020000001000000200000020000001010,2,W,2348
000100000020000001000000200000020000001012,1,L,2349
000100000020000001000000200000020000101012,2,W,2350
000100000020000001000000200000020000101212,1,L,2351
000100000020000001000000200000020010101212,2,W,2352
000100000020000001000000200000020010121212,1,L,2353
000100000020000001000000200000020110121212,2,W,2354
000100000020000001000000200000022110121212,1,L,2355
000100000020000001000000210000022110121212,2,W,2356
000100000020000001000000210000222110121212,1,L,2357
000100000020000001100000210000222110121212,2,W,2358
000100000020000001100002210000222110121212,1,L,2359
000100000020000001100002210001222110121212,2,W,2360
000000000000000000000000000000000000000000,1,W,2361
000000000000000000000000000000000000001000,2,L,2362
000000000000000000000000000000020000001000,1,W,2363
000000000000000000000000100000020000001000,2,L,2364
000000000000000002000000100000020000001000,1,W,2365
000000000010000002000000100000020000001000,2,L,2366
000200000010000002000000100000020000001000,1,W,2367
000200000010000002000000100000020000001100,2,L,2368
000200000010000002000000100000022000001100,1,W,2369
000200000010000002000000100000022000001101,2,L,2370
000200000010000002000000120000022000001101,1,W,2371
000200000010000002100000120000022000001101,2,L,2372
000200000012000002100000120000022000001101,1,W,2373
000200000012000002100000120000022000101101,2,L,2374
000220000012000002100000120000022000101101,1,W,2375
000220000012000002100000120000022000111101,2,L,2376
000220000012000002100000120000022020111101,1,W,2377
000220000012000002100000120000122020111101,2,L,2378
000220000012000002100000120000122020111121,1,W,2379
000220000012000002100001120000122020111121,2,L,2380
000220000012000002100001120000122220111121,1,W,2381
000000000000000000000000000000000000000000,1,W,2382
000000000000000000000000000000000000001000,2,L,2383
000000000000000000000000000000000000201000,1,W,2384
000000000000000000000000000000010000201000,2,L,2385
000000000000000000000000000000010000201020,1,W,2386
000000000000000000000000100000010000201020,2,L,2387
000000000000000002000000100000010000201020,1,W,2388
000000000000000002000000100001010000201020,2,L,2389
000000000020000002000000100001010000201020,1,W,2390
000100000020000002000000100001010000201020,2,L,2391
000100000020000002000000100001010000201220,1,W,2392
000100000020000002000000100001010000211220,2,L,2393
000100000020000002000000100001010002211220,1,W,2394
000100000020000002000000100001011002211220,2,L,2395
000100000020000002000000120001011002211220,1,W,2396
000100000020000002100000120001011002211220,2,L,2397
000100000022000002100000120001011002211220,1,W,2398
000110000022000002100000120001011002211220,2,L,2399
000110000022000002100000120001211002211220,1,W,2400
000110000022000002100000120001211102211220,2,L,2401
000110000022000002100000122001211102211220,1,W,2402
000110000022000002100010122001211102211220,2,L,2403
000110000022000002100010122001211102211222,1,W,2404
000110000022000002110010122001211102211222,2,L,2405
000110000022000002110010122001211122211222,1,W,2406
000110000022100002110010122001211122211222,2,L,2407
000110000022100002110012122001211122211222,1,W,2408
000111000022100002110012122001211122211222,2,L,2409
000111000022100022110012122001211122211222,1,W,2410
000111000122100022110012122001211122211222,2,L,2411
002111000122100022110012122001211122211222,1,W,2412
002111000122100022110012122101211122211222,2,L,2413
002111000122100222110012122101211122211222,1,W,2414
002111000122100222111012122101211122211222,2,L,2415
002111002122100222111012122101211122211222,1,W,2416
002111002122110222111012122101211122211222,2,L,2417
022111002122110222111012122101211122211222,1,W,2418
000000000000000000000000000000000000000000,1,L,2419
000000000000000000000000000000000000001000,2,W,2420
000000000000000000000000000000000002001000,1,L,2421
000000000000000000000000000000010002001000,2,W,2422
000000000000000000000000200000010002001000,1,L,2423
000000000000000001000000200000010002001000,2,W,2424
000000000020000001000000200000010002001000,1,L,2425
000100000020000001000000200000010002001000,2,W,2426
000100000020000001000000200000010002201000,1,L,2427
000100000020000001000000200000010002201100,2,W,2428
000100000020000001000000200000012002201100,1,L,2429
000100000020000001000000210000012002201100,2,W,2430
000100000020000001200000210000012002201100,1,L,2431
000100000020000001200000210001012002201100,2,W,2432
000100000022000001200000210001012002201100,1,L,2433
000110000022000001200000210001012002201100,2,W,2434
000110000022000001200000210001012002201120,1,L,2435
000110000022000001200000210001012002201121,2,W,2436
000110000022000001200000210001012002221121,1,L,2437
000110000022000001200000210001012102221121,2,W,2438
000110000022000001200000210001212102221121,1,L,2439
000110000022000001200000211001212102221121,2,W,2440
000110000022000001200002211001212102221121,1,L,2441
000110000022000001210002211001212102221121,2,W,2442
000000000000000000000000000000000000000000,1,L,2443
000000000000000000000000000000000000001000,2,W,2444
000000000000000000000000000000020000001000,1,L,2445
000000000000000000000000100000020000001000,2,W,2446
000000000000000002000000100000020000001000,1,L,2447
000000000010000002000000100000020000001000,2,W,2448
000000000010000002000000100000020000001200,1,L,2449
000100000010000002000000100000020000001200,2,W,2450
000100000010000002000000100000022000001200,1,L,2451
000100000010000002000000100000022000011200,2,W,2452
000100000010000002000000120000022000011200,1,L,2453
000100000010000002000000120000022000011210,2,W,2454
000000000000000000000000000000000000000000,1,W,2455
000000000000000000000000000000000000010000,2,L,2456
000000000000000000000000000000000000012000,1,W,2457
000000000000000000000000000000010000012000,2,L,2458
000000000000000000000000200000010000012000,1,W,2459
000000000000000001000000200000010000012000,2,L,2460
000000000020000001000000200000010000012000,1,W,2461
000000000020000001000000200000110000012000,2,L,2462
000000000020000001000000200000110000212000,1,W,2463
000000000020000001000000200000110000212100,2,L,2464
000000000020000001000000200000112000212100,1,W,2465
000000000020000001000000210000112000212100,2,L,2466
000000000020000001200000210000112000212100,1,W,2467
000000000021000001200000210000112000212100,2,L,2468
000020000021000001200000210000112000212100,1,W,2469
000020000021000001200001210000112000212100,2,L,2470
000220000021000001200001210000112000212100,1,W,2471
000220000021000001200001210000112000212110,2,L,2472
000220000021000001200001210000112200212110,1,W,2473
000000000000000000000000000000000000000000,1,W,2474
000000000000000000000000000000000000000100,2,L,2475
000000000000000000000000000000000000002100,1,W,2476
000000000000000000000000000000010000002100,2,L,2477
000000000000000000000000200000010000002100,1,W,2478
000000000000000001000000200000010000002100,2,L,2479
000000000020000001000000200000010000002100,1,W,2480
000100000020000001000000200000010000002100,2,L,2481
000100000020000001000000200000010000002102,1,W,2482
000100000020000001000000200000011000002102,2,L,2483
000100000020000001000000200000011020002102,1,W,2484
000100000020000001000000210000011020002102,2,L,2485
000100000020000001000000210200011020002102,1,W,2486
000000000000000000000000000000000000000000,1,L,2487
000000000000000000000000000000000000001000,2,W,2488
000000000000000000000000000000020000001000,1,L,2489
000000000000000000000000100000020000001000,2,W,2490
000000000000000000000000100000020000001200,1,L,2491
000000000000000001000000100000020000001200,2,W,2492
000000000020000001000000100000020000001200,1,L,2493
000100000020000001000000100000020000001200,2,W,2494
000100000020000001000000100000022000001200,1,L,2495
000100000020000001000000110000022000001200,2,W,2496
000100000020000001200000110000022000001200,1,L,2497
000100000021000001200000110000022000001200,2,W,2498
000120000021000001200000110000022000001200,1,L,2499
000120000021000001200000110000022000011200,2,W,2500
000120000021000001200000110000222000011200,1,L,2501
000120000021000001200000110000222000011201,2,W,2502
000120000021000001200002110000222000011201,1,L,2503
000120000021000011200002110000222000011201,2,W,2504
000120000221000011200002110000222000011201,1,L,2505
000120000221000011200002110000222000011211,2,W,2506
002120000221000011200002110000222000011211,1,L,2507
002120000221000011200002110000222100011211,2,W,2508
000000000000000000000000000000000000000000,1,L,2509
000000000000000000000000000000000000001000,2,W,2510
000000000000000000000000000000020000001000,1,L,2511
000000000000000000000000100000020000001000,2,W,2512
000000000000000002000000100000020000001000,1,L,2513
000000000010000002000000100000020000001000,2,W,2514
000200000010000002000000100000020000001000,1,L,2515
000200000010000002000000100000020000001100,2,W,2516
000200000010000002000000100000022000001100,1,L,2517
000200000010000002000000110000022000001100,2,W,2518
000200000010000002200000110000022000001100,1,L,2519
000200000011000002200000110000022000001100,2,W,2520
000200000011000002200000110000022000001120,1,L,2521
000210000011000002200000110000022000001120,2,W,2522
000210000011000002200000110000022000021120,1,L,2523
000210000011000002200000110000022000021121,2,W,2524
000210000011000002200000110000222000021121,1,L,2525
000210000011000002200001110000222000021121,2,W,2526
000000000000000000000000000000000000000000,1,L,2527
000000000000000000000000000000000000001000,2,W,2528
000000000000000000000000000000020000001000,1,L,2529
000000000000000000000000100000020000001000,2,W,2530
000000000000000002000000100000020000001000,1,L,2531
000000000010000002000000100000020000001000,2,W,2532
000000000010000002000000100000020000021000,1,L,2533
000000000010000002000000100000020000021001,2,W,2534
000200000010000002000000100000020000021001,1,L,2535
000200000010000002000000100000020000021101,2,W,2536
000200000010000002000000100000020000021121,1,L,2537
000200000010000002000000100000021000021121,2,W,2538
000200000010000002000000100000021200021121,1,L,2539
000200000010000002000000110000021200021121,2,W,2540
000200000010000002000000112000021200021121,1,L,2541
000200000010000002000000112000121200021121,2,W,2542
000000000000000000000000000000000000000000,1,L,2543
000000000000000000000000000000000000001000,2,W,2544
000000000000000000000000000000020000001000,1,L,2545
000000000000000000000000000000020000101000,2,W,2546
000000000000000000000000200000020000101000,1,L,2547
000000000000000000000000200000020000111000,2,W,2548
000000000000000000000000200000020000111200,1,L,2549
000000000000000000000000200000021000111200,2,W,2550
000000000000000000000000220000021000111200,1,L,2551
000000000000000000100000220000021000111200,2,W,2552
000000000000000002100000220000021000111200,1,L,2553
000000000001000002100000220000021000111200,2,W,2554
000020000001000002100000220000021000111200,1,L,2555
000020000011000002100000220000021000111200,2,W,2556
000020000011000002100000220000021000111220,1,L,2557
000120000011000002100000220000021000111220,2,W,2558
000120000011000002100000220000221000111220,1,L,2559
000120000011000002100001220000221000111220,2,W,2560
000120000011000002100001220000221200111220,1,L,2561
000120000011000002100001220000221200111221,2,W,2562
000120000011000002100001222000221200111221,1,L,2563
000120000011000002100001222000221210111221,2,W,2564
000000000000000000000000000000000000000000,1,W,2565
000000000000000000000000000000000000001000,2,L,2566
000000000000000000000000000000000000021000,1,W,2567
000000000000000000000000000000000001021000,2,L,2568
000000000000000000000000000000020001021000,1,W,2569
000000000000000000000000100000020001021000,2,L,2570
000000000000000002000000100000020001021000,1,W,2571
000000000000000002000000100000020001121000,2,L,2572
000000000020000002000000100000020001121000,1,W,2573
000100000020000002000000100000020001121000,2,L,2574
000100000020000002000000100000020001121200,1,W,2575
000100000020000002000000100000020001121210,2,L,2576
000100000020000002000000100000022001121210,1,W,2577
000100000020000002000000100000122001121210,2,L,2578
000100000020000002000000100002122001121210,1,W,2579
000100000020000002000000100012122001121210,2,L,2580
000100000020000002000000120012122001121210,1,W,2581
000000000000000000000000000000000000000000,1,W,2582
000000000000000000000000000000000000001000,2,L,2583
000000000000000000000000000000020000001000,1,W,2584
000000000000000000000000100000020000001000,2,L,2585
000000000000000002000000100000020000001000,1,W,2586
000000000010000002000000100000020000001000,2,L,2587
000200000010000002000000100000020000001000,1,W,2588
000200000010000002000000100000020000001100,2,L,2589
000200000010000002000000100000022000001100,1,W,2590
000200000010000002000000110000022000001100,2,L,2591
000200000010000002200000110000022000001100,1,W,2592
000200000011000002200000110000022000001100,2,L,2593
000220000011000002200000110000022000001100,1,W,2594
000220000011000002200000110000022000011100,2,L,2595
000220000011000002200000110000222000011100,1,W,2596
000000000000000000000000000000000000000000,1,W,2597
000000000000000000000000000000000000001000,2,L,2598
000000000000000000000000000000020000001000,1,W,2599
000000000000000000000000100000020000001000,2,L,2600
000000000000000000000000100000020000001002,1,W,2601
000000000000000001000000100000020000001002,2,L,2602
000000000020000001000000100000020000001002,1,W,2603
000100000020000001000000100000020000001002,2,L,2604
000100000020000001000000100000020000001202,1,W,2605
000100000020000001000000100000021000001202,2,L,2606
000100000020000001000000120000021000001202,1,W,2607
000100000020000001100000120000021000001202,2,L,2608
000100000020000001100000120000021000201202,1,W,2609
000100000021000001100000120000021000201202,2,L,2610
000120000021000001100000120000021000201202,1,W,2611
000120000021000001100000120000021000211202,2,L,2612
000120000021000001100000120000221000211202,1,W,2613
000120000021000001100001120000221000211202,2,L,2614
000120000021000001100001120000221000211222,1,W,2615
000120000021000001100001120000221100211222,2,L,2616
000120000021000021100001120000221100211222,1,W,2617
000120000021000021100001121000221100211222,2,L,2618
000120000021000021100001121000221102211222,1,W,2619
000120000021000021100001121000221112211222,2,L,2620
000120000221000021100001121000221112211222,1,W,2621
000120000221000021110001121000221112211222,2,L,2622
000120000221200021110001121000221112211222,1,W,2623
001120000221200021110001121000221112211222,2,L,2624
001122000221200021110001121000221112211222,1,W,2625
000000000000000000000000000000000000000000,1,L,2626
000000000000000000000000000000000000001000,2,W,2627
000000000000000000000000000000020000001000,1,L,2628
000000000000000000000000100000020000001000,2,W,2629
000000000000000002000000100000020000001000,1,L,2630
000000000000000002000000100000020000001100,2,W,2631
000000000020000002000000100000020000001100,1,L,2632
000000000020000002000000100000020000101100,2,W,2633
000200000020000002000000100000020000101100,1,L,2634
000200000020000002000000100000021000101100,2,W,2635
000200000020000002000000120000021000101100,1,L,2636
000200000020000002000000120000021000101101,2,W,2637
000200000020000002200000120000021000101101,1,L,2638
000200000020000002200000120000021010101101,2,W,2639
000200000022000002200000120000021010101101,1,L,2640
000210000022000002200000120000021010101101,2,W,2641
000210000022000002200000120000021012101101,1,L,2642
000210000022000002200000120000021012111101,2,W,2643
000210000022000002200000120200021012111101,1,L,2644
000210000022000002200000120210021012111101,2,W,2645
000210000022000002202000120210021012111101,1,L,2646
000210000022000002202000120210121012111101,2,W,2647
000210000022000002202002120210121012111101,1,L,2648
000210000022000002202002120211121012111101,2,W,2649
000210000022000002202002120211121012111121,1,L,2650
000210000022000002202002120211121112111121,2,W,2651
000210000022000002202002122211121112111121,1,L,2652
000210000022000002202102122211121112111121,2,W,2653
000210000022000022202102122211121112111121,1,L,2654
000210000022010022202102122211121112111121,2,W,2655
000210000222010022202102122211121112111121,1,L,2656
000210100222010022202102122211121112111121,2,W,2657
000210100222012022202102122211121112111121,1,L,2658
000210100222012022202112122211121112111121,2,W,2659
000000000000000000000000000000000000000000,1,W,2660
000000000000000000000000000000000000001000,2,L,2661
000000000000000000000000000000020000001000,1,W,2662
000000000000000000000000100000020000001000,2,L,2663
000000000000000002000000100000020000001000,1,W,2664
000000000010000002000000100000020000001000,2,L,2665
000200000010000002000000100000020000001000,1,W,2666
000200000010000002000000100000020000001100,2,L,2667
000200000010000002000000100000022000001100,1,W,2668
000200000010000002000000110000022000001100,2,L,2669
000200000010000002000000110000022000201100,1,W,2670
000200000010000002100000110000022000201100,2,L,2671
000200000012000002100000110000022000201100,1,W,2672
000200000012000002100000110000022001201100,2,L,2673
000200000012000002100000110002022001201100,1,W,2674
000210000012000002100000110002022001201100,2,L,2675
000210000012000002100000110002022001221100,1,W,2676
000210000012000002100000110002122001221100,2,L,2677
000210000012000002100002110002122001221100,1,W,2678
000210000012000002100002110002122001221110,2,L,2679
000210000012000002100002110002122201221110,1,W,2680
000210000012000012100002110002122201221110,2,L,2681
000210000012000012100002112002122201221110,1,W,2682
000210000112000012100002112002122201221110,2,L,2683
000210000112000012120002112002122201221110,1,W,2684
000000000000000000000000000000000000000000,1,W,2685
000000000000000000000000000000000000000001,2,L,2686
000000000000000000000000000000000000002001,1,W,2687
000000000000000000000000000000000000002101,2,L,2688
000000000000000000000000000000000020002101,1,W,2689
000000000000000000000000000000010020002101,2,L,2690
000000000000000000000000000000010022002101,1,W,2691
000000000000000000000000100000010022002101,2,L,2692
000000000000000000000000100000010022022101,1,W,2693
000000000000000000000000100000010022022111,2,L,2694
000000000000000000000000100000010222022111,1,W,2695
000000000000000000000000101000010222022111,2,L,2696
000000000000000002000000101000010222022111,1,W,2697
000000000000000002000000101000110222022111,2,L,2698
000000000000000002020000101000110222022111,1,W,2699
000000000000100002020000101000110222022111,2,L,2700
000000000000100002020000101000112222022111,1,W,2701
000001000000100002020000101000112222022111,2,L,2702
000001000000100002020000101200112222022111,1,W,2703
000001000000100002021000101200112222022111,2,L,2704
000001000000120002021000101200112222022111,1,W,2705
000001000000120002021000111200112222022111,2,L,2706
000001000020120002021000111200112222022111,1,W,2707
000001100020120002021000111200112222022111,2,L,2708
000001100020120002021002111200112222022111,1,W,2709
000001100020120002021002111200112222122111,2,L,2710
000201100020120002021002111200112222122111,1,W,2711
000000000000000000000000000000000000000000,1,W,2712
000000000000000000000000000000000000001000,2,L,2713
000000000000000000000000000000020000001000,1,W,2714
000000000000000000000000100000020000001000,2,L,2715
000000000000000002000000100000020000001000,1,W,2716
000000000010000002000000100000020000001000,2,L,2717
000200000010000002000000100000020000001000,1,W,2718
000200000010000002000000100000020000001100,2,L,2719
000200000010000002000000100000022000001100,1,W,2720
000200000010000002000000110000022000001100,2,L,2721
000200000010000002000000110000022000021100,1,W,2722
000200000010000002100000110000022000021100,2,L,2723
000200000010000002100000110000022000021120,1,W,2724
000200000011000002100000110000022000021120,2,L,2725
000200000011000002100000110000022200021120,1,W,2726
000000000000000000000000000000000000000000,1,L,2727
000000000000000000000000000000000001000000,2,W,2728
000000000000000000000000000000000001002000,1,L,2729
000000000000000000000000000000000001002010,2,W,2730
000000000000000000000000000020000001002010,1,L,2731
000000000000000000000000000020010001002010,2,W,2732
000000000000000000000000200020010001002010,1,L,2733
000000000000000001000000200020010001002010,2,W,2734
000000000020000001000000200020010001002010,1,L,2735
000100000020000001000000200020010001002010,2,W,2736
000100000020000001000000200020010001002210,1,L,2737
000100000020000001000000200020010001002211,2,W,2738
000100000020000001000000200020012001002211,1,L,2739
000100000020000001000000200020012011002211,2,W,2740
000100000020000001000000220020012011002211,1,L,2741
000100000020000001000000220120012011002211,2,W,2742
000000000000000000000000000000000000000000,1,W,2743
000000000000000000000000000000000000001000,2,L,2744
000000000000000000000000000000020000001000,1,W,2745
000000000000000000000000000000020001001000,2,L,2746
000000000000000000000000000000020001001200,1,W,2747
000000000000000000000000100000020001001200,2,L,2748
000000000000000000000000100000020001021200,1,W,2749
000000000000000000000000100000020001021210,2,L,2750
000000000000000000000000100000020201021210,1,W,2751
000000000000000000000000100000020201121210,2,L,2752
000000000000000000000000100000220201121210,1,W,2753
000000000000000001000000100000220201121210,2,L,2754
000000000000000001000002100000220201121210,1,W,2755
000000000010000001000002100000220201121210,2,L,2756
000200000010000001000002100000220201121210,1,W,2757
000200000010000001000002100000221201121210,2,L,2758
000200000010000001000002120000221201121210,1,W,2759
000200000010000001100002120000221201121210,2,L,2760
000200000012000001100002120000221201121210,1,W,2761
000210000012000001100002120000221201121210,2,L,2762
000210000012000001100002120000221201121212,1,W,2763
000000000000000000000000000000000000000000,1,L,2764
000000000000000000000000000000000000000100,2,W,2765
000000000000000000000000000000000000002100,1,L,2766
000000000000000000000000000000010000002100,2,W,2767
000000000000000000000000200000010000002100,1,L,2768
000000000000000001000000200000010000002100,2,W,2769
000000000020000001000000200000010000002100,1,L,2770
000100000020000001000000200000010000002100,2,W,2771
000100000020000001000000200000010000002102,1,L,2772
000100000020000001000000200000011000002102,2,W,2773
000100000020000001000000220000011000002102,1,L,2774
000100000020000001100000220000011000002102,2,W,2775
000100000022000001100000220000011000002102,1,L,2776
000100000022000001100000220000011001002102,2,W,2777
000120000022000001100000220000011001002102,1,L,2778
000120000022000001100000220000011001102102,2,W,2779
000120000022000001100000220000011001122102,1,L,2780
000120000022000001100000220001011001122102,2,W,2781
000120000022000001100000220001211001122102,1,L,2782
000120000022000001100001220001211001122102,2,W,2783
000120000022000021100001220001211001122102,1,L,2784
000120000122000021100001220001211001122102,2,W,2785
000000000000000000000000000000000000000000,1,W,2786
000000000000000000000000000000000001000000,2,L,2787
000000000000000000000000000000000001002000,1,W,2788
000000000000000000000000000000000001012000,2,L,2789
000000000000000000000000000000020001012000,1,W,2790
000000000000000000000000100000020001012000,2,L,2791
000000000000000002000000100000020001012000,1,W,2792
000000000000000002000000100000020001012001,2,L,2793
000000000000000002000000100020020001012001,1,W,2794
000000000010000002000000100020020001012001,2,L,2795
000200000010000002000000100020020001012001,1,W,2796
000200000010000002000100100020020001012001,2,L,2797
000200000010000002000100100020020021012001,1,W,2798
000200000010000002000100100020020021012101,2,L,2799
000200000010000002000100100020020021012121,1,W,2800
000200000010000002000100100020021021012121,2,L,2801
000200000010000002000100100220021021012121,1,W,2802
000200000010000002000100110220021021012121,2,L,2803
000200000010000002002100110220021021012121,1,W,2804
000000000000000000000000000000000000000000,1,W,2805
000000000000000000000000000000000000001000,2,L,2806
000000000000000000000000000000020000001000,1,W,2807
000000000000000000000000100000020000001000,2,L,2808
000000000000000002000000100000020000001000,1,W,2809
000000000010000002000000100000020000001000,2,L,2810
000200000010000002000000100000020000001000,1,W,2811
000200000010000002000000100000020000001100,2,L,2812
000200000010000002000000100000020000001120,1,W,2813
000200000010000002000000100000021000001120,2,L,2814
000200000010000002000000100000021000001122,1,W,2815
000200000010000002000000110000021000001122,2,L,2816
000200000010000002000000110000021020001122,1,W,2817
000200000010000002000000110000021021001122,2,L,2818
000200000010000002000000110200021021001122,1,W,2819
000000000000000000000000000000000000000000,1,W,2820
000000000000000000000000000000000000001000,2,L,2821
000000000000000000000000000000020000001000,1,W,2822
000000000000000000000000100000020000001000,2,L,2823
000000000000000000000000100000020000001200,1,W,2824
000000000000000000000000100000020000001201,2,L,2825
000000000000000000000000100000020000201201,1,W,2826
000000000000000001000000100000020000201201,2,L,2827
000000000020000001000000100000020000201201,1,W,2828
000100000020000001000000100000020000201201,2,L,2829
000100000020000001000000100000022000201201,1,W,2830
000100000020000001000000100000022000201211,2,L,2831
000100000020000001000000100000022200201211,1,W,2832
000100000020000001000000100000022210201211,2,L,2833
000100000020000001000000100002022210201211,1,W,2834
000100000020000001000000100102022210201211,2,L,2835
000100000020000001000000120102022210201211,1,W,2836
000000000000000000000000000000000000000000,1,L,2837
000000000000000000000000000000000000001000,2,W,2838
000000000000000000000000000000000000021000,1,L,2839
000000000000000000000000000000010000021000,2,W,2840
000000000000000000000000200000010000021000,1,L,2841
000000000000000000000000200000010001021000,2,W,2842
000000000000000002000000200000010001021000,1,L,2843
000000000000000002000000200000010001021001,2,W,2844
000000000020000002000000200000010001021001,1,L,2845
000000000020000002000000200000010001021011,2,W,2846
000000000000000000000000000000000000000000,1,L,2847
000000000000000000000000000000000000010000,2,W,2848
000000000000000000000000000000000000010002,1,L,2849
000000000000000000000000000000000000011002,2,W,2850
000000000000000000000000000000020000011002,1,L,2851
000000000000000000000000100000020000011002,2,W,2852
000000000000000002000000100000020000011002,1,L,2853
000000000010000002000000100000020000011002,2,W,2854
000200000010000002000000100000020000011002,1,L,2855
000200000010000002000000100000120000011002,2,W,2856
000200000010000002000000100000120000011202,1,L,2857
000200000010000002000000100000121000011202,2,W,2858
000200000010000002000000100000121000011222,1,L,2859
000200000010000002000000110000121000011222,2,W,2860
000200000010000002200000110000121000011222,1,L,2861
000200000011000002200000110000121000011222,2,W,2862
000200000011000002200000110000121200011222,1,L,2863
000210000011000002200000110000121200011222,2,W,2864
000210000011000002200000112000121200011222,1,L,2865
000210000011000002200001112000121200011222,2,W,2866
000000000000000000000000000000000000000000,1,W,2867
000000000000000000000000000000000000001000,2,L,2868
000000000000000000000000000000000000001002,1,W,2869
000000000000000000000000000000010000001002,2,L,2870
000000000000000000000000200000010000001002,1,W,2871
000000000000000000000000200000010000011002,2,L,2872
000000000000000002000000200000010000011002,1,W,2873
000000000010000002000000200000010000011002,2,L,2874
000200000010000002000000200000010000011002,1,W,2875
000200000010000002000000200000110000011002,2,L,2876
000200000010000002000000200000110000011202,1,W,2877
000200000010000002000000200000111000011202,2,L,2878
000200000010000002000000200000111000211202,1,W,2879
000200000010000002000000210000111000211202,2,L,2880
000200000010000002200000210000111000211202,1,W,2881
000200000011000002200000210000111000211202,2,L,2882
000220000011000002200000210000111000211202,1,W,2883
000220000011000002200001210000111000211202,2,L,2884
000220000011000002200001210000111000211222,1,W,2885
000000000000000000000000000000000000000000,1,L,2886
000000000000000000000000000000000000001000,2,W,2887
000000000000000000000000000000020000001000,1,L,2888
000000000000000000000000100000020000001000,2,W,2889
000000000000000002000000100000020000001000,1,L,2890
000000000010000002000000100000020000001000,2,W,2891
000200000010000002000000100000020000001000,1,L,2892
000200000010000002000000100000020000001100,2,W,2893
000200000010000002000000100000022000001100,1,L,2894
000200000010000002000000100000022000001110,2,W,2895
000200000010000002000000100000022200001110,1,L,2896
000200000010000002000000110000022200001110,2,W,2897
000200000010000002000000110000022200001112,1,L,2898
000200000010000002100000110000022200001112,2,W,2899
000000000000000000000000000000000000000000,1,L,2900
000000000000000000000000000000000000001000,2,W,2901
000000000000000000000000000000020000001000,1,L,2902
000000000000000000000000100000020000001000,2,W,2903
000000000000000000000000100000020002001000,1,L,2904
000000000000000001000000100000020002001000,2,W,2905
000000000020000001000000100000020002001000,1,L,2906
000100000020000001000000100000020002001000,2,W,2907
000100000020000001000000100000020002001200,1,L,2908
000100000020000001000000100000021002001200,2,W,2909
000100000020000001000000120000021002001200,1,L,2910
000100000020000001100000120000021002001200,2,W,2911
000100000022000001100000120000021002001200,1,L,2912
000110000022000001100000120000021002001200,2,W,2913
000110000022000001100000120000021002021200,1,L,2914
000110000022000001100000120000021002021210,2,W,2915
000110000022000001100000120000221002021210,1,L,2916
000110000022000001100000120000221102021210,2,W,2917
000110000022000001100000120000221102021212,1,L,2918
000110000022000001100000121000221102021212,2,W,2919
000000000000000000000000000000000000000000,1,W,2920
000000000000000000000000000000000000001000,2,L,2921
000000000000000000000000000000020000001000,1,W,2922
000000000000000000000000100000020000001000,2,L,2923
000000000000000000000000100000020000021000,1,W,2924
000000000000000000000000100000020000021100,2,L,2925
000000000000000000000000100000020000021120,1,W,2926
000000000000000000000000100000020100021120,2,L,2927
000000000000000000000000102000020100021120,1,W,2928
000000000000000000000000102000020100021121,2,L,2929
000000000000000000020000102000020100021121,1,W,2930
000000000000000001020000102000020100021121,2,L,2931
000000000000200001020000102000020100021121,1,W,2932
000001000000200001020000102000020100021121,2,L,2933
000001000000200001020000102000020102021121,1,W,2934
000001000000200001020000102000020112021121,2,L,2935
000001000020200001020000102000020112021121,1,W,2936
000001000020200001020000102100020112021121,2,L,2937
000201000020200001020000102100020112021121,1,W,2938
000201000020200001020000102100021112021121,2,L,2939
000201000020200001020000122100021112021121,1,W,2940
000201000020200001020000122100021112121121,2,L,2941
000201000020200001220000122100021112121121,1,W,2942
000000000000000000000000000000000000000000,1,L,2943
000000000000000000000000000000000000001000,2,W,2944
000000000000000000000000000000020000001000,1,L,2945
000000000000000000000000100000020000001000,2,W,2946
000000000000000002000000100000020000001000,1,L,2947
000000000010000002000000100000020000001000,2,W,2948
000200000010000002000000100000020000001000,1,L,2949
000200000010000002000000100000020000001100,2,W,2950
000200000010000002000000100000022000001100,1,L,2951
000200000010000002000000110000022000001100,2,W,2952
000200000010000002200000110000022000001100,1,L,2953
000200000010000002200000110000022000001101,2,W,2954
000200000010000002200000110000022000201101,1,L,2955
000200000011000002200000110000022000201101,2,W,2956
000220000011000002200000110000022000201101,1,L,2957
000220000011000002200000110000022001201101,2,W,2958
000220000011000002200000110000022001201121,1,L,2959
000220000011000002200000110000022001211121,2,W,2960
000220000011000002200000110020022001211121,1,L,2961
000220000011000002200100110020022001211121,2,W,2962
000220000011000002200100110020022201211121,1,L,2963
000220000011000002200100110020122201211121,2,W,2964
000220000011000002200100112020122201211121,1,L,2965
000220000011000002200101112020122201211121,2,W,2966
000000000000000000000000000000000000000000,1,L,2967
000000000000000000000000000000000000001000,2,W,2968
000000000000000000000000000000000000001020,1,L,2969
000000000000000000000000000000010000001020,2,W,2970
000000000000000000000000200000010000001020,1,L,2971
000000000000000001000000200000010000001020,2,W,2972
000000000020000001000000200000010000001020,1,L,2973
000100000020000001000000200000010000001020,2,W,2974
000100000020000001000000200000010000001220,1,L,2975
000100000020000001000000200000010100001220,2,W,2976
000100000020000001000000200000010100201220,1,L,2977
000100000020000001000000200000010101201220,2,W,2978
000100000020000001000000200000012101201220,1,L,2979
000100000020000001000000200000012101201221,2,W,2980
000100000020000001000000220000012101201221,1,L,2981
000100000020000001000000220000012111201221,2,W,2982
000000000000000000000000000000000000000000,1,L,2983
000000000000000000000000000000000000000010,2,W,2984
000000000000000000000000000000000000002010,1,L,2985
000000000000000000000000000000010000002010,2,W,2986
000000000000000000000000200000010000002010,1,L,2987
000000000000000000000000200000010001002010,2,W,2988
000000000000000002000000200000010001002010,1,L,2989
000000000010000002000000200000010001002010,2,W,2990
000000000010000002000000200000010001002012,1,L,2991
000100000010000002000000200000010001002012,2,W,2992
000100000010000002000000200000010001002212,1,L,2993
000100000010000002000000200000010011002212,2,W,2994
000100000010000002000000200000012011002212,1,L,2995
000100000010000002000000200100012011002212,2,W,2996
000100000010000002000000220100012011002212,1,L,2997
000100000010000002001000220100012011002212,2,W,2998
000100000010020002001000220100012011002212,1,L,2999
000100100010020002001000220100012011002212,2,W,3000
000000000000000000000000000000000000000000,1,L,3001
000000000000000000000000000000000000001000,2,W,3002
000000000000000000000000000000020000001000,1,L,3003
000000000000000000000000100000020000001000,2,W,3004
000000000000000002000000100000020000001000,1,L,3005
000000000010000002000000100000020000001000,2,W,3006
000200000010000002000000100000020000001000,1,L,3007
000200000010000002000000100000020000001100,2,W,3008
000200000010000002000000100000022000001100,1,L,3009
000200000010000002000000110000022000001100,2,W,3010
000200000010000002200000110000022000001100,1,L,3011
000200000011000002200000110000022000001100,2,W,3012
000200000011000002200000110000022000001102,1,L,3013
000210000011000002200000110000022000001102,2,W,3014
000210000011000002200000110000022000021102,1,L,3015
000210000011000002200000110000122000021102,2,W,3016
000210000011000002200002110000122000021102,1,L,3017
000210000011000002200002110000122001021102,2,W,3018
000210000011000022200002110000122001021102,1,L,3019
000210000111000022200002110000122001021102,2,W,3020
002210000111000022200002110000122001021102,1,L,3021
002210000111000022200002110000122001021112,2,W,3022
002210000111000022200002110000122201021112,1,L,3023
002210000111000022200002111000122201021112,2,W,3024
000000000000000000000000000000000000000000,1,W,3025
000000000000000000000000000000000000001000,2,L,3026
000000000000000000000000000000020000001000,1,W,3027
000000000000000000000000100000020000001000,2,L,3028
000000000000000002000000100000020000001000,1,W,3029
000000000010000002000000100000020000001000,2,L,3030
000200000010000002000000100000020000001000,1,W,3031
000200000010000002000000100000020001001000,2,L,3032
000200000010000002000000100000020001001200,1,W,3033
000200000010000002000000100000021001001200,2,L,3034
000200000010000002000000120000021001001200,1,W,3035
000200000010000002000000120000021001001201,2,L,3036
000200000010000002000000120000021001201201,1,W,3037
000200000010000002100000120000021001201201,2,L,3038
000200000010000002100000120020021001201201,1,W,3039
000200000011000002100000120020021001201201,2,L,3040
000220000011000002100000120020021001201201,1,W,3041
000220000011000002100100120020021001201201,2,L,3042
000220000011000002100100120020021021201201,1,W,3043
000220000011000002100100120020021021211201,2,L,3044
000220000011000002100100120020221021211201,1,W,3045
000220000011000002100101120020221021211201,2,L,3046
000220000011000002100101120220221021211201,1,W,3047
000220000011000002100101120220221021211211,2,L,3048
000220000011000002100101120220221221211211,1,W,3049
000000000000000000000000000000000000000000,1,W,3050
000000000000000000000000000000000000000010,2,L,3051
000000000000000000000000000000000000002010,1,W,3052
000000000000000000000000000000010000002010,2,L,3053
000000000000000000000000200000010000002010,1,W,3054
000000000000000000000000200000010000012010,2,L,3055
000000000000000002000000200000010000012010,1,W,3056
000000000010000002000000200000010000012010,2,L,3057
000200000010000002000000200000010000012010,1,W,3058
000200000010000002000000200000010100012010,2,L,3059
000200000010000002000000200000010100012210,1,W,3060
000200000010000002000000200000011100012210,2,L,3061
000200000010000002000000202000011100012210,1,W,3062
000200000010000002000000212000011100012210,2,L,3063
000200000010000002020000212000011100012210,1,W,3064
000200000010000002120000212000011100012210,2,L,3065
000200000010200002120000212000011100012210,1,W,3066
000000000000000000000000000000000000000000,1,W,3067
000000000000000000000000000000000000001000,2,L,3068
000000000000000000000000000000020000001000,1,W,3069
000000000000000000000000000000020000001100,2,L,3070
000000000000000000000000200000020000001100,1,W,3071
000000000000000001000000200000020000001100,2,L,3072
000000000020000001000000200000020000001100,1,W,3073
000100000020000001000000200000020000001100,2,L,3074
000100000020000001000000200000022000001100,1,W,3075
000100000020000001000000210000022000001100,2,L,3076
000100000020000001000000210000022002001100,1,W,3077
000100000020000001000000210000022002101100,2,L,3078
000100000020000001200000210000022002101100,1,W,3079
000100000020000001200000210000022002101101,2,L,3080
000100000022000001200000210000022002101101,1,W,3081
000110000022000001200000210000022002101101,2,L,3082
000110000022000001200000210002022002101101,1,W,3083
000110000022000001200010210002022002101101,2,L,3084
000110000022000001200010210002022002101121,1,W,3085
000110000022000101200010210002022002101121,2,L,3086
000110000022000101200010210002022002121121,1,W,3087
000110001022000101200010210002022002121121,2,L,3088
000110001022000101200010210002222002121121,1,W,3089
000110001022000101200010210002222102121121,2,L,3090
000110001022000101200012210002222102121121,1,W,3091
000000000000000000000000000000000000000000,1,L,3092
000000000000000000000000000000000000001000,2,W,3093
000000000000000000000000000000020000001000,1,L,3094
000000000000000000000000100000020000001000,2,W,3095
000000000000000002000000100000020000001000,1,L,3096
000000000000000002000000100000020000101000,2,W,3097
000000000020000002000000100000020000101000,1,L,3098
000000000020000002000000100000020000111000,2,W,3099
000000000020000002000000100000020000111200,1,L,3100
000000000020000002000000100000021000111200,2,W,3101
000000000020000002000000120000021000111200,1,L,3102
000000000020000002100000120000021000111200,2,W,3103
000000000020000002100000120000221000111200,1,L,3104
000000000021000002100000120000221000111200,2,W,3105
000000000021000002100000120000221002111200,1,L,3106
000100000021000002100000120000221002111200,2,W,3107
000120000021000002100000120000221002111200,1,L,3108
000120000021000002100001120000221002111200,2,W,3109
000120000021000022100001120000221002111200,1,L,3110
000120000121000022100001120000221002111200,2,W,3111
002120000121000022100001120000221002111200,1,L,3112
002120000121000022100001120000221002111210,2,W,3113
002120000121000022100001120000221202111210,1,L,3114
002120000121000022100001121000221202111210,2,W,3115
000000000000000000000000000000000000000000,1,W,3116
000000000000000000000000000000000000000100,2,L,3117
000000000000000000000000000000000000002100,1,W,3118
000000000000000000000000000000010000002100,2,L,3119
000000000000000000000000200000010000002100,1,W,3120
000000000000000001000000200000010000002100,2,L,3121
000000000020000001000000200000010000002100,1,W,3122
000000000020000001000000200000010000012100,2,L,3123
000000000020000001000000200000010000012120,1,W,3124
000000000020000001000000200000010001012120,2,L,3125
000000000020000001000000200000010201012120,1,W,3126
000000000020000001000000201000010201012120,2,L,3127
000000000020000001000000201020010201012120,1,W,3128
000000000020000001000000201020110201012120,2,L,3129
000000000020000001020000201020110201012120,1,W,3130
000000000020100001020000201020110201012120,2,L,3131
000002000020100001020000201020110201012120,1,W,3132
000102000020100001020000201020110201012120,2,L,3133
000102000020100001020000201020112201012120,1,W,3134
000102000020100001020000211020112201012120,2,L,3135
000102000020100001020000211020112201212120,1,W,3136
000102000020100001120000211020112201212120,2,L,3137
000102000022100001120000211020112201212120,1,W,3138
000102000022100001120001211020112201212120,2,L,3139
000122000022100001120001211020112201212120,1,W,3140
000000000000000000000000000000000000000000,1,W,3141
000000000000000000000000000000000000001000,2,L,3142
000000000000000000000000000000020000001000,1,W,3143
000000000000000000000000100000020000001000,2,L,3144
000000000000000002000000100000020000001000,1,W,3145
000000000010000002000000100000020000001000,2,L,3146
000200000010000002000000100000020000001000,1,W,3147
000200000010000002000000100000020000001100,2,L,3148
000200000010000002000000100000022000001100,1,W,3149
000200000010000002000000110000022000001100,2,L,3150
000200000010000002000000110000022000001120,1,W,3151
000200000010000002000000110000022001001120,2,L,3152
000200000010000002000000110000022001001122,1,W,3153
000200000010000002100000110000022001001122,2,L,3154
000200000010000002100000110020022001001122,1,W,3155
000200000011000002100000110020022001001122,2,L,3156
000200000011000002100000110020022021001122,1,W,3157
000000000000000000000000000000000000000000,1,W,3158
000000000000000000000000000000000000001000,2,L,3159
000000000000000000000000000000000000001200,1,W,3160
000000000000000000000000000000010000001200,2,L,3161
000000000000000000000000200000010000001200,1,W,3162
000000000000000001000000200000010000001200,2,L,3163
000000000000000001000000200000010000021200,1,W,3164
000000000000000001000000200000110000021200,2,L,3165
000000000000000001000000200000110000021220,1,W,3166
000000000000000001000000200000110100021220,2,L,3167
000000000000000001000000202000110100021220,1,W,3168
000000000000000001010000202000110100021220,2,L,3169
000000000000200001010000202000110100021220,1,W,3170
000001000000200001010000202000110100021220,2,L,3171
000001000020200001010000202000110100021220,1,W,3172
000001000020200001010000202000110101021220,2,L,3173
000201000020200001010000202000110101021220,1,W,3174
000201000020200001010000202000111101021220,2,L,3175
000201000020200001010000222000111101021220,1,W,3176
000201000020200001110000222000111101021220,2,L,3177
000201000022200001110000222000111101021220,1,W,3178
000201000022200001110000222010111101021220,2,L,3179
000221000022200001110000222010111101021220,1,W,3180
000221000022200001110001222010111101021220,2,L,3181
000221000022200021110001222010111101021220,1,W,3182
000221000122200021110001222010111101021220,2,L,3183
002221000122200021110001222010111101021220,1,W,3184
002221000122200021110001222010111101021221,2,L,3185
002221000122200021110001222010111101221221,1,W,3186
000000000000000000000000000000000000000000,1,L,3187
000000000000000000000000000000000000001000,2,W,3188
000000000000000000000000000000000000021000,1,L,3189
000000000000000000000000000000010000021000,2,W,3190
000000000000000000000000200000010000021000,1,L,3191
000000000000000001000000200000010000021000,2,W,3192
000000000000000001000000200000010002021000,1,L,3193
000000000000000001000000200000010002021010,2,W,3194
000000000020000001000000200000010002021010,1,L,3195
000100000020000001000000200000010002021010,2,W,3196
000100000020000001000000200000010002021210,1,L,3197
000100000020000001000000200000010002121210,2,W,3198
000100000020000001000000200000012002121210,1,L,3199
000100000020000001000000210000012002121210,2,W,3200
000100000020000001200000210000012002121210,1,L,3201
000100000021000001200000210000012002121210,2,W,3202
000120000021000001200000210000012002121210,1,L,3203
000120000021000001200000210000112002121210,2,W,3204
000120000021000001200002210000112002121210,1,L,3205
000120000021000011200002210000112002121210,2,W,3206
000120000221000011200002210000112002121210,1,L,3207
001120000221000011200002210000112002121210,2,W,3208
001120000221000011200002210000112202121210,1,L,3209
001120000221000011200002210000112202121211,2,W,3210
001120000221000011200002212000112202121211,1,L,3211
001120000221000011210002212000112202121211,2,W,3212
001120000221200011210002212000112202121211,1,L,3213
001121000221200011210002212000112202121211,2,W,3214
000000000000000000000000000000000000000000,1,W,3215
000000000000000000000000000000000000001000,2,L,3216
000000000000000000000000000000020000001000,1,W,3217
000000000000000000000000100000020000001000,2,L,3218
000000000000000000000000100000020000001200,1,W,3219
000000000000000001000000100000020000001200,2,L,3220
000000000020000001000000100000020000001200,1,W,3221
000000000020000001000000100000020001001200,2,L,3222
000000000020000001000000100000020001001202,1,W,3223
000100000020000001000000100000020001001202,2,L,3224
000100000020000001000000100000022001001202,1,W,3225
000100000020000001000000100010022001001202,2,L,3226
000100000020000001000000120010022001001202,1,W,3227
000100000020000001100000120010022001001202,2,L,3228
000100000022000001100000120010022001001202,1,W,3229
000100000022000001100000120010022001011202,2,L,3230
000120000022000001100000120010022001011202,1,W,3231
000120000022000001100000120010122001011202,2,L,3232
000120000022000001100000120010122021011202,1,W,3233
000120000022000001100001120010122021011202,2,L,3234
000120000022000001100001120010122021211202,1,W,3235
000000000000000000000000000000000000000000,1,W,3236
000000000000000000000000000000000001000000,2,L,3237
000000000000000000000000000000000001002000,1,W,3238
000000000000000000000000000000010001002000,2,L,3239
000000000000000000000000200000010001002000,1,W,3240
000000000000000001000000200000010001002000,2,L,3241
000000000020000001000000200000010001002000,1,W,3242
000000000020000001000000200010010001002000,2,L,3243
000200000020000001000000200010010001002000,1,W,3244
000200000020000001000000200010010001002010,2,L,3245
000200000020000001000000200010010001002210,1,W,3246
000200000020000001000000200010011001002210,2,L,3247
000200000020000001000000200010011001202210,1,W,3248
000200000020000001000000210010011001202210,2,L,3249
000200000020000001000000210010011001202212,1,W,3250
000200000020000001100000210010011001202212,2,L,3251
000200000020000001100000210010011021202212,1,W,3252
000000000000000000000000000000000000000000,1,W,3253
000000000000000000000000000000000000001000,2,L,3254
000000000000000000000000000000000000001002,1,W,3255
000000000000000000000000000000000000011002,2,L,3256
000000000000000000000000000000020000011002,1,W,3257
000000000000000000000000100000020000011002,2,L,3258
000000000000000002000000100000020000011002,1,W,3259
000000000010000002000000100000020000011002,2,L,3260
000200000010000002000000100000020000011002,1,W,3261
000200000010000002000000100000020000011102,2,L,3262
000200000010000002000000100000020002011102,1,W,3263
000200000010000002000000100000021002011102,2,L,3264
000200000010000002000000100000021002211102,1,W,3265
000200000010000002000000100010021002211102,2,L,3266
000200000010000002000000120010021002211102,1,W,3267
000200000010000002100000120010021002211102,2,L,3268
000200000012000002100000120010021002211102,1,W,3269
000200000012000002100100120010021002211102,2,L,3270
000220000012000002100100120010021002211102,1,W,3271
000220000012000002100100120010121002211102,2,L,3272
000220000012000002100100120010121002211122,1,W,3273
000220000012000002100101120010121002211122,2,L,3274
000220000012000002100101120010121202211122,1,W,3275
000000000000000000000000000000000000000000,1,D,3276
000000000000000000000000000000000000000001,2,D,3277
000000000000000000000000000000000000002001,1,D,3278
000000000000000000000000000000010000002001,2,D,3279
000000000000000000000000200000010000002001,1,D,3280
000000000000000001000000200000010000002001,2,D,3281
000000000000000001000000200000010000002201,1,D,3282
000000000000000001000000200000010000102201,2,D,3283
000000000020000001000000200000010000102201,1,D,3284
000100000020000001000000200000010000102201,2,D,3285
000100000020000001000000200000012000102201,1,D,3286
000100000020000001000000210000012000102201,2,D,3287
000100000020000001200000210000012000102201,1,D,3288
000100000021000001200000210000012000102201,2,D,3289
000120000021000001200000210000012000102201,1,D,3290
000120000021000001200000210000012000112201,2,D,3291
000120000021000001200000210000012000112221,1,D,3292
000120000021000001200000210000112000112221,2,D,3293
000120000021000001200002210000112000112221,1,D,3294
000120000021000011200002210000112000112221,2,D,3295
000120000221000011200002210000112000112221,1,D,3296
001120000221000011200002210000112000112221,2,D,3297
001120000221000011200002210000112200112221,1,D,3298
001120000221000011200002211000112200112221,2,D,3299
001120000221000011220002211000112200112221,1,D,3300
001120000221100011220002211000112200112221,2,D,3301
001122000221100011220002211000112200112221,1,D,3302
001122000221100011220002211001112200112221,2,D,3303
001122000221100011220022211001112200112221,1,D,3304
001122000221100011220022211001112210112221,2,D,3305
001122000221100211220022211001112210112221,1,D,3306
001122001221100211220022211001112210112221,2,D,3307
021122001221100211220022211001112210112221,1,D,3308
021122001221100211220022211101112210112221,2,D,3309
021122001221100211222022211101112210112221,1,D,3310
021122001221110211222022211101112210112221,2,D,3311
021122201221110211222022211101112210112221,1,D,3312
021122201221110211222022211101112211112221,2,D,3313
021122201221110211222022211121112211112221,1,D,3314
021122201221110211222122211121112211112221,2,D,3315
021122201221112211222122211121112211112221,1,D,3316
021122211221112211222122211121112211112221,2,D,3317
000000000000000000000000000000000000000000,1,W,3318
000000000000000000000000000000000000001000,2,L,3319
000000000000000000000000000000000000201000,1,W,3320
000000000000000000000000000000000000201010,2,L,3321
000000000000000000000000000000020000201010,1,W,3322
000000000000000000000000100000020000201010,2,L,3323
000000000000000000000000100000020200201010,1,W,3324
000000000000000000000000100000020200201011,2,L,3325
000000000000000002000000100000020200201011,1,W,3326
000000000010000002000000100000020200201011,2,L,3327
000200000010000002000000100000020200201011,1,W,3328
000200000010000002000000100000020200201111,2,L,3329
000200000010000002000000100002020200201111,1,W,3330
000200000010000002000000100002021200201111,2,L,3331
000200000010000002000000100002021220201111,1,W,3332
000200000010000002000000110002021220201111,2,L,3333
000200000010000002200000110002021220201111,1,W,3334
000200000011000002200000110002021220201111,2,L,3335
000200000011000002200000110202021220201111,1,W,3336
000210000011000002200000110202021220201111,2,L,3337
000210000011000002200000112202021220201111,1,W,3338
000000000000000000000000000000000000000000,1,W,3339
000000000000000000000000000000000000001000,2,L,3340
000000000000000000000000000000020000001000,1,W,3341
000000000000000000000000100000020000001000,2,L,3342
000000000000000002000000100000020000001000,1,W,3343
000000000010000002000000100000020000001000,2,L,3344
000000000010000002000000100000020000201000,1,W,3345
000100000010000002000000100000020000201000,2,L,3346
000100000010000002000000100000020000201200,1,W,3347
000100000010000002000000100000021000201200,2,L,3348
000100000010000002000000100002021000201200,1,W,3349
000100000010000002000000110002021000201200,2,L,3350
000100000010000002200000110002021000201200,1,W,3351
000100000011000002200000110002021000201200,2,L,3352
000120000011000002200000110002021000201200,1,W,3353
000120000011000002200000110002021000211200,2,L,3354
000120000011000002200000110002221000211200,1,W,3355
000120000011000002200001110002221000211200,2,L,3356
000120000011000022200001110002221000211200,1,W,3357
000120000011000022200001110002221000211201,2,L,3358
000120000211000022200001110002221000211201,1,W,3359
001120000211000022200001110002221000211201,2,L,3360
001120000211000022200001110002221000211221,1,W,3361
001120000211000022200001110002221100211221,2,L,3362
001120000211000022200001112002221100211221,1,W,3363
001120000211000022210001112002221100211221,2,L,3364
001120000211000022210001112002221102211221,1,W,3365
000000000000000000000000000000000000000000,1,L,3366
000000000000000000000000000000000000001000,2,W,3367
000000000000000000000000000000020000001000,1,L,3368
000000000000000000000000100000020000001000,2,W,3369
000000000000000002000000100000020000001000,1,L,3370
000000000000000002000000100000020000101000,2,W,3371
000000000000000002000000100000020000101020,1,L,3372
000000000000000002000000100000020000101021,2,W,3373
000000000020000002000000100000020000101021,1,L,3374
000100000020000002000000100000020000101021,2,W,3375
000100000020000002000000100000020000101221,1,L,3376
000100000020000002000000100000020010101221,2,W,3377
000100000020000002000000100000022010101221,1,L,3378
000100000020000002000000110000022010101221,2,W,3379
000100000020000002200000110000022010101221,1,L,3380
000100000020000002200000110000022110101221,2,W,3381
000100000022000002200000110000022110101221,1,L,3382
000100000022000002200000110100022110101221,2,W,3383
000120000022000002200000110100022110101221,1,L,3384
000120000022000002200000110101022110101221,2,W,3385
000120000022000002200000112101022110101221,1,L,3386
000120000022000002200000112101022110111221,2,W,3387
000120000022000002200000112101222110111221,1,L,3388
000120000022000002210000112101222110111221,2,W,3389
000120000022000002210002112101222110111221,1,L,3390
000120000022100002210002112101222110111221,2,W,3391
000000000000000000000000000000000000000000,1,L,3392
000000000000000000000000000000000000001000,2,W,3393
000000000000000000000000000000020000001000,1,L,3394
000000000000000000000000100000020000001000,2,W,3395
000000000000000000000000100000020000001200,1,L,3396
000000000000000001000000100000020000001200,2,W,3397
000000000020000001000000100000020000001200,1,L,3398
000100000020000001000000100000020000001200,2,W,3399
000100000020000001000000100000022000001200,1,L,3400
000100000020000001000000110000022000001200,2,W,3401
000100000020000001200000110000022000001200,1,L,3402
000100000021000001200000110000022000001200,2,W,3403
000120000021000001200000110000022000001200,1,L,3404
000120000021000001200000110000022000011200,2,W,3405
000120000021000001200000110000222000011200,1,L,3406
000120000021000001200000110000222000111200,2,W,3407
000120000021000001200002110000222000111200,1,L,3408
000120000021000011200002110000222000111200,2,W,3409
000120000221000011200002110000222000111200,1,L,3410
001120000221000011200002110000222000111200,2,W,3411
001120000221000011200002110000222000111220,1,L,3412
001120000221000011200002110000222100111220,2,W,3413
001120000221000011200002112000222100111220,1,L,3414
001120000221000011210002112000222100111220,2,W,3415
001120000221200011210002112000222100111220,1,L,3416
001121000221200011210002112000222100111220,2,W,3417
000000000000000000000000000000000000000000,1,L,3418
000000000000000000000000000000000000001000,2,W,3419
000000000000000000000000000000020000001000,1,L,3420
000000000000000000000000000000020000001001,2,W,3421
000000000000000000000000000000020000201001,1,L,3422
000000000000000000000000100000020000201001,2,W,3423
000000000000000002000000100000020000201001,1,L,3424
000000000000000002000000100000020000201101,2,W,3425
000000000020000002000000100000020000201101,1,L,3426
000100000020000002000000100000020000201101,2,W,3427
000100000020000002000000100000022000201101,1,L,3428
000100000020000002000000100000022001201101,2,W,3429
000100000020000002000000120000022001201101,1,L,3430
000100000020000002100000120000022001201101,2,W,3431
000100000020000002100000120000022021201101,1,L,3432
000100000021000002100000120000022021201101,2,W,3433
000100000021000002100000120000022021221101,1,L,3434
000110000021000002100000120000022021221101,2,W,3435
000110000021000002100000120000222021221101,1,L,3436
000110000021000002100000120000222021221111,2,W,3437
000110000021000002100002120000222021221111,1,L,3438
000110000021000002100002120000222121221111,2,W,3439
000110000021000002100002120020222121221111,1,L,3440
000110000021000002100002121020222121221111,2,W,3441
000000000000000000000000000000000000000000,1,L,3442
000000000000000000000000000000000000001000,2,W,3443
000000000000000000000000000000020000001000,1,L,3444
000000000000000000000000100000020000001000,2,W,3445
000000000000000002000000100000020000001000,1,L,3446
000000000010000002000000100000020000001000,2,W,3447
000200000010000002000000100000020000001000,1,L,3448
000200000010000002000000100000020000001100,2,W,3449
000200000010000002000000100000022000001100,1,L,3450
000200000010000002000000110000022000001100,2,W,3451
000200000010000002200000110000022000001100,1,L,3452
000200000011000002200000110000022000001100,2,W,3453
000220000011000002200000110000022000001100,1,L,3454
000220000011000002200000110000022000101100,2,W,3455
000220000011000002200000110000022000121100,1,L,3456
000220000011000002200000110001022000121100,2,W,3457
000220000011000002200000110001022000121120,1,L,3458
000220000011000002200000110001022001121120,2,W,3459
000220000011000002200000110001022201121120,1,L,3460
000220000011000002200000110001122201121120,2,W,3461
000220000011000002200000112001122201121120,1,L,3462
000220000011000002200001112001122201121120,2,W,3463
000000000000000000000000000000000000000000,1,L,3464
000000000000000000000000000000000000001000,2,W,3465
000000000000000000000000000000000002001000,1,L,3466
000000000000000000000000000000010002001000,2,W,3467
000000000000000000000000200000010002001000,1,L,3468
000000000000000001000000200000010002001000,2,W,3469
000000000020000001000000200000010002001000,1,L,3470
000100000020000001000000200000010002001000,2,W,3471
000100000020000001000000200000010002001200,1,L,3472
000100000020000001000000200000010002001201,2,W,3473
000100000020000001000000200000012002001201,1,L,3474
000100000020000001000000200000012002101201,2,W,3475
000100000020000001000000220000012002101201,1,L,3476
000100000020000001100000220000012002101201,2,W,3477
000100000020000001100000220000012002121201,1,L,3478
000100000021000001100000220000012002121201,2,W,3479
000120000021000001100000220000012002121201,1,L,3480
000120000021000001100000220000112002121201,2,W,3481
000120000021000001100002220000112002121201,1,L,3482
000120000021000011100002220000112002121201,2,W,3483
000120000221000011100002220000112002121201,1,L,3484
001120000221000011100002220000112002121201,2,W,3485
001120000221000011100002220000112002121221,1,L,3486
001120000221000011100002220000112102121221,2,W,3487
000000000000000000000000000000000000000000,1,W,3488
000000000000000000000000000000000000001000,2,L,3489
000000000000000000000000000000000002001000,1,W,3490
000000000000000000000000000000010002001000,2,L,3491
000000000000000000000000200000010002001000,1,W,3492
000000000000000001000000200000010002001000,2,L,3493
000000000020000001000000200000010002001000,1,W,3494
000100000020000001000000200000010002001000,2,L,3495
000100000020000001000000200020010002001000,1,W,3496
000100000020000001000000200020010002001100,2,L,3497
000100000020000001000000200020010002021100,1,W,3498
000100000020000001000000200020011002021100,2,L,3499
000100000020000001000000200020011002021120,1,W,3500
000100000020000001000000200020011102021120,2,L,3501
000100000020000001000000220020011102021120,1,W,3502
000100000020000001000000221020011102021120,2,L,3503
000100000020000001200000221020011102021120,1,W,3504
000100000020000001200100221020011102021120,2,L,3505
000100000022000001200100221020011102021120,1,W,3506
000100000022000001210100221020011102021120,2,L,3507
000100000022002001210100221020011102021120,1,W,3508
000000000000000000000000000000000000000000,1,W,3509
000000000000000000000000000000000001000000,2,L,3510
000000000000000000000000000000000001002000,1,W,3511
000000000000000000000000000000010001002000,2,L,3512
000000000000000000000000200000010001002000,1,W,3513
000000000000000000000000200000010001002010,2,L,3514
000000000000000000000000200000010001002012,1,W,3515
000000000000000000000000200000010101002012,2,L,3516
000000000000000000000000200000010101022012,1,W,3517
000000000000000001000000200000010101022012,2,L,3518
000000000020000001000000200000010101022012,1,W,3519
000000000020000001000000201000010101022012,2,L,3520
000200000020000001000000201000010101022012,1,W,3521
000200000020000001000000201000010101022112,2,L,3522
000200000020000001020000201000010101022112,1,W,3523
000200000020000001020000201000011101022112,2,L,3524
000200000020200001020000201000011101022112,1,W,3525
000200000020200001020000211000011101022112,2,L,3526
000202000020200001020000211000011101022112,1,W,3527
000000000000000000000000000000000000000000,1,L,3528
000000000000000000000000000000000000001000,2,W,3529
000000000000000000000000000000020000001000,1,L,3530
000000000000000000000000100000020000001000,2,W,3531
000000000000000002000000100000020000001000,1,L,3532
000000000010000002000000100000020000001000,2,W,3533
000200000010000002000000100000020000001000,1,L,3534
000200000010000002000000100000020000001100,2,W,3535
000200000010000002000000100000022000001100,1,L,3536
000200000010000002000000110000022000001100,2,W,3537
000200000010000002000000110000022002001100,1,L,3538
000200000010000002100000110000022002001100,2,W,3539
000200000012000002100000110000022002001100,1,L,3540
000210000012000002100000110000022002001100,2,W,3541
000210000012000002100000110020022002001100,1,L,3542
000210000012000002100000110020022002011100,2,W,3543
000210000012000002100000110020222002011100,1,L,3544
000210000012000002100001110020222002011100,2,W,3545
000210000012000022100001110020222002011100,1,L,3546
000210000112000022100001110020222002011100,2,W,3547
000210000112000022100001110020222002011120,1,L,3548
001210000112000022100001110020222002011120,2,W,3549
000000000000000000000000000000000000000000,1,W,3550
000000000000000000000000000000000000001000,2,L,3551
000000000000000000000000000000020000001000,1,W,3552
000000000000000000000000000000020000011000,2,L,3553
000000000000000000000000000000220000011000,1,W,3554
000000000000000000000000100000220000011000,2,L,3555
000000000000000000000000100000220000011020,1,W,3556
000000000000000000000000100000220000011120,2,L,3557
000000000000000000000000100000220200011120,1,W,3558
000000000000000000000000101000220200011120,2,L,3559
000000000000000000000000101000220200011122,1,W,3560
000000000000000000010000101000220200011122,2,L,3561
000000000000200000010000101000220200011122,1,W,3562
000001000000200000010000101000220200011122,2,L,3563
000001000000200002010000101000220200011122,1,W,3564
000001000000200002010000101000220210011122,2,L,3565
000001000020200002010000101000220210011122,1,W,3566
000001000020200002010000101100220210011122,2,L,3567
000201000020200002010000101100220210011122,1,W,3568
000201000020200002010000101100221210011122,2,L,3569
000201000020200002010000121100221210011122,1,W,3570
000201000020200002010001121100221210011122,2,L,3571
000201000020200002210001121100221210011122,1,W,3572
000201000020200012210001121100221210011122,2,L,3573
000201000022200012210001121100221210011122,1,W,3574
000000000000000000000000000000000000000000,1,W,3575
000000000000000000000000000000000000001000,2,L,3576
000000000000000000000000000000000000001002,1,W,3577
000000000000000000000000000000010000001002,2,L,3578
000000000000000000000000200000010000001002,1,W,3579
000000000000000001000000200000010000001002,2,L,3580
000000000020000001000000200000010000001002,1,W,3581
000000000020000001000000200000010000001102,2,L,3582
000200000020000001000000200000010000001102,1,W,3583
000200000020000001000000200000011000001102,2,L,3584
000200000020000001000000220000011000001102,1,W,3585
000200000020000001100000220000011000001102,2,L,3586
000200000020000001100000220000011000021102,1,W,3587
000200000020000001100000220000011001021102,2,L,3588
000200000020000001100000220000011001021122,1,W,3589
000200000021000001100000220000011001021122,2,L,3590
000200000021000001100000220000011201021122,1,W,3591
000210000021000001100000220000011201021122,2,L,3592
000210000021000001100000220000211201021122,1,W,3593
000210000021000001100001220000211201021122,2,L,3594
000210000021000021100001220000211201021122,1,W,3595
000210000021000021100001220000211201121122,2,L,3596
000210000221000021100001220000211201121122,1,W,3597
000210000221000021100001221000211201121122,2,L,3598
002210000221000021100001221000211201121122,1,W,3599
002210000221000021110001221000211201121122,2,L,3600
002210000221000021110001221002211201121122,1,W,3601
002210000221000021110001221002211211121122,2,L,3602
002210000221200021110001221002211211121122,1,W,3603
002210000221200021110001221102211211121122,2,L,3604
002210000221200021110001221122211211121122,1,W,3605
000000000000000000000000000000000000000000,1,L,3606
000000000000000000000000000000000000001000,2,W,3607
000000000000000000000000000000020000001000,1,L,3608
000000000000000000000000000000020000011000,2,W,3609
000000000000000000000000000000020002011000,1,L,3610
000000000000000000000000100000020002011000,2,W,3611
000000000000000002000000100000020002011000,1,L,3612
000000000010000002000000100000020002011000,2,W,3613
000200000010000002000000100000020002011000,1,L,3614
000200000010000002000000100000020002111000,2,W,3615
000200000010000002000000100000020002111200,1,L,3616
000200000010000002000000100010020002111200,2,W,3617
000200000010000002000000100010022002111200,1,L,3618
000200000010000002000000110010022002111200,2,W,3619
000200000010000002200000110010022002111200,1,L,3620
000200000011000002200000110010022002111200,2,W,3621
000200000011000002200000110010222002111200,1,L,3622
000210000011000002200000110010222002111200,2,W,3623
000000000000000000000000000000000000000000,1,L,3624
000000000000000000000000000000000000001000,2,W,3625
000000000000000000000000000000000000021000,1,L,3626
000000000000000000000000000000010000021000,2,W,3627
000000000000000000000000200000010000021000,1,L,3628
000000000000000001000000200000010000021000,2,W,3629
000000000020000001000000200000010000021000,1,L,3630
000100000020000001000000200000010000021000,2,W,3631
000100000020000001000000200000010000021200,1,L,3632
000100000020000001000000200000010000021210,2,W,3633
000100000020000001000000200000012000021210,1,L,3634
000100000020000001000000200000012100021210,2,W,3635
000100000020000001000000220000012100021210,1,L,3636
000100000020000001000000221000012100021210,2,W,3637
000100000020000001000000221000012100221210,1,L,3638
000100000020000001000000221000012100221211,2,W,3639
000000000000000000000000000000000000000000,1,L,3640
000000000000000000000000000000000000001000,2,W,3641
000000000000000000000000000000020000001000,1,L,3642
000000000000000000000000100000020000001000,2,W,3643
000000000000000000000000100000020000001020,1,L,3644
000000000000000001000000100000020000001020,2,W,3645
000000000020000001000000100000020000001020,1,L,3646
000100000020000001000000100000020000001020,2,W,3647
000100000020000001000000100000020000201020,1,L,3648
000100000020000001000000100000020000201120,2,W,3649
000100000020000001000000100000022000201120,1,L,3650
000100000020000001000000100000022000201121,2,W,3651
000100000020000001000000120000022000201121,1,L,3652
000100000020000001000000120001022000201121,2,W,3653
000100000020000001200000120001022000201121,1,L,3654
000100000020000001200000120001022010201121,2,W,3655
000100000020000001200000120001022210201121,1,L,3656
000100000020000001200000120101022210201121,2,W,3657
000000000000000000000000000000000000000000,1,W,3658
000000000000000000000000000000000000001000,2,L,3659
000000000000000000000000000000020000001000,1,W,3660
000000000000000000000000100000020000001000,2,L,3661
000000000000000000000000100000020000001200,1,W,3662
000000000000000001000000100000020000001200,2,L,3663
000000000020000001000000100000020000001200,1,W,3664
000100000020000001000000100000020000001200,2,L,3665
000100000020000001000000100000022000001200,1,W,3666
000100000020000001000000110000022000001200,2,L,3667
000100000020000001200000110000022000001200,1,W,3668
000100000020000001200000110000022000011200,2,L,3669
000100000022000001200000110000022000011200,1,W,3670
000100000022000001200000110000022000011210,2,L,3671
000100000022000001200000110000222000011210,1,W,3672
000100000022000001200000110000222100011210,2,L,3673
000100000022000001200000110000222102011210,1,W,3674
000100000022000001200000111000222102011210,2,L,3675
000100000022000001220000111000222102011210,1,W,3676
000100000022100001220000111000222102011210,2,L,3677
000100000022100001220000111000222102211210,1,W,3678
000000000000000000000000000000000000000000,1,W,3679
000000000000000000000000000000000000001000,2,L,3680
000000000000000000000000000000020000001000,1,W,3681
000000000000000000000000100000020000001000,2,L,3682
000000000000000002000000100000020000001000,1,W,3683
000000000010000002000000100000020000001000,2,L,3684
000000000010000002000000100000020000001002,1,W,3685
000100000010000002000000100000020000001002,2,L,3686
000100000010000002000000100000020000001202,1,W,3687
000100000010000002000000100000020000011202,2,L,3688
000100000010000002000000100000022000011202,1,W,3689
000100000010000002000000110000022000011202,2,L,3690
000100000010000002200000110000022000011202,1,W,3691
000100000010000002200000110000022000011212,2,L,3692
000100000010000002200000110000022002011212,1,W,3693
000100000010000002200000110000022102011212,2,L,3694
000100000010000002200000110000022122011212,1,W,3695
000100000010000002200000111000022122011212,2,L,3696
000100000010000002200000111200022122011212,1,W,3697
000000000000000000000000000000000000000000,1,L,3698
000000000000000000000000000000000000001000,2,W,3699
000000000000000000000000000000020000001000,1,L,3700
000000000000000000000000100000020000001000,2,W,3701
000000000000000002000000100000020000001000,1,L,3702
000000000010000002000000100000020000001000,2,W,3703
000200000010000002000000100000020000001000,1,L,3704
000200000010000002000000100000020000001100,2,W,3705
000200000010000002000000100000022000001100,1,L,3706
000200000010000002000000100000022000001110,2,W,3707
000200000010000002000000100000022000001112,1,L,3708
000200000010000002000000110000022000001112,2,W,3709
000200000010000002000000110000022020001112,1,L,3710
000200000010000002100000110000022020001112,2,W,3711
000200000010000002100000110200022020001112,1,L,3712
000200000011000002100000110200022020001112,2,W,3713
000000000000000000000000000000000000000000,1,W,3714
000000000000000000000000000000000000001000,2,L,3715
000000000000000000000000000000020000001000,1,W,3716
000000000000000000000000100000020000001000,2,L,3717
000000000000000002000000100000020000001000,1,W,3718
000000000010000002000000100000020000001000,2,L,3719
000200000010000002000000100000020000001000,1,W,3720
000200000010000002000000100000020000001100,2,L,3721
000200000010000002000000100000022000001100,1,W,3722
000200000010000002000000110000022000001100,2,L,3723
000200000010000002200000110000022000001100,1,W,3724
000200000011000002200000110000022000001100,2,L,3725
000220000011000002200000110000022000001100,1,W,3726
000220000011000002200000110000022001001100,2,L,3727
000220000011000002200000110000022001021100,1,W,3728
000220000011000002200000110000122001021100,2,L,3729
000220000011000002200000110000122001021120,1,W,3730
000220000011000002200001110000122001021120,2,L,3731
000220000011000002200001110000122201021120,1,W,3732
000220000011000012200001110000122201021120,2,L,3733
000220000011000012200001112000122201021120,1,W,3734
000000000000000000000000000000000000000000,1,W,3735
000000000000000000000000000000000000001000,2,L,3736
000000000000000000000000000000000000001002,1,W,3737
000000000000000000000000000000010000001002,2,L,3738
000000000000000000000000000000010020001002,1,W,3739
000000000000000000000000100000010020001002,2,L,3740
000000000000000002000000100000010020001002,1,W,3741
000000000010000002000000100000010020001002,2,L,3742
000200000010000002000000100000010020001002,1,W,3743
000200000010000002000000100100010020001002,2,L,3744
000200000010000002000000100100010020001202,1,W,3745
000200000010000002001000100100010020001202,2,L,3746
000200000010000002001000100100012020001202,1,W,3747
000200000010000002001000110100012020001202,2,L,3748
000200000010000002201000110100012020001202,1,W,3749
000200000011000002201000110100012020001202,2,L,3750
000220000011000002201000110100012020001202,1,W,3751
000220000011000002201000110100012020011202,2,L,3752
000220000011000002201000110100212020011202,1,W,3753
000220000011000002201001110100212020011202,2,L,3754
000220000011000002201001110100212022011202,1,W,3755
000220000011000002201001110100212022011212,2,L,3756
000220000011000002201001110100212222011212,1,W,3757
000220000011000012201001110100212222011212,2,L,3758
000220000011000012201001112100212222011212,1,W,3759
000000000000000000000000000000000000000000,1,W,3760
000000000000000000000000000000000000010000,2,L,3761
000000000000000000000000000000000000210000,1,W,3762
000000000000000000000000000000000000211000,2,L,3763
000000000000000000000000000000000000211200,1,W,3764
000000000000000000000000000000001000211200,2,L,3765
000000000000000000000000000000001000211220,1,W,3766
000000000000000000000000010000001000211220,2,L,3767
000000000000000000200000010000001000211220,1,W,3768
000000000000000000200000010000011000211220,2,L,3769
000000000002000000200000010000011000211220,1,W,3770
000010000002000000200000010000011000211220,2,L,3771
000010000002000000200000010000011002211220,1,W,3772
000010000002000000200000110000011002211220,2,L,3773
000010000002000000200000110020011002211220,1,W,3774
000000000000000000000000000000000000000000,1,L,3775
000000000000000000000000000000000000001000,2,W,3776
000000000000000000000000000000020000001000,1,L,3777
000000000000000000000000000000020001001000,2,W,3778
000000000000000000000000000000020001001200,1,L,3779
000000000000000000000000100000020001001200,2,W,3780
000000000000000000000000100020020001001200,1,L,3781
000000000000000001000000100020020001001200,2,W,3782
000000000020000001000000100020020001001200,1,L,3783
000100000020000001000000100020020001001200,2,W,3784
000100000020000001000000100020022001001200,1,L,3785
000100000020000001000000100020022001011200,2,W,3786
000100000020000001000000100020222001011200,1,L,3787
000100000020000001000000100020222001011210,2,W,3788
000100000020000001000200100020222001011210,1,L,3789
000100000020000001000200100020222001111210,2,W,3790
000100000020000001000202100020222001111210,1,L,3791
000100000020000001000202110020222001111210,2,W,3792
000100000020000001200202110020222001111210,1,L,3793
000100000021000001200202110020222001111210,2,W,3794
000120000021000001200202110020222001111210,1,L,3795
000120000021000011200202110020222001111210,2,W,3796
000120000221000011200202110020222001111210,1,L,3797
001120000221000011200202110020222001111210,2,W,3798
000000000000000000000000000000000000000000,1,L,3799
000000000000000000000000000000000000100000,2,W,3800
000000000000000000000000000000000000102000,1,L,3801
000000000000000000000000000000010000102000,2,W,3802
000000000000000000000000200000010000102000,1,L,3803
000000000000000001000000200000010000102000,2,W,3804
000000000020000001000000200000010000102000,1,L,3805
000100000020000001000000200000010000102000,2,W,3806
000100000020000001000000200000010000102200,1,L,3807
000100000020000001000000200000011000102200,2,W,3808
000100000020000001000000220000011000102200,1,L,3809
000100000020000001000000220000011000102210,2,W,3810
000100000020000001200000220000011000102210,1,L,3811
000100000020000001200000220000011000102211,2,W,3812
000100000022000001200000220000011000102211,1,L,3813
000100000022000001200000220000011010102211,2,W,3814
000000000000000000000000000000000000000000,1,W,3815
000000000000000000000000000000000000100000,2,L,3816
000000000000000000000000000002000000100000,1,W,3817
000000000000000000000000000002000000101000,2,L,3818
000000000000000000000000000002020000101000,1,W,3819
000000000000000000000000000002020000111000,2,L,3820
000000000000000000000000000002020000111200,1,W,3821
000000000000000000000000000002021000111200,2,L,3822
000000000000000000000000020002021000111200,1,W,3823
000000000000000000100000020002021000111200,2,L,3824
000000000000000000100000020002021000111202,1,W,3825
000000000001000000100000020002021000111202,2,L,3826
000020000001000000100000020002021000111202,1,W,3827
000020000001000000100000120002021000111202,2,L,3828
000020000001000000100000120002021000111222,1,W,3829
000020000001000001100000120002021000111222,2,L,3830
000020000001000001100000120002021200111222,1,W,3831
000020000011000001100000120002021200111222,2,L,3832
000020000011000001100000122002021200111222,1,W,3833
000000000000000000000000000000000000000000,1,W,3834
000000000000000000000000000000000000001000,2,L,3835
000000000000000000000000000000020000001000,1,W,3836
000000000000000000000000100000020000001000,2,L,3837
000000000000000002000000100000020000001000,1,W,3838
000000000010000002000000100000020000001000,2,L,3839
000200000010000002000000100000020000001000,1,W,3840
000200000010000002000000100000020000001100,2,L,3841
000200000010000002000000100000022000001100,1,W,3842
000200000010000002000000100000022000101100,2,L,3843
000200000010000002000000120000022000101100,1,W,3844
000200000010000002000000120000022000111100,2,L,3845
000200000010000002200000120000022000111100,1,W,3846
000200000011000002200000120000022000111100,2,L,3847
000220000011000002200000120000022000111100,1,W,3848
000220000011000002200000120001022000111100,2,L,3849
000220000011000002200000120001022000111120,1,W,3850
000220000011000002200000120001022100111120,2,L,3851
000220000011000002200000122001022100111120,1,W,3852
000220000011000002200000122001122100111120,2,L,3853
000220000011000002200000122001122102111120,1,W,3854
000220000011000002200001122001122102111120,2,L,3855
000220000011000002220001122001122102111120,1,W,3856
000000000000000000000000000000000000000000,1,W,3857
000000000000000000000000000000000000001000,2,L,3858
000000000000000000000000000000020000001000,1,W,3859
000000000000000000000000100000020000001000,2,L,3860
000000000000000002000000100000020000001000,1,W,3861
000000000010000002000000100000020000001000,2,L,3862
000200000010000002000000100000020000001000,1,W,3863
000200000010000002000000100000020000101000,2,L,3864
000200000010000002000000100000020000101200,1,W,3865
000200000010000002000000100000021000101200,2,L,3866
000200000010000002000000120000021000101200,1,W,3867
000200000010000002100000120000021000101200,2,L,3868
000200000012000002100000120000021000101200,1,W,3869
000210000012000002100000120000021000101200,2,L,3870
000210000012000002100000120000021000121200,1,W,3871
000210000012000002100000120000121000121200,2,L,3872
000210000012000002100002120000121000121200,1,W,3873
000210000012000002100002120000121000121210,2,L,3874
000210000012000002100002120000121200121210,1,W,3875
000000000000000000000000000000000000000000,1,W,3876
000000000000000000000000000000000000001000,2,L,3877
000000000000000000000000000000020000001000,1,W,3878
000000000000000000000000000000020000001010,2,L,3879
000000000000000000000000200000020000001010,1,W,3880
000000000000000001000000200000020000001010,2,L,3881
000000000020000001000000200000020000001010,1,W,3882
000000000020000001000000200000020000101010,2,L,3883
000200000020000001000000200000020000101010,1,W,3884
000200000020000001000000200000020001101010,2,L,3885
000200000020000001000000200000020001101210,1,W,3886
000200000020000001000000200010020001101210,2,L,3887
000200000020000001000000200010020001101212,1,W,3888
000200000020000001000000200010021001101212,2,L,3889
000200000020000001000000200010021021101212,1,W,3890
000200000020000001000000210010021021101212,2,L,3891
000200000020000001000200210010021021101212,1,W,3892
000200000020000001100200210010021021101212,2,L,3893
000200000020000001100200210210021021101212,1,W,3894
000000000000000000000000000000000000000000,1,W,3895
000000000000000000000000000000000000001000,2,L,3896
000000000000000000000000000000000000201000,1,W,3897
000000000000000000000000000000010000201000,2,L,3898
000000000000000000000000000000010000201002,1,W,3899
000000000000000000000000100000010000201002,2,L,3900
000000000000000002000000100000010000201002,1,W,3901
000000000010000002000000100000010000201002,2,L,3902
000200000010000002000000100000010000201002,1,W,3903
000200000010000002000000100000010000201102,2,L,3904
000200000010000002000000100002010000201102,1,W,3905
000200000010000002000000100002011000201102,2,L,3906
000200000010000002000000120002011000201102,1,W,3907
000200000010000002000010120002011000201102,2,L,3908
000200000010000002200010120002011000201102,1,W,3909
000200000011000002200010120002011000201102,2,L,3910
000220000011000002200010120002011000201102,1,W,3911
000220000011000002200010120002011000201112,2,L,3912
000220000011000002200010120002011020201112,1,W,3913
000220000011000002200010120002011021201112,2,L,3914
000220000011000002200010120202011021201112,1,W,3915
000220000011000002201010120202011021201112,2,L,3916
000220000011020002201010120202011021201112,1,W,3917
000000000000000000000000000000000000000000,1,L,3918
000000000000000000000000000000000000001000,2,W,3919
000000000000000000000000000000000000001200,1,L,3920
000000000000000000000000000000010000001200,2,W,3921
000000000000000000000000200000010000001200,1,L,3922
000000000000000001000000200000010000001200,2,W,3923
000000000020000001000000200000010000001200,1,L,3924
000100000020000001000000200000010000001200,2,W,3925
000100000020000001000000200000012000001200,1,L,3926
000100000020000001000000200000012000001210,2,W,3927
000100000020000001000000220000012000001210,1,L,3928
000100000020000001000000220000012000001211,2,W,3929
000000000000000000000000000000000000000000,1,W,3930
000000000000000000000000000000000000001000,2,L,3931
000000000000000000000000000000000002001000,1,W,3932
000000000000000000000000000000010002001000,2,L,3933
000000000000000000000000200000010002001000,1,W,3934
000000000000000001000000200000010002001000,2,L,3935
000000000020000001000000200000010002001000,1,W,3936
000100000020000001000000200000010002001000,2,L,3937
000100000020000001000000200000010002001200,1,W,3938
000100000020000001000000200000011002001200,2,L,3939
000100000020000001000000220000011002001200,1,W,3940
000100000020000001100000220000011002001200,2,L,3941
000100000022000001100000220000011002001200,1,W,3942
000110000022000001100000220000011002001200,2,L,3943
000110000022000001100000220000011002021200,1,W,3944
000110000022000001100000220000011002021210,2,L,3945
000110000022000001100000220000211002021210,1,W,3946
000110000022000001100000220000211102021210,2,L,3947
000110000022000001100002220000211102021210,1,W,3948
000110000022000001100002221000211102021210,2,L,3949
000110000022000001100002221020211102021210,1,W,3950
000000000000000000000000000000000000000000,1,L,3951
000000000000000000000000000000000000001000,2,W,3952
000000000000000000000000000000000000001002,1,L,3953
000000000000000000000000000000010000001002,2,W,3954
000000000000000000000000200000010000001002,1,L,3955
000000000000000001000000200000010000001002,2,W,3956
000000000000000001000000200000010000001022,1,L,3957
000000000000000001000000200000010000011022,2,W,3958
000000000020000001000000200000010000011022,1,L,3959
000000000020000001000000200000010010011022,2,W,3960
000200000020000001000000200000010010011022,1,L,3961
000200000020000001000000200000010010011122,2,W,3962
000200000020000001000000200000010210011122,1,L,3963
000200000020000001000000200000011210011122,2,W,3964
000200000020000001000000202000011210011122,1,L,3965
000200000020000001000000212000011210011122,2,W,3966
000000000000000000000000000000000000000000,1,W,3967
000000000000000000000000000000000000001000,2,L,3968
000000000000000000000000000000020000001000,1,W,3969
000000000000000000000000100000020000001000,2,L,3970
000000000000000002000000100000020000001000,1,W,3971
000000000010000002000000100000020000001000,2,L,3972
000200000010000002000000100000020000001000,1,W,3973
000200000010000002000000100000020000001001,2,L,3974
000200000010000002000000100000020000001201,1,W,3975
000200000010000002000000100000021000001201,2,L,3976
000200000010000002000000100000021000201201,1,W,3977
000200000010000002000000110000021000201201,2,L,3978
000200000010000002200000110000021000201201,1,W,3979
000200000011000002200000110000021000201201,2,L,3980
000220000011000002200000110000021000201201,1,W,3981
000220000011000002200000110000021000211201,2,L,3982
000220000011000002200000110000021000211221,1,W,3983
000220000011000002200000110000121000211221,2,L,3984
000220000011000002200000110000121200211221,1,W,3985
000220000011000002200001110000121200211221,2,L,3986
000220000011000002200001112000121200211221,1,W,3987
000000000000000000000000000000000000000000,1,W,3988
000000000000000000000000000000000000001000,2,L,3989
000000000000000000000000000000020000001000,1,W,3990
000000000000000000000000100000020000001000,2,L,3991
000000000000000002000000100000020000001000,1,W,3992
000000000010000002000000100000020000001000,2,L,3993
000200000010000002000000100000020000001000,1,W,3994
000200000010000002000000100000020000001100,2,L,3995
000200000010000002000000100000022000001100,1,W,3996
000200000010000002000000110000022000001100,2,L,3997
000200000010000002200000110000022000001100,1,W,3998
000200000011000002200000110000022000001100,2,L,3999
000220000011000002200000110000022000001100,1,W,4000
000220000011000002200000110000022000001110,2,L,4001
000220000011000002200000110000022000001112,1,W,4002
000000000000000000000000000000000000000000,1,L,4003
000000000000000000000000000000000000001000,2,W,4004
000000000000000000000000000000020000001000,1,L,4005
000000000000000000000000000000020000011000,2,W,4006
000000000000000000000000200000020000011000,1,L,4007
000000000000000001000000200000020000011000,2,W,4008
000000000020000001000000200000020000011000,1,L,4009
000100000020000001000000200000020000011000,2,W,4010
000100000020000001000000200000020000011200,1,L,4011
000100000020000001000000200000020000011210,2,W,4012
000100000020000001000000200000022000011210,1,L,4013
000100000020000001000000200000022100011210,2,W,4014
000100000020000001000000220000022100011210,1,L,4015
000100000020000001000000221000022100011210,2,W,4016
000000000000000000000000000000000000000000,1,W,4017
000000000000000000000000000000000000001000,2,L,4018
000000000000000000000000000000020000001000,1,W,4019
000000000000000000000000100000020000001000,2,L,4020
000000000000000002000000100000020000001000,1,W,4021
000000000010000002000000100000020000001000,2,L,4022
000200000010000002000000100000020000001000,1,W,4023
000200000010000002000000100000020001001000,2,L,4024
000200000010000002000000100000020001001200,1,W,4025
000200000010000002000000100000021001001200,2,L,4026
000200000010000002000000100020021001001200,1,W,4027
000200000010000002000000110020021001001200,2,L,4028
000200000010000002200000110020021001001200,1,W,4029
000200000011000002200000110020021001001200,2,L,4030
000220000011000002200000110020021001001200,1,W,4031
000220000011000002200000110020021001001201,2,L,4032
000220000011000002200000110020021001021201,1,W,4033
000220000011000002200000110020121001021201,2,L,4034
000220000011000002200002110020121001021201,1,W,4035
000220000011000002200102110020121001021201,2,L,4036
000220000011000002200102110020121021021201,1,W,4037
000220000011000012200102110020121021021201,2,L,4038
000220000011000012200102110020121021021221,1,W,4039
000220000111000012200102110020121021021221,2,L,4040
000220000111000012200102110020121221021221,1,W,4041
001220000111000012200102110020121221021221,2,L,4042
001220000111000012200102112020121221021221,1,W,4043
001220000111000012200102112120121221021221,2,L,4044
001220000111002012200102112120121221021221,1,W,4045
001220000111002012200102112120121221121221,2,L,4046
001220000111002012202102112120121221121221,1,W,4047
001220000111002012212102112120121221121221,2,L,4048
001220000111022012212102112120121221121221,1,W,4049
000000000000000000000000000000000000000000,1,L,4050
000000000000000000000000000000000000001000,2,W,4051
000000000000000000000000000000020000001000,1,L,4052
000000000000000000000000100000020000001000,2,W,4053
000000000000000002000000100000020000001000,1,L,4054
000000000010000002000000100000020000001000,2,W,4055
000200000010000002000000100000020000001000,1,L,4056
000200000010000002000000100000020000001100,2,W,4057
000200000010000002000000100000022000001100,1,L,4058
000200000010000002000000100000022000001101,2,W,4059
000200000010000002000000120000022000001101,1,L,4060
000200000010000002100000120000022000001101,2,W,4061
000200000012000002100000120000022000001101,1,L,4062
000210000012000002100000120000022000001101,2,W,4063
000210000012000002100000120000022000021101,1,L,4064
000210000012000002100000120000122000021101,2,W,4065
000210000012000002100000120000122002021101,1,L,4066
000210000012000002100000120010122002021101,2,W,4067
000210000012000002100002120010122002021101,1,L,4068
000210000012000002100002120010122002021111,2,W,4069
000210000012000022100002120010122002021111,1,L,4070
000210000112000022100002120010122002021111,2,W,4071
000210000112000022100002120010122202021111,1,L,4072
001210000112000022100002120010122202021111,2,W,4073
001210000112000022100002122010122202021111,1,L,4074
001210000112000022110002122010122202021111,2,W,4075
001210000112200022110002122010122202021111,1,L,4076
001211000112200022110002122010122202021111,2,W,4077
001211000112200022110002122010122202221111,1,L,4078
001211000112200022110002122011122202221111,2,W,4079
000000000000000000000000000000000000000000,1,W,4080
000000000000000000000000000000000000000010,2,L,4081
000000000000000000000000000000000200000010,1,W,4082
000000000000000000000000000000000201000010,2,L,4083
000000000000000000000000000000000201000012,1,W,4084
000000000000000000000000000000000201000112,2,L,4085
000000000000000000000000000000000201002112,1,W,4086
000000000000000000000000001000000201002112,2,L,4087
000000000000000000000000001000000201022112,1,W,4088
000000000000000000000000001000001201022112,2,L,4089
000000000000000000020000001000001201022112,1,W,4090
000000000000100000020000001000001201022112,2,L,4091
000002000000100000020000001000001201022112,1,W,4092
000002000000100000020000001000011201022112,2,L,4093
000002000000100000020000201000011201022112,1,W,4094
000002000000100001020000201000011201022112,2,L,4095
000002000000100001020000201000011221022112,1,W,4096
000002000000100001020000201000111221022112,2,L,4097
000002000000100001020000201200111221022112,1,W,4098
000002000000100001020000201200111221122112,2,L,4099
000002000000100001020000201202111221122112,1,W,4100
000002000010100001020000201202111221122112,2,L,4101
000202000010100001020000201202111221122112,1,W,4102
000202000010100001020000211202111221122112,2,L,4103
000202000010100001220000211202111221122112,1,W,4104
000202000011100001220000211202111221122112,2,L,4105
000202000011100001220000211222111221122112,1,W,4106
000212000011100001220000211222111221122112,2,L,4107
000212000011100001220020211222111221122112,1,W,4108
000212000011100001220021211222111221122112,2,L,4109
000212000011100021220021211222111221122112,1,W,4110
000000000000000000000000000000000000000000,1,L,4111
000000000000000000000000000000000000001000,2,W,4112
000000000000000000000000000000020000001000,1,L,4113
000000000000000000000000000000020001001000,2,W,4114
000000000000000000000000200000020001001000,1,L,4115
000000000000000001000000200000020001001000,2,W,4116
000000000020000001000000200000020001001000,1,L,4117
000100000020000001000000200000020001001000,2,W,4118
000100000020000001000000200000020001001200,1,L,4119
000100000020000001000000200000021001001200,2,W,4120
000100000020000001000000200000021001201200,1,L,4121
000100000020000001000000210000021001201200,2,W,4122
000100000020000001200000210000021001201200,1,L,4123
000100000021000001200000210000021001201200,2,W,4124
000120000021000001200000210000021001201200,1,L,4125
000120000021000001200000210000021001211200,2,W,4126
000120000021000001200000210000221001211200,1,L,4127
000120000021000001200001210000221001211200,2,W,4128
000120000021000001200001210000221001211220,1,L,4129
000120000021000001200001210000221101211220,2,W,4130
000120000021000001200001210020221101211220,1,L,4131
000120000021000001200001211020221101211220,2,W,4132
000120000021000021200001211020221101211220,1,L,4133
000120000021000021210001211020221101211220,2,W,4134
000120000221000021210001211020221101211220,1,L,4135
001120000221000021210001211020221101211220,2,W,4136
000000000000000000000000000000000000000000,1,W,4137
000000000000000000000000000000000000000010,2,L,4138
000000000000000000000000000000000000002010,1,W,4139
000000000000000000000000000000010000002010,2,L,4140
000000000000000000000000200000010000002010,1,W,4141
000000000000000001000000200000010000002010,2,L,4142
000000000000000001000000200000010000202010,1,W,4143
000000000010000001000000200000010000202010,2,L,4144
000000000010000001000000200000010002202010,1,W,4145
000100000010000001000000200000010002202010,2,L,4146
000100000010000001000000200000010002202210,1,W,4147
000100000010000001000000200000010002202211,2,L,4148
000100000010000001000000200000012002202211,1,W,4149
000100000010000001000000200000012012202211,2,L,4150
000100000010000001000000220000012012202211,1,W,4151
000100000010000001000000220100012012202211,2,L,4152
000100000010000001000000220100012012222211,1,W,4153
000100000010000001100000220100012012222211,2,L,4154
000100000012000001100000220100012012222211,1,W,4155
000100000012000001100000220110012012222211,2,L,4156
000120000012000001100000220110012012222211,1,W,4157
000120000012000001100000220110112012222211,2,L,4158
000120000012000001100002220110112012222211,1,W,4159
000120000012000011100002220110112012222211,2,L,4160
000120000212000011100002220110112012222211,1,W,4161
000120000212000011100002220110112112222211,2,L,4162
002120000212000011100002220110112112222211,1,W,4163
000000000000000000000000000000000000000000,1,W,4164
000000000000000000000000000000000000000001,2,L,4165
000000000000000000000000000000000000002001,1,W,4166
000000000000000000000000000000010000002001,2,L,4167
000000000000000000000000200000010000002001,1,W,4168
000000000000000000000000200000010001002001,2,L,4169
000000000000000002000000200000010001002001,1,W,4170
000000000000000002000000200000010011002001,2,L,4171
000000000000000002000000200000010011022001,1,W,4172
000000000010000002000000200000010011022001,2,L,4173
000200000010000002000000200000010011022001,1,W,4174
000200000010000002000000200100010011022001,2,L,4175
000200000010000002002000200100010011022001,1,W,4176
000200000010000002002000200100010011022101,2,L,4177
000200000010000002002000200100010011022121,1,W,4178
000200000010000002002000200100110011022121,2,L,4179
000200000010000002002000200120110011022121,1,W,4180
000200000010000002002000200120111011022121,2,L,4181
000200000010000002002000200120111211022121,1,W,4182
000200000010000002002000210120111211022121,2,L,4183
000200000010000002002000212120111211022121,1,W,4184
000000000000000000000000000000000000000000,1,W,4185
000000000000000000000000000000000000000100,2,L,4186
000000000000000000000000000000000000002100,1,W,4187
000000000000000000000000000000010000002100,2,L,4188
000000000000000000000000000000010000002102,1,W,4189
000000000000000000000000100000010000002102,2,L,4190
000000000000000002000000100000010000002102,1,W,4191
000000000010000002000000100000010000002102,2,L,4192
000200000010000002000000100000010000002102,1,W,4193
000200000010000002000000100000010000102102,2,L,4194
000200000010000002000000100000010020102102,1,W,4195
000200000010000002000000100000010020102112,2,L,4196
000200000010000002000000100000010022102112,1,W,4197
000200000010000002000000100000011022102112,2,L,4198
000200000010000002000000100020011022102112,1,W,4199
000200000010000002000000110020011022102112,2,L,4200
000200000010000002000000110220011022102112,1,W,4201
000000000000000000000000000000000000000000,1,L,4202
000000000000000000000000000000000000001000,2,W,4203
000000000000000000000000000000020000001000,1,L,4204
000000000000000000000000000000020001001000,2,W,4205
000000000000000000000000000000020001021000,1,L,4206
000000000000000000000000100000020001021000,2,W,4207
000000000000000002000000100000020001021000,1,L,4208
000000000010000002000000100000020001021000,2,W,4209
000200000010000002000000100000020001021000,1,L,4210
000200000010000002000000100000020001021100,2,W,4211
000200000010000002000000100000020001021120,1,L,4212
000200000010000002000000100000021001021120,2,W,4213
000200000010000002000000100000021201021120,1,L,4214
000200000010000002000000100000021201021121,2,W,4215
000200000010000002000000100000021201221121,1,L,4216
000200000010000002000000100000021211221121,2,W,4217
000200000010000002000000120000021211221121,1,L,4218
000200000010000002000000120100021211221121,2,W,4219
000200000010000002000000120120021211221121,1,L,4220
000200000010000002000000121120021211221121,2,W,4221
000200000010000002200000121120021211221121,1,L,4222
000200000010000002200000121120121211221121,2,W,4223
000200000012000002200000121120121211221121,1,L,4224
000200000012000002200001121120121211221121,2,W,4225
000000000000000000000000000000000000000000,1,L,4226
000000000000000000000000000000000000001000,2,W,4227
000000000000000000000000000000020000001000,1,L,4228
000000000000000000000000100000020000001000,2,W,4229
000000000000000002000000100000020000001000,1,L,4230
000000000000000002000000100000020000001010,2,W,4231
000000000020000002000000100000020000001010,1,L,4232
000100000020000002000000100000020000001010,2,W,4233
000100000020000002000000100000020000001210,1,L,4234
000100000020000002000000100000020000001211,2,W,4235
000100000020000002000000100000022000001211,1,L,4236
000100000020000002000000100000022010001211,2,W,4237
000100000020000002000000120000022010001211,1,L,4238
000100000020000002000000120000022010011211,2,W,4239
000100000020000002000000120000022012011211,1,L,4240
000100000020000002000000120000022112011211,2,W,4241
000000000000000000000000000000000000000000,1,L,4242
000000000000000000000000000000000000000100,2,W,4243
000000000000000000000000000000000000000120,1,L,4244
000000000000000000000000000000000000001120,2,W,4245
000000000000000000000000000000000000001122,1,L,4246
000000000000000000000000000000001000001122,2,W,4247
000000000000000000000000020000001000001122,1,L,4248
000000000000000000000000020000001010001122,2,W,4249
000000000000000000000000020200001010001122,1,L,4250
000000000000000000001000020200001010001122,2,W,4251
000000000000020000001000020200001010001122,1,L,4252
000000100000020000001000020200001010001122,2,W,4253
000000100000020000001000020200021010001122,1,L,4254
000000100000020000001000120200021010001122,2,W,4255
000000100000020000201000120200021010001122,1,L,4256
000000100000020001201000120200021010001122,2,W,4257
000000100000020001201000120200021010201122,1,L,4258
000000100000020001201000120200021110201122,2,W,4259
000000100020020001201000120200021110201122,1,L,4260
000100100020020001201000120200021110201122,2,W,4261
000100100020020001201000122200021110201122,1,L,4262
000100100020020001201000122200021110211122,2,W,4263
000100100020020001201000122200221110211122,1,L,4264
000100100020020001201000122200221111211122,2,W,4265
000100100020020001201000122220221111211122,1,L,4266
000100100021020001201000122220221111211122,2,W,4267
000100100021020001201002122220221111211122,1,L,4268
000110100021020001201002122220221111211122,2,W,4269
000110100021020021201002122220221111211122,1,L,4270
000110100021020021211002122220221111211122,2,W,4271
000000000000000000000000000000000000000000,1,L,4272
000000000000000000000000000000000000001000,2,W,4273
000000000000000000000000000000000000001020,1,L,4274
000000000000000000000000000000000000001021,2,W,4275
000000000000000000000000000000020000001021,1,L,4276
000000000000000000000000000000020000011021,2,W,4277
000000000000000000000000000000020020011021,1,L,4278
000000000000000000000000100000020020011021,2,W,4279
000000000000000000000000100000020220011021,1,L,4280
000000000000000001000000100000020220011021,2,W,4281
000000000020000001000000100000020220011021,1,L,4282
000000000020000001000000100000020220011121,2,W,4283
000000000020000001000000102000020220011121,1,L,4284
000000000020000001000000102100020220011121,2,W,4285
000000000000000000000000000000000000000000,1,L,4286
000000000000000000000000000000000000001000,2,W,4287
000000000000000000000000000000020000001000,1,L,4288
000000000000000000000000000000020000101000,2,W,4289
000000000000000000000000200000020000101000,1,L,4290
000000000000000001000000200000020000101000,2,W,4291
000000000020000001000000200000020000101000,1,L,4292
000100000020000001000000200000020000101000,2,W,4293
000100000020000001000000200000020000101200,1,L,4294
000100000020000001000000200000020000111200,2,W,4295
000100000020000001000000200000020000111202,1,L,4296
000100000020000001000000200000021000111202,2,W,4297
000100000020000001000000220000021000111202,1,L,4298
000100000020000001100000220000021000111202,2,W,4299
000100000022000001100000220000021000111202,1,L,4300
000100000022000001100000220000021000111212,2,W,4301
000120000022000001100000220000021000111212,1,L,4302
000120000022000001100000220001021000111212,2,W,4303
000120000022000001100000220001221000111212,1,L,4304
000120000022000001100000220001221100111212,2,W,4305
000120000022000001100000222001221100111212,1,L,4306
000120000022000001100010222001221100111212,2,W,4307
000120000022000001100010222001221120111212,1,L,4308
000120000022000001110010222001221120111212,2,W,4309
